
CREATE DATABASE  IF NOT EXISTS `farmacia1` /*!40100 DEFAULT CHARACTER SET utf8mb3 */ /*!80016 DEFAULT ENCRYPTION='N' */;
USE `farmacia1`;
-- MySQL dump 10.13  Distrib 8.0.38, for Win64 (x86_64)
--
-- Host: localhost    Database: farmacia
-- ------------------------------------------------------
-- Server version	8.0.39

/*!40101 SET @OLD_CHARACTER_SET_CLIENT=@@CHARACTER_SET_CLIENT */;
/*!40101 SET @OLD_CHARACTER_SET_RESULTS=@@CHARACTER_SET_RESULTS */;
/*!40101 SET @OLD_COLLATION_CONNECTION=@@COLLATION_CONNECTION */;
/*!50503 SET NAMES utf8 */;
/*!40103 SET @OLD_TIME_ZONE=@@TIME_ZONE */;
/*!40103 SET TIME_ZONE='+00:00' */;
/*!40014 SET @OLD_UNIQUE_CHECKS=@@UNIQUE_CHECKS, UNIQUE_CHECKS=0 */;
/*!40014 SET @OLD_FOREIGN_KEY_CHECKS=@@FOREIGN_KEY_CHECKS, FOREIGN_KEY_CHECKS=0 */;
/*!40101 SET @OLD_SQL_MODE=@@SQL_MODE, SQL_MODE='NO_AUTO_VALUE_ON_ZERO' */;
/*!40111 SET @OLD_SQL_NOTES=@@SQL_NOTES, SQL_NOTES=0 */;

--
-- Table structure for table `clientes`
--

DROP TABLE IF EXISTS `clientes`;
/*!40101 SET @saved_cs_client     = @@character_set_client */;
/*!50503 SET character_set_client = utf8mb4 */;
CREATE TABLE `clientes` (
  `id` int NOT NULL AUTO_INCREMENT,
  `nome` varchar(100) NOT NULL,
  `telefone` varchar(18) NOT NULL,
  `cpf` varchar(45) NOT NULL,
  `data_nascimento` date NOT NULL,
  `data_criacao` datetime NOT NULL DEFAULT CURRENT_TIMESTAMP,
  `endereco_id` int DEFAULT NULL,
  PRIMARY KEY (`id`),
  KEY `fk_cliente_endereco_idx` (`endereco_id`),
  CONSTRAINT `fk_cliente_endereco` FOREIGN KEY (`endereco_id`) REFERENCES `enderecos` (`id`)
) ENGINE=InnoDB AUTO_INCREMENT=1501 DEFAULT CHARSET=utf8mb3;
/*!40101 SET character_set_client = @saved_cs_client */;

--
-- Dumping data for table `clientes`
--

LOCK TABLES `clientes` WRITE;
/*!40000 ALTER TABLE `clientes` DISABLE KEYS */;
INSERT INTO `clientes` VALUES (1,'Benji Bumford','(962) 8202687','748526476828','1962-05-30','2024-09-17 17:26:35',991),(2,'Charline Redier','(797) 8754105','893463184607','2000-04-09','2024-09-17 17:26:35',12),(3,'Tammy Corran','(820) 3085100','185249049991','2012-10-25','2024-09-17 17:26:35',788),(4,'Jamie Oxlee','(419) 8380279','367754992605','2014-02-19','2024-09-17 17:26:35',958),(5,'Rani Plenderleith','(960) 4623867','619968089672','1996-10-15','2024-09-17 17:26:35',267),(6,'Karalynn Clapshaw','(983) 9153483','773847258290','1964-12-07','2024-09-17 17:26:35',653),(7,'Rachel Boxell','(315) 5311068','756161544401','1992-04-07','2024-09-17 17:26:35',128),(8,'Kelcy Scutching','(156) 1216432','667447910778','1990-05-04','2024-09-17 17:26:35',766),(9,'Perceval Voase','(535) 8290481','337788108742','1954-05-11','2024-09-17 17:26:35',597),(10,'Luther Zorzetti','(345) 3342727','237035662426','2002-11-12','2024-09-17 17:26:35',918),(11,'Peta Mulroy','(694) 1637524','317921833430','1992-09-25','2024-09-17 17:26:35',645),(12,'Harriett Mardlin','(449) 3118373','725029352614','1973-08-29','2024-09-17 17:26:35',707),(13,'Ewen Raithmill','(345) 9871607','687037543908','1988-05-27','2024-09-17 17:26:35',658),(14,'Burch Poytheras','(798) 6828614','766232684609','2009-09-23','2024-09-17 17:26:35',678),(15,'Cam Crowley','(987) 1864841','592819433211','1965-08-14','2024-09-17 17:26:35',690),(16,'Roxanne Cope','(844) 6318307','117646809294','1988-01-31','2024-09-17 17:26:35',259),(17,'Mead Astbury','(214) 3413672','637266453746','2013-12-19','2024-09-17 17:26:35',962),(18,'Hughie Lapree','(125) 5332668','322426407064','1980-09-04','2024-09-17 17:26:35',532),(19,'Wyatan Becken','(666) 8796295','645830255780','1952-01-08','2024-09-17 17:26:35',682),(20,'Julieta Bagster','(138) 1394405','151150127432','1990-04-15','2024-09-17 17:26:35',723),(21,'Karoline Corley','(336) 2647585','399472535086','1977-08-11','2024-09-17 17:26:35',867),(22,'Halli McKie','(381) 7323318','899878388295','1964-09-07','2024-09-17 17:26:35',585),(23,'Evelina Marlowe','(372) 7014020','206811150486','2012-09-12','2024-09-17 17:26:35',843),(24,'Luise Rigney','(490) 1730601','213146997969','1979-12-14','2024-09-17 17:26:35',508),(25,'Case O\'Clery','(166) 8510274','276268303948','1951-05-22','2024-09-17 17:26:35',533),(26,'Marmaduke Mathan','(773) 1708424','525974688706','1972-01-30','2024-09-17 17:26:35',167),(27,'Roselle Sagrott','(739) 6039191','443928284271','1960-09-03','2024-09-17 17:26:35',420),(28,'Dewie Kochl','(243) 8876247','596017058003','2008-08-29','2024-09-17 17:26:35',850),(29,'Lyndel Martensen','(783) 8055210','892322213423','1986-09-17','2024-09-17 17:26:35',264),(30,'Burr Tree','(821) 1130782','351768753100','2005-10-06','2024-09-17 17:26:35',145),(31,'Dennison Emney','(796) 8244596','640231911661','1972-11-24','2024-09-17 17:26:35',334),(32,'Jock Andreas','(191) 4125281','642067175090','2003-01-01','2024-09-17 17:26:35',827),(33,'Herschel Castelot','(275) 8275809','705727166200','1985-05-12','2024-09-17 17:26:35',88),(34,'Abra Vosper','(623) 7699005','755650499557','1965-07-17','2024-09-17 17:26:35',798),(35,'Ronnie Arger','(158) 4989300','696623606294','2008-03-22','2024-09-17 17:26:35',411),(36,'Porty Yarnton','(756) 5230145','859916746279','2011-05-26','2024-09-17 17:26:35',156),(37,'Marika Daice','(442) 6838282','601776466661','1969-10-04','2024-09-17 17:26:35',127),(38,'Manon Coultass','(717) 2375734','695658240073','1988-05-12','2024-09-17 17:26:35',463),(39,'Cart Zanicchi','(780) 6960770','836739529262','1991-01-04','2024-09-17 17:26:35',464),(40,'Dyan Richemond','(960) 3733161','674406663737','1986-10-30','2024-09-17 17:26:35',197),(41,'Adoree Jubb','(357) 8847265','354350948547','1988-11-18','2024-09-17 17:26:35',936),(42,'Janet Oliveto','(727) 8327989','350165850139','2007-05-25','2024-09-17 17:26:35',931),(43,'Virgina Benyan','(891) 6590182','672578126589','1971-12-06','2024-09-17 17:26:35',139),(44,'Erminie Belf','(883) 8906079','599563138297','1984-12-31','2024-09-17 17:26:35',812),(45,'Franchot Ruppele','(243) 8032341','608656799794','1987-09-26','2024-09-17 17:26:35',561),(46,'Bess Newbold','(131) 5081778','155964409583','1986-01-08','2024-09-17 17:26:35',281),(47,'Tore Franzotto','(509) 8365734','455363254719','1975-06-15','2024-09-17 17:26:35',251),(48,'Reyna Kennon','(928) 7169810','825018704265','1998-01-26','2024-09-17 17:26:35',407),(49,'Haven Oneile','(276) 4209262','663087218237','1998-02-11','2024-09-17 17:26:35',939),(50,'Thornie Fitzpatrick','(254) 1940097','539386835239','1999-12-31','2024-09-17 17:26:35',486),(51,'Emmie Autin','(182) 5379024','301946788618','1994-06-26','2024-09-17 17:26:35',18),(52,'Tiphanie Sherbrook','(467) 1040957','406322967902','1953-10-17','2024-09-17 17:26:35',699),(53,'Grace Vallentin','(494) 4317056','487618313257','1960-12-08','2024-09-17 17:26:35',24),(54,'Dona Delacroix','(865) 2688016','768313383194','2006-05-18','2024-09-17 17:26:35',904),(55,'Augy O\'Towey','(194) 4014394','466692295440','1963-04-18','2024-09-17 17:26:35',366),(56,'Olivie Fairnington','(469) 4078084','431382109828','1984-05-16','2024-09-17 17:26:35',830),(57,'Liam Reason','(570) 4829621','776801724770','1994-12-02','2024-09-17 17:26:35',703),(58,'Mozelle Astill','(144) 4611752','769564569918','1958-04-10','2024-09-17 17:26:35',234),(59,'Melisande M\'Quharg','(192) 1846861','204509952219','1964-09-13','2024-09-17 17:26:35',865),(60,'Harrie Dady','(357) 8484690','353693028754','1969-12-28','2024-09-17 17:26:35',839),(61,'Tracy Toffts','(182) 9921172','341913873410','1966-07-23','2024-09-17 17:26:35',154),(62,'Verge Lagne','(284) 8484381','216117450969','2000-01-28','2024-09-17 17:26:35',802),(63,'Guglielma Kimmitt','(385) 3045700','821624994361','1993-10-17','2024-09-17 17:26:35',393),(64,'Welby Swindley','(360) 4005101','443639235141','2010-03-26','2024-09-17 17:26:35',377),(65,'Adi Pohling','(987) 2673055','782727958335','1987-08-22','2024-09-17 17:26:35',903),(66,'Lyon Archard','(260) 1889631','537622370670','1968-08-02','2024-09-17 17:26:35',11),(67,'Daisy Harrisson','(848) 7136251','110932820236','1987-09-21','2024-09-17 17:26:35',501),(68,'Calida Garvagh','(835) 1584032','731230088121','1983-05-01','2024-09-17 17:26:35',868),(69,'Austen Davitashvili','(461) 8699410','250127409038','1963-05-13','2024-09-17 17:26:35',371),(70,'Ronica Adnett','(229) 1301384','125623771668','2012-03-30','2024-09-17 17:26:35',988),(71,'Rolland Hannant','(284) 6663240','665497400676','1976-11-16','2024-09-17 17:26:35',988),(72,'Raymond Causton','(192) 2128851','454871610253','1978-03-19','2024-09-17 17:26:35',508),(73,'Jacquie Baudou','(811) 9115335','544862862083','1983-10-28','2024-09-17 17:26:35',832),(74,'Thomasin Domoney','(417) 7034017','681552395372','2010-10-25','2024-09-17 17:26:35',544),(75,'Joy Whiffen','(903) 2989522','398190962264','2005-05-26','2024-09-17 17:26:35',53),(76,'Kathrine Wilsdon','(990) 8127667','806661516439','1981-04-27','2024-09-17 17:26:35',615),(77,'Nichols Treske','(506) 5375875','532293456761','1950-11-24','2024-09-17 17:26:35',313),(78,'Kimberli Mathieu','(212) 5073060','323101647823','2000-03-15','2024-09-17 17:26:35',929),(79,'Nil Pautard','(793) 6204329','663884556184','1951-04-19','2024-09-17 17:26:35',979),(80,'Cecil Patey','(329) 4274968','703691708293','1987-01-11','2024-09-17 17:26:35',277),(81,'Davida Empringham','(151) 5209781','845995529861','1958-06-09','2024-09-17 17:26:35',612),(82,'Claudell Moyse','(388) 3851927','181917444746','2002-10-03','2024-09-17 17:26:35',359),(83,'Kaiser Carder','(390) 7213602','782907979383','1989-07-18','2024-09-17 17:26:35',830),(84,'Edee Gritsaev','(834) 1177807','331304060422','1955-10-18','2024-09-17 17:26:35',60),(85,'Lisbeth Dumbar','(255) 9802770','781453183636','1951-03-04','2024-09-17 17:26:35',463),(86,'Doyle Lavell','(224) 2660804','709388364114','1987-05-30','2024-09-17 17:26:35',106),(87,'Elka Ninnoli','(706) 2498846','208748076694','1998-02-18','2024-09-17 17:26:35',36),(88,'Romain Marzella','(268) 2323332','423148976682','2014-04-07','2024-09-17 17:26:35',159),(89,'Eberto Boggs','(960) 1226916','258109240195','1995-08-02','2024-09-17 17:26:35',224),(90,'Pietrek Calkin','(681) 7510783','361043294999','2007-01-02','2024-09-17 17:26:35',893),(91,'Angelica Hurtic','(271) 9138752','737212671077','1992-04-14','2024-09-17 17:26:35',195),(92,'Kinsley Ravenhills','(623) 9556916','844468427322','1966-08-30','2024-09-17 17:26:35',375),(93,'Renault Corran','(218) 4604083','117430830088','1986-12-15','2024-09-17 17:26:35',402),(94,'Brant Woodsford','(518) 5025102','564481182253','2001-10-10','2024-09-17 17:26:35',876),(95,'Stanislaus Arber','(553) 8764478','338923170658','1951-06-07','2024-09-17 17:26:35',672),(96,'Jodi Mityashin','(829) 4145873','263100614182','1987-10-10','2024-09-17 17:26:35',698),(97,'Teddie Hickenbottom','(989) 4382196','601643227019','1962-12-12','2024-09-17 17:26:35',615),(98,'Collie Pariss','(940) 5355198','580848095049','2006-05-21','2024-09-17 17:26:35',411),(99,'Markos Van der Velde','(137) 7953380','713341320346','1974-03-21','2024-09-17 17:26:35',262),(100,'Barn Watting','(600) 8207396','363586951530','1994-06-02','2024-09-17 17:26:35',576),(101,'Lombard Quinion','(687) 7934808','765710855103','2005-02-06','2024-09-17 17:26:35',155),(102,'Britt Bottby','(665) 8554237','498273777704','1967-03-31','2024-09-17 17:26:35',562),(103,'Manolo Angeli','(573) 3121353','211807136023','1970-05-21','2024-09-17 17:26:35',84),(104,'Cull Udy','(658) 3456379','353476072568','2005-04-23','2024-09-17 17:26:35',249),(105,'Colin Kirkebye','(181) 1988448','884400234710','2004-10-05','2024-09-17 17:26:35',751),(106,'Bordie Simondson','(883) 2370972','494717726163','1969-05-07','2024-09-17 17:26:35',936),(107,'Karlotta McMichan','(998) 7319800','731178619952','1997-05-14','2024-09-17 17:26:35',996),(108,'Vivie Vlahos','(734) 5431512','508145899475','1990-10-08','2024-09-17 17:26:35',602),(109,'Sloan Pridden','(861) 5511334','881351250501','1952-08-10','2024-09-17 17:26:35',539),(110,'Dorey Graalmans','(884) 5378125','483630324372','1966-02-26','2024-09-17 17:26:35',33),(111,'Shandeigh Redmille','(255) 6086990','153272537658','1974-04-05','2024-09-17 17:26:35',383),(112,'Ann-marie Bapty','(622) 5744255','648467518861','2000-02-14','2024-09-17 17:26:35',621),(113,'Bonny Michael','(749) 6410269','574581188898','1990-11-19','2024-09-17 17:26:35',801),(114,'Trula Janata','(515) 9501842','447876365888','2006-06-21','2024-09-17 17:26:35',480),(115,'Ritchie Baildon','(831) 3677115','332828298550','1969-03-31','2024-09-17 17:26:35',522),(116,'Dedie Kirkby','(791) 2698424','168026568264','1985-05-05','2024-09-17 17:26:35',973),(117,'Gayelord Cloughton','(113) 6313141','636241654226','2013-07-19','2024-09-17 17:26:35',722),(118,'Therine Joan','(620) 1413427','488648438819','1982-09-10','2024-09-17 17:26:35',834),(119,'Pauli Shalloe','(939) 1304173','551759062311','1955-07-13','2024-09-17 17:26:35',491),(120,'Lothario Doyland','(180) 8959800','617795558503','1973-03-13','2024-09-17 17:26:35',757),(121,'Aluin Raitt','(802) 3902134','758385407156','1982-04-13','2024-09-17 17:26:35',199),(122,'Dieter Blakeslee','(619) 4227135','205795221891','2009-11-19','2024-09-17 17:26:35',70),(123,'Tristan Govenlock','(478) 2716169','431852299567','1971-04-08','2024-09-17 17:26:35',407),(124,'Tomasine Mosco','(745) 7671792','150129626944','1991-06-02','2024-09-17 17:26:35',407),(125,'Aleksandr Shute','(549) 8564365','395791243451','2011-04-01','2024-09-17 17:26:35',144),(126,'Chance Larrosa','(520) 9031985','302884352644','1997-02-02','2024-09-17 17:26:35',943),(127,'Tonye Reiner','(676) 2805248','520287253760','2010-04-07','2024-09-17 17:26:35',114),(128,'Idalia Greene','(127) 4449931','171252158956','1988-05-06','2024-09-17 17:26:35',625),(129,'Adoree Schoenrock','(200) 2699420','542759215589','1971-08-01','2024-09-17 17:26:35',509),(130,'Alan Fynn','(533) 2724218','623445399417','1979-05-19','2024-09-17 17:26:35',94),(131,'Jordana Chue','(340) 5898405','855648083377','1999-03-21','2024-09-17 17:26:35',8),(132,'Juliet Hynam','(760) 1659660','737065212070','1999-11-06','2024-09-17 17:26:35',804),(133,'Irving Sprakes','(302) 4329386','899713962284','1951-03-11','2024-09-17 17:26:35',826),(134,'Adam O\'Shirine','(864) 8136632','238112710078','1989-05-29','2024-09-17 17:26:35',985),(135,'Filippo Westphal','(424) 9732459','812784033873','1984-08-20','2024-09-17 17:26:35',569),(136,'Sibel Wauchope','(271) 9765644','527639537031','1954-12-04','2024-09-17 17:26:35',239),(137,'Stacey Childrens','(695) 5694075','427264915307','1952-01-11','2024-09-17 17:26:35',918),(138,'Barnaby Dawdary','(949) 6044557','610024203928','1994-04-29','2024-09-17 17:26:35',329),(139,'Dannie Darinton','(983) 4874644','228216443121','1993-10-08','2024-09-17 17:26:35',994),(140,'Florance Kingsland','(716) 2680251','236644603386','1960-02-04','2024-09-17 17:26:35',139),(141,'Carly Wiburn','(376) 9315898','720364338020','1970-11-14','2024-09-17 17:26:35',962),(142,'Jilly Voce','(933) 3728976','320725904594','1962-02-21','2024-09-17 17:26:35',223),(143,'Cassey Seely','(436) 2915413','292373273184','2007-12-02','2024-09-17 17:26:35',207),(144,'Daisie Brownlee','(904) 3238313','369686801699','1956-05-10','2024-09-17 17:26:35',373),(145,'Aubine Sutheran','(565) 1932585','306487986180','2014-01-27','2024-09-17 17:26:35',552),(146,'Vic Grunnell','(487) 3340009','145968060677','1966-03-09','2024-09-17 17:26:35',216),(147,'Quintana Simukov','(171) 3458288','710030682751','1966-11-12','2024-09-17 17:26:35',806),(148,'Alasteir Michallat','(421) 2608037','811372685410','1951-08-18','2024-09-17 17:26:35',84),(149,'Lacee Videler','(605) 9082206','849417143874','2005-11-22','2024-09-17 17:26:35',340),(150,'Debby Simmonds','(677) 7039155','670533180962','1954-08-03','2024-09-17 17:26:35',705),(151,'Dannie Chitty','(998) 4470753','147355880750','1982-06-10','2024-09-17 17:26:35',732),(152,'Melisandra Hassell','(925) 5977599','492044813637','1993-01-05','2024-09-17 17:26:35',362),(153,'Marcello Loveless','(787) 9719608','350651854147','1957-04-26','2024-09-17 17:26:35',956),(154,'Ketti Fivey','(122) 7289797','759423094195','1985-12-08','2024-09-17 17:26:35',449),(155,'Carolina Gilhoolie','(638) 8248626','166441478289','2008-12-05','2024-09-17 17:26:35',631),(156,'Griffy Shackell','(132) 7772940','885918512413','1975-12-14','2024-09-17 17:26:36',916),(157,'Godiva Gannicleff','(878) 3767390','879844897949','1999-08-12','2024-09-17 17:26:36',743),(158,'Lu Hewkin','(633) 3859098','635920525770','1985-10-26','2024-09-17 17:26:36',749),(159,'Jacquenetta Zamboniari','(699) 9099980','883788260149','2008-10-17','2024-09-17 17:26:36',969),(160,'Cody McKeaveney','(646) 4787686','715314066064','1956-07-08','2024-09-17 17:26:36',234),(161,'Callida Iddiens','(737) 9228369','839816161556','2011-08-12','2024-09-17 17:26:36',480),(162,'Billy Geer','(288) 1316972','654964619716','2000-02-08','2024-09-17 17:26:36',189),(163,'Jemimah Morfey','(418) 7899947','873032959634','2007-09-04','2024-09-17 17:26:36',804),(164,'Carson Sainsbury-Brown','(814) 8077285','656163299217','1968-05-21','2024-09-17 17:26:36',509),(165,'Jase Wherrett','(105) 6083365','597056844983','1974-12-27','2024-09-17 17:26:36',657),(166,'Felipe Ramsbotham','(548) 2501009','591197518111','1964-05-12','2024-09-17 17:26:36',614),(167,'Skelly Prantl','(504) 8135376','510647818969','1977-02-13','2024-09-17 17:26:36',630),(168,'Viva Southerell','(385) 1205556','765505369488','1966-11-05','2024-09-17 17:26:36',707),(169,'Neysa Thurlbourne','(192) 9696934','325657545127','1981-04-11','2024-09-17 17:26:36',35),(170,'Huberto Nelm','(184) 1520433','688762567039','1952-07-29','2024-09-17 17:26:36',804),(171,'Torry Hanster','(333) 4868777','238631094525','1951-08-02','2024-09-17 17:26:36',242),(172,'Wash Enterlein','(460) 6421974','465410969105','1974-02-01','2024-09-17 17:26:36',559),(173,'Skelly Trent','(874) 2355562','437278240459','1978-07-04','2024-09-17 17:26:36',489),(174,'Sterne Eggleson','(189) 1769692','305464563006','1993-08-24','2024-09-17 17:26:36',90),(175,'Jerad Raubenheimer','(973) 8314681','222708829301','1963-07-24','2024-09-17 17:26:36',236),(176,'Margy Glasson','(597) 4583152','258300700942','2007-07-08','2024-09-17 17:26:36',613),(177,'Brianne Chastney','(851) 9340856','893175704698','2000-11-29','2024-09-17 17:26:36',556),(178,'Seymour Southernwood','(445) 3937038','500772299685','1970-01-20','2024-09-17 17:26:36',138),(179,'Pennie Moorfield','(782) 6816206','220546009418','1962-02-25','2024-09-17 17:26:36',388),(180,'Silvia Attridge','(443) 1599079','451514409770','2007-02-02','2024-09-17 17:26:36',691),(181,'Maighdiln Somes','(685) 1205546','758846613837','1969-09-22','2024-09-17 17:26:36',461),(182,'King Wissby','(838) 1462327','337768016707','1990-07-17','2024-09-17 17:26:36',561),(183,'Aaron Smalman','(446) 6426116','232548022650','2013-11-10','2024-09-17 17:26:36',291),(184,'Akim Ciccetti','(570) 7654168','402986356561','1967-05-13','2024-09-17 17:26:36',805),(185,'Gilli Gossage','(839) 1115983','295748605314','1957-10-26','2024-09-17 17:26:36',771),(186,'Mahala Di Giacomettino','(290) 8655167','565796342983','1952-07-13','2024-09-17 17:26:36',297),(187,'Michel Burne','(962) 9515433','382945572274','1997-02-16','2024-09-17 17:26:36',810),(188,'Mohandis Beamson','(932) 1213746','242343685840','1954-02-06','2024-09-17 17:26:36',990),(189,'Clarita Simonassi','(359) 4871513','457764987157','1982-04-27','2024-09-17 17:26:36',177),(190,'Carmelita Faunch','(238) 8730453','529391076645','1955-10-18','2024-09-17 17:26:36',558),(191,'Benedikta Hayworth','(162) 1098209','338229779087','1989-02-11','2024-09-17 17:26:36',47),(192,'Mickie Bisp','(193) 1404468','125754176921','1961-03-25','2024-09-17 17:26:36',452),(193,'Deloris Mirfin','(532) 9419393','779848652304','2014-03-11','2024-09-17 17:26:36',796),(194,'Jazmin Killich','(797) 8408222','703478902202','2001-01-07','2024-09-17 17:26:36',114),(195,'Durward Oliveira','(644) 5605539','576674607778','1992-02-16','2024-09-17 17:26:36',385),(196,'Emilio Bawdon','(872) 8278588','402278445998','1969-11-07','2024-09-17 17:26:36',664),(197,'Sisile McGeechan','(799) 1815096','435748334925','1984-08-12','2024-09-17 17:26:36',91),(198,'Rogerio Reeves','(525) 9805495','205931108578','1963-03-05','2024-09-17 17:26:36',460),(199,'Rip Reide','(422) 8165421','849144526243','1953-09-08','2024-09-17 17:26:36',628),(200,'Jenelle Body','(901) 7225349','336767634456','2003-08-18','2024-09-17 17:26:36',54),(201,'Felice Batsford','(886) 7304307','302944243037','1994-01-28','2024-09-17 17:26:36',430),(202,'Donal Monk','(731) 8759313','650688138191','1986-06-10','2024-09-17 17:26:36',67),(203,'Rene Fincher','(879) 8934842','705736741403','2010-12-26','2024-09-17 17:26:36',633),(204,'Katharina David','(303) 7832345','486220693742','2003-11-02','2024-09-17 17:26:36',498),(205,'Glenda Pescott','(304) 9901259','564911287034','2013-04-08','2024-09-17 17:26:36',432),(206,'Sibilla Smails','(987) 5797636','254637127478','1986-08-17','2024-09-17 17:26:36',240),(207,'Cassaundra Murrock','(169) 7712709','873859908105','1956-05-06','2024-09-17 17:26:36',690),(208,'Karita Brandino','(265) 9218431','116707479682','1977-07-13','2024-09-17 17:26:36',424),(209,'Elnar Putman','(575) 9853165','191863065192','1977-09-30','2024-09-17 17:26:36',657),(210,'Nickola Gaze','(982) 5581027','734458682216','1954-10-13','2024-09-17 17:26:36',27),(211,'Antonietta Ortler','(113) 2185254','757457514724','1978-02-13','2024-09-17 17:26:36',276),(212,'Adrianna Huguenet','(877) 5745261','387747352143','1977-01-18','2024-09-17 17:26:36',247),(213,'Charmane O\'Hdirscoll','(853) 9599471','721584834229','1951-05-11','2024-09-17 17:26:36',267),(214,'Weider Shambroke','(989) 4552462','361573395287','2010-11-22','2024-09-17 17:26:36',615),(215,'Silvana Lewton','(837) 1646940','504611684613','2012-04-02','2024-09-17 17:26:36',116),(216,'Nickie Wanne','(987) 7409079','291568294824','1993-08-06','2024-09-17 17:26:36',45),(217,'Quinn Jammet','(623) 3456251','430343586096','1964-10-18','2024-09-17 17:26:36',674),(218,'Nikolas Brew','(609) 6644832','659059193786','1954-05-18','2024-09-17 17:26:36',710),(219,'Erroll Trehearn','(196) 4382055','685974388257','1962-05-23','2024-09-17 17:26:36',209),(220,'Brewster Dulanty','(238) 7410670','407767987400','2000-01-01','2024-09-17 17:26:36',837),(221,'Clemente Starsmeare','(810) 6861896','400871492686','1993-02-19','2024-09-17 17:26:36',396),(222,'Jocelyne Mattys','(645) 5914957','115986916859','1959-10-13','2024-09-17 17:26:36',474),(223,'Elna Axby','(490) 2955317','705435007633','1991-11-26','2024-09-17 17:26:36',174),(224,'Shantee Moores','(895) 1810536','641140835778','1973-11-11','2024-09-17 17:26:36',536),(225,'Denys Deverell','(172) 5278820','601482507924','1977-09-22','2024-09-17 17:26:36',230),(226,'Dwight Banker','(717) 3880644','564604620589','1962-10-13','2024-09-17 17:26:36',732),(227,'Kiersten Attwood','(210) 4517049','753011506630','1984-08-23','2024-09-17 17:26:36',957),(228,'Hanan Vedenyapin','(320) 3927469','537914275323','1974-08-05','2024-09-17 17:26:36',583),(229,'Lucretia Kitching','(938) 8090294','390048340408','1993-07-22','2024-09-17 17:26:36',567),(230,'Ali Elham','(353) 6022663','552282895557','1984-04-12','2024-09-17 17:26:36',683),(231,'Maud Bostick','(543) 2751205','212039707056','1970-11-03','2024-09-17 17:26:36',497),(232,'Andre Ropert','(742) 8716852','706537662690','2008-10-14','2024-09-17 17:26:36',454),(233,'Aarika Ratnege','(632) 4497165','790095067860','1951-08-03','2024-09-17 17:26:36',480),(234,'Domenico Heijne','(234) 2213479','627264344752','1972-11-02','2024-09-17 17:26:36',968),(235,'Hildegaard Nott','(712) 6751908','538737026247','1969-08-14','2024-09-17 17:26:36',696),(236,'Billy Hollow','(707) 7861198','753080674435','1979-04-05','2024-09-17 17:26:36',69),(237,'Yuri Bohl','(575) 6695204','848202470006','1992-11-20','2024-09-17 17:26:36',393),(238,'Katee Cammomile','(514) 6419423','260419677994','1974-03-03','2024-09-17 17:26:36',726),(239,'Grannie MacTerlagh','(985) 9977553','893944714054','1963-01-17','2024-09-17 17:26:36',885),(240,'Antonino Ruffle','(901) 8533604','899648112241','1954-06-04','2024-09-17 17:26:36',585),(241,'Jennifer Middleweek','(433) 8786833','514788857438','2002-09-18','2024-09-17 17:26:36',244),(242,'Ichabod Caplan','(530) 1990201','216307900401','2000-08-30','2024-09-17 17:26:36',42),(243,'Oates Chopy','(150) 3213407','468623215982','1969-02-15','2024-09-17 17:26:36',323),(244,'Tad Strewther','(550) 2958655','738086161471','1978-09-29','2024-09-17 17:26:36',379),(245,'Kingsly Tringham','(856) 7459315','777734741566','1986-08-28','2024-09-17 17:26:36',125),(246,'Suki Blant','(823) 3947956','251595240254','1957-07-03','2024-09-17 17:26:36',587),(247,'Wernher Savoury','(773) 8128863','551684088011','2009-08-07','2024-09-17 17:26:36',768),(248,'Martina Hammand','(515) 6011226','413295372320','1963-07-04','2024-09-17 17:26:36',618),(249,'Nathalia Mazella','(696) 1520613','115611201018','1985-12-10','2024-09-17 17:26:36',545),(250,'Agna Wenderott','(860) 1643007','244935399631','1952-08-24','2024-09-17 17:26:36',72),(251,'Ambros Morshead','(955) 6970085','459959111698','1968-01-28','2024-09-17 17:26:36',530),(252,'Wyatt Harriman','(551) 8721767','675405569424','2008-01-08','2024-09-17 17:26:36',48),(253,'Ralph Naptin','(811) 2828864','687458534373','1990-05-04','2024-09-17 17:26:36',651),(254,'Madalyn Millins','(368) 3129337','587575353393','1998-11-12','2024-09-17 17:26:36',787),(255,'Dyane Veivers','(948) 4636084','885133941023','1974-08-16','2024-09-17 17:26:36',88),(256,'Hervey Kaines','(332) 9967532','874572788564','1980-06-27','2024-09-17 17:26:36',385),(257,'Stavros McGookin','(522) 6300179','156135256753','1999-09-21','2024-09-17 17:26:36',368),(258,'Beatrisa Milier','(469) 9097263','141347292966','1997-12-02','2024-09-17 17:26:36',651),(259,'Andrei Tenby','(624) 1055591','417999405913','1965-06-06','2024-09-17 17:26:36',387),(260,'Adella Gervaise','(835) 9724640','846864980466','2008-11-09','2024-09-17 17:26:36',387),(261,'Harwilll Carillo','(972) 2469339','399070236762','1967-06-17','2024-09-17 17:26:36',102),(262,'Nobie Gimenez','(199) 7800040','283655697129','1998-12-16','2024-09-17 17:26:36',905),(263,'Robb Issard','(737) 8532357','331256933154','1950-11-14','2024-09-17 17:26:36',232),(264,'Dana Nayer','(373) 3429859','731839143671','1981-12-16','2024-09-17 17:26:36',224),(265,'Huberto Sokell','(629) 2623912','188132493651','1973-07-27','2024-09-17 17:26:36',548),(266,'Rosa Filpi','(949) 3802055','750378828677','1962-09-23','2024-09-17 17:26:36',46),(267,'Sherm Roylance','(207) 9447658','180934025639','1973-10-05','2024-09-17 17:26:36',348),(268,'Deina Vobes','(253) 3856081','777636279100','1980-12-30','2024-09-17 17:26:36',480),(269,'Yasmeen Levane','(223) 3856737','536303098784','1986-06-05','2024-09-17 17:26:36',136),(270,'Costa Anshell','(692) 2398037','286137731705','1987-11-09','2024-09-17 17:26:36',668),(271,'Anthony Cicculi','(944) 6338503','730815547454','1986-01-18','2024-09-17 17:26:36',247),(272,'Laura Brade','(778) 2432795','235966762704','1958-10-17','2024-09-17 17:26:36',901),(273,'Onida Picard','(883) 2318217','390067548119','1961-04-25','2024-09-17 17:26:36',186),(274,'Cyndy Bow','(674) 8159138','280117180908','1979-06-20','2024-09-17 17:26:36',15),(275,'Fields Greatreax','(779) 9452641','668512324021','2005-11-27','2024-09-17 17:26:36',221),(276,'Craggie Edkins','(432) 2933809','365849056670','1961-03-27','2024-09-17 17:26:36',249),(277,'Tanny de Courcy','(312) 5229846','871493715609','1993-07-03','2024-09-17 17:26:36',794),(278,'Tibold Serraillier','(167) 1306518','723239240553','1956-10-15','2024-09-17 17:26:36',371),(279,'Garland Philliskirk','(735) 7302554','824744559914','1952-10-18','2024-09-17 17:26:36',379),(280,'Konstance Crennell','(204) 2373426','224934400320','1957-05-20','2024-09-17 17:26:36',127),(281,'Monika Styant','(108) 9536269','390712649731','1991-04-01','2024-09-17 17:26:36',331),(282,'Brooke Davidek','(602) 6713828','369607492450','1998-01-22','2024-09-17 17:26:36',406),(283,'Kissee Petrovykh','(666) 5854139','237463634826','2001-04-16','2024-09-17 17:26:36',722),(284,'Grannie Le Pruvost','(614) 6984866','174124089615','2006-01-30','2024-09-17 17:26:36',798),(285,'Stavros Southern','(672) 7782343','780606597546','1952-04-27','2024-09-17 17:26:36',497),(286,'Joline Breslane','(619) 3703283','840161488357','1997-06-04','2024-09-17 17:26:36',198),(287,'Isabelita Isacq','(563) 4417095','146564591949','1980-05-21','2024-09-17 17:26:36',121),(288,'Nady Sparshutt','(646) 1324501','292267245752','1976-10-19','2024-09-17 17:26:36',121),(289,'Fons Goforth','(181) 4761655','400971700675','1963-08-12','2024-09-17 17:26:36',957),(290,'Ennis Liddell','(272) 1316659','726019353036','1976-01-02','2024-09-17 17:26:36',233),(291,'Calida Torregiani','(136) 3524725','176786934271','1954-07-02','2024-09-17 17:26:36',306),(292,'Evy Manneville','(504) 5352435','886820758300','1963-04-11','2024-09-17 17:26:36',857),(293,'Graehme Quinnette','(105) 4869392','600513710729','1985-03-24','2024-09-17 17:26:36',106),(294,'Care Adao','(126) 7952459','170146365923','1959-05-13','2024-09-17 17:26:36',490),(295,'Clerissa Briscow','(462) 8988910','192783953273','1997-12-10','2024-09-17 17:26:36',935),(296,'Putnem Ivashin','(138) 7919797','768796645528','1980-09-13','2024-09-17 17:26:36',76),(297,'Blake Vasyutichev','(481) 5517814','815496853301','1996-07-27','2024-09-17 17:26:36',168),(298,'Victor Crowcum','(241) 9945602','158905585058','1974-12-30','2024-09-17 17:26:36',799),(299,'Lynnelle Derges','(578) 7120569','139938438000','1970-09-26','2024-09-17 17:26:36',306),(300,'Emlyn Shapland','(978) 6789839','786420163738','1984-09-12','2024-09-17 17:26:36',904),(301,'Alvy Marc','(252) 7497950','318030933603','1986-07-07','2024-09-17 17:26:36',751),(302,'Mohandas McAlinden','(821) 1399825','884939970558','1957-02-11','2024-09-17 17:26:36',212),(303,'Franklin Greatbanks','(688) 6038946','149842496458','1972-07-26','2024-09-17 17:26:36',370),(304,'Candis Czapla','(797) 1450529','539414803023','1951-03-04','2024-09-17 17:26:36',475),(305,'Preston Chislett','(308) 5857849','548035780347','1966-06-27','2024-09-17 17:26:36',603),(306,'Janel Gislebert','(198) 1647212','701689809825','1982-08-18','2024-09-17 17:26:36',839),(307,'Ianthe Tirrey','(920) 3045446','791906668537','1987-07-31','2024-09-17 17:26:36',323),(308,'Jobey Ormesher','(991) 3465177','878434553153','1959-11-09','2024-09-17 17:26:36',43),(309,'Guido Carder','(434) 8627848','880228514535','1993-11-10','2024-09-17 17:26:36',558),(310,'Renelle Marsden','(971) 4953203','523537380163','1996-07-01','2024-09-17 17:26:36',948),(311,'Emilio Antonat','(549) 1088993','429809775647','2004-03-22','2024-09-17 17:26:36',79),(312,'Stephine Weathers','(658) 3882891','121263438490','2013-04-21','2024-09-17 17:26:36',187),(313,'Leanna State','(887) 2275036','756494129290','1991-07-31','2024-09-17 17:26:36',728),(314,'Dorette Plampeyn','(654) 9938054','751921441111','1966-03-14','2024-09-17 17:26:36',552),(315,'Olga Magowan','(719) 2813121','766377029901','1976-11-15','2024-09-17 17:26:36',483),(316,'Brant Slad','(252) 3960230','242121094855','1977-03-01','2024-09-17 17:26:36',523),(317,'Omar Caunter','(757) 7958620','693518166421','1969-09-28','2024-09-17 17:26:36',308),(318,'Maddy Malins','(250) 8497620','310865386948','2001-11-17','2024-09-17 17:26:36',548),(319,'Tarah Hutley','(477) 4315962','796542646110','1987-09-10','2024-09-17 17:26:36',22),(320,'Delphine Deschelle','(412) 7169505','189367098405','2009-12-09','2024-09-17 17:26:36',527),(321,'Mick Maddison','(916) 8722552','363433565160','1964-11-03','2024-09-17 17:26:36',762),(322,'Barthel Bostock','(492) 6271594','718741095578','1981-12-30','2024-09-17 17:26:36',670),(323,'Gayla Corneck','(514) 8979938','700224159410','1978-05-22','2024-09-17 17:26:36',370),(324,'Luciana Howsin','(650) 9279908','847451382771','1954-06-02','2024-09-17 17:26:36',34),(325,'Teri Draper','(506) 8871204','526613054378','2004-01-23','2024-09-17 17:26:36',783),(326,'Gasparo Ewbanks','(326) 5176206','339250538195','1973-02-09','2024-09-17 17:26:36',519),(327,'Danette Ware','(658) 3918989','348160273326','1963-02-12','2024-09-17 17:26:36',359),(328,'Adelaide Asser','(364) 4822654','804937984912','1995-11-04','2024-09-17 17:26:36',784),(329,'Serena Fleischmann','(282) 5890601','503817314205','1979-07-17','2024-09-17 17:26:36',115),(330,'Demetria Lammiman','(701) 6396013','703954193464','1974-06-19','2024-09-17 17:26:36',908),(331,'Amalee Arnould','(806) 3967015','213392420689','1979-08-06','2024-09-17 17:26:36',125),(332,'Elaina Tolworth','(648) 9998155','821034930503','1956-05-14','2024-09-17 17:26:36',570),(333,'Ivor Luckman','(478) 2213839','596871596185','1977-08-29','2024-09-17 17:26:36',174),(334,'Isabelle Apark','(405) 3120821','677823912299','1999-03-24','2024-09-17 17:26:36',897),(335,'Natasha Schmidt','(134) 7639924','124976015375','1975-09-30','2024-09-17 17:26:36',347),(336,'Berthe Gemnett','(124) 8117314','356383200263','2011-03-01','2024-09-17 17:26:36',430),(337,'Lilah Peppett','(610) 3787884','122642188157','2001-03-08','2024-09-17 17:26:36',954),(338,'Lenna Benedidick','(562) 2991269','788978064898','2013-08-24','2024-09-17 17:26:36',180),(339,'Maudie Cobbald','(817) 1568056','812920155653','2012-06-17','2024-09-17 17:26:36',283),(340,'Brian Izzard','(492) 4200865','366272152477','2000-01-31','2024-09-17 17:26:36',239),(341,'Ailee Dredge','(335) 7567938','877308417692','1983-01-01','2024-09-17 17:26:36',433),(342,'Lianne Basilone','(919) 5790214','590657939856','1961-08-21','2024-09-17 17:26:36',744),(343,'Revkah Cruickshanks','(512) 6511368','663361106376','1995-11-04','2024-09-17 17:26:36',729),(344,'Greer Tregenna','(936) 7133888','286961654446','1961-05-11','2024-09-17 17:26:36',812),(345,'Hermina Petrovic','(504) 7969382','145662717068','1974-06-25','2024-09-17 17:26:36',691),(346,'Eliza Jolliss','(531) 6440695','475967454389','1979-05-11','2024-09-17 17:26:36',936),(347,'Lance Trunkfield','(118) 3178907','131286984582','1960-04-30','2024-09-17 17:26:36',183),(348,'Yvonne Johannes','(503) 5705087','340740979728','1991-03-30','2024-09-17 17:26:36',160),(349,'Tressa Lorroway','(143) 2035528','455844294181','1964-09-07','2024-09-17 17:26:36',401),(350,'Arlinda Ilieve','(286) 3415716','763086214820','1994-05-05','2024-09-17 17:26:36',578),(351,'Crysta Maingot','(402) 6295343','595788340384','2003-06-17','2024-09-17 17:26:36',828),(352,'Jamill Brettel','(457) 1117574','664948422316','1995-05-07','2024-09-17 17:26:36',249),(353,'Eustace Got','(131) 8899005','753432419580','1984-03-14','2024-09-17 17:26:36',464),(354,'Sanders Lambert-Ciorwyn','(759) 4318539','798133652396','1964-10-03','2024-09-17 17:26:36',584),(355,'Lorettalorna Wilber','(774) 5201409','516843936075','1955-10-08','2024-09-17 17:26:36',153),(356,'Corine Moultrie','(266) 8503500','629312037519','1965-12-26','2024-09-17 17:26:36',453),(357,'Hallie Scaice','(310) 1576518','683917793453','1994-04-07','2024-09-17 17:26:36',218),(358,'Wat Ragborne','(556) 7869056','490030690388','1957-09-16','2024-09-17 17:26:36',388),(359,'Moise Dunbabin','(568) 9685972','595404225139','1969-05-20','2024-09-17 17:26:36',460),(360,'Elbertina Lethebridge','(242) 2820392','404670502437','1967-06-28','2024-09-17 17:26:36',894),(361,'Ambrose Maren','(170) 7350468','109828734466','1970-09-27','2024-09-17 17:26:36',166),(362,'Winnie Doxsey','(289) 4699489','651234300704','1976-12-12','2024-09-17 17:26:36',704),(363,'Sephira Swalough','(913) 9652807','138695747596','2008-09-18','2024-09-17 17:26:36',142),(364,'Francois Vallentin','(911) 4931795','153719209538','1965-10-29','2024-09-17 17:26:36',746),(365,'Colly Dearan','(896) 6809432','751949415019','1984-10-18','2024-09-17 17:26:36',27),(366,'Reggy Dryburgh','(461) 6908072','140494174154','1957-10-22','2024-09-17 17:26:36',602),(367,'Bridget Mount','(632) 5457309','783244085455','1995-02-15','2024-09-17 17:26:36',985),(368,'Zebulen Caldwell','(581) 8855156','745931719777','1961-03-28','2024-09-17 17:26:36',867),(369,'Carlyn Ducket','(111) 9077294','207317817093','1950-08-26','2024-09-17 17:26:36',88),(370,'Myca Nevin','(857) 9701463','500347836651','1951-07-11','2024-09-17 17:26:36',271),(371,'Danita Bourgaize','(706) 9260296','340827500996','1955-01-09','2024-09-17 17:26:36',692),(372,'Paxon Rivard','(256) 7863841','504821039392','1958-05-27','2024-09-17 17:26:36',36),(373,'Merola Goodlad','(424) 4581404','509073661040','1997-07-10','2024-09-17 17:26:36',777),(374,'Carny Elden','(351) 3180819','131216517095','1972-07-28','2024-09-17 17:26:36',502),(375,'Tess Shillom','(265) 8906873','214398749174','1970-10-12','2024-09-17 17:26:36',512),(376,'Jamie Easdon','(103) 8215641','777948382976','1998-05-08','2024-09-17 17:26:36',311),(377,'Desdemona Morillas','(767) 9004129','198196770631','1955-07-21','2024-09-17 17:26:36',415),(378,'Etty Springle','(949) 8452549','515926193829','2007-09-26','2024-09-17 17:26:36',334),(379,'Doti Moysey','(271) 6700702','529911143492','1979-02-22','2024-09-17 17:26:36',282),(380,'Any Pedreschi','(830) 6302301','630503163418','1989-06-20','2024-09-17 17:26:36',638),(381,'Rickey Moors','(269) 7027155','182614533830','1993-01-06','2024-09-17 17:26:36',186),(382,'Fred Joselevitz','(768) 8139705','477894702057','1958-03-21','2024-09-17 17:26:36',500),(383,'Moss Yanele','(902) 6716711','549179618839','1999-05-13','2024-09-17 17:26:36',4),(384,'Inga Farady','(107) 2773395','862475763925','2012-12-10','2024-09-17 17:26:36',958),(385,'Cirillo Hirtzmann','(269) 4799133','860189309706','2009-06-27','2024-09-17 17:26:36',578),(386,'Ogden Abraham','(171) 8694202','661708039842','1979-10-16','2024-09-17 17:26:36',583),(387,'Hurlee Water','(811) 7608353','485522311238','1998-09-30','2024-09-17 17:26:36',194),(388,'Lombard Elliker','(433) 6798501','702489798199','2001-10-23','2024-09-17 17:26:36',774),(389,'Maureen Ladbrook','(496) 7823736','166835087733','2002-05-26','2024-09-17 17:26:36',276),(390,'Shaw Coping','(727) 7530817','216219402832','2013-11-26','2024-09-17 17:26:36',731),(391,'Buiron Utting','(569) 1212605','392811571041','2012-10-16','2024-09-17 17:26:36',758),(392,'Felice Kaszper','(953) 3794998','243166403823','1967-05-12','2024-09-17 17:26:36',127),(393,'Zacharie Longden','(157) 7924962','526070277329','1975-08-17','2024-09-17 17:26:36',133),(394,'Keefer Greeve','(299) 3213613','724131158204','2003-12-29','2024-09-17 17:26:36',250),(395,'Pet Ambrosini','(555) 1428410','212390275952','1988-12-11','2024-09-17 17:26:36',509),(396,'Gregg Robbert','(208) 2857054','703439493703','1966-07-19','2024-09-17 17:26:36',88),(397,'Merrile Collard','(946) 3119936','482035280846','1969-12-12','2024-09-17 17:26:36',10),(398,'Lesya Wipper','(806) 9669340','335701070817','2011-09-10','2024-09-17 17:26:36',556),(399,'Isak Warden','(353) 1906797','845516682236','1974-07-15','2024-09-17 17:26:36',189),(400,'Baxy Elcocks','(942) 3417211','614359225095','1984-07-10','2024-09-17 17:26:36',241),(401,'Lia Kondratovich','(161) 7523684','747114676904','1960-02-03','2024-09-17 17:26:36',21),(402,'Fabien Della Scala','(610) 9240628','698621717268','1967-10-27','2024-09-17 17:26:36',358),(403,'Kane Tenant','(113) 9705285','261412029350','1983-01-22','2024-09-17 17:26:36',112),(404,'Baird Stitt','(306) 5290689','101345256920','1999-10-17','2024-09-17 17:26:36',596),(405,'Whitaker Scough','(765) 9195930','854728053779','1968-12-23','2024-09-17 17:26:36',752),(406,'Koral Endrici','(510) 1850087','405186628262','1975-09-08','2024-09-17 17:26:36',525),(407,'Knox Eastment','(790) 3134692','278900666114','2000-10-09','2024-09-17 17:26:36',851),(408,'Forrester Grendon','(199) 2058810','634426389547','1957-03-30','2024-09-17 17:26:36',562),(409,'Enriqueta Syseland','(401) 2491051','297162334366','2006-09-22','2024-09-17 17:26:36',687),(410,'Faulkner Simonite','(765) 2742460','105752049349','1985-01-22','2024-09-17 17:26:36',670),(411,'Luther Elrick','(521) 9856425','674244752789','1972-03-24','2024-09-17 17:26:36',367),(412,'Liv Tenpenny','(452) 8471963','544086310262','1976-06-15','2024-09-17 17:26:36',184),(413,'Giles Comelini','(841) 3478878','572548020373','1998-11-25','2024-09-17 17:26:36',779),(414,'Carena Barbier','(659) 8482177','583567336656','1978-08-11','2024-09-17 17:26:36',899),(415,'Robb McAlpin','(665) 3147186','633469985262','2008-09-29','2024-09-17 17:26:36',308),(416,'Regine Grabeham','(973) 1507001','554134767223','2006-11-20','2024-09-17 17:26:36',981),(417,'Rebecka Tetford','(281) 6121745','320495250959','1978-03-29','2024-09-17 17:26:36',979),(418,'Molli Grayley','(868) 4031155','852547879637','1973-01-01','2024-09-17 17:26:36',511),(419,'Cecily La Padula','(717) 4148441','505659934758','1999-03-15','2024-09-17 17:26:36',335),(420,'Minetta Coneybeare','(619) 9849672','758188439759','1956-08-24','2024-09-17 17:26:36',696),(421,'Shay Dulinty','(770) 5304695','660499179048','2010-05-16','2024-09-17 17:26:36',82),(422,'Briney Skelhorne','(453) 1778360','501129776898','1975-02-20','2024-09-17 17:26:36',19),(423,'Dominica Osorio','(851) 8330690','529254580272','1968-06-08','2024-09-17 17:26:36',780),(424,'Marius Landreth','(307) 3905006','359810432480','2002-04-14','2024-09-17 17:26:36',110),(425,'Freemon Mapis','(109) 5698024','331066517291','1985-01-03','2024-09-17 17:26:36',308),(426,'Nikolas Hold','(200) 8023229','701781650292','1999-04-23','2024-09-17 17:26:36',883),(427,'Monique Sent','(587) 7579514','374796954128','1976-09-18','2024-09-17 17:26:36',307),(428,'Antonia Kleinpeltz','(204) 8092606','815894443099','1959-07-17','2024-09-17 17:26:36',101),(429,'Fitz Bartram','(921) 7423634','869053116513','2006-05-11','2024-09-17 17:26:36',967),(430,'Kaja Lightbown','(868) 6886975','757142953431','1982-08-09','2024-09-17 17:26:36',435),(431,'Carlynne Clews','(848) 3202388','590155610511','1976-05-17','2024-09-17 17:26:36',78),(432,'Rana Keller','(315) 3755011','607143556883','1958-11-09','2024-09-17 17:26:36',260),(433,'Stevena Sermin','(873) 3784970','226253662693','1972-06-22','2024-09-17 17:26:36',954),(434,'Ashia Dowthwaite','(412) 1026340','165584303880','1967-02-05','2024-09-17 17:26:36',762),(435,'Pammi Bugg','(794) 6267010','893037382513','1962-09-24','2024-09-17 17:26:36',429),(436,'Ewart Rheubottom','(481) 3239363','206355071605','1954-06-09','2024-09-17 17:26:36',483),(437,'Kayla Lamburn','(613) 8300185','587095382588','1992-04-18','2024-09-17 17:26:36',660),(438,'Isaiah Ockenden','(542) 6075253','773843352715','1993-08-11','2024-09-17 17:26:36',187),(439,'Irene Bryns','(693) 6611343','504594437971','1994-08-07','2024-09-17 17:26:36',166),(440,'Colline Hill','(175) 8528404','559572423908','1971-07-19','2024-09-17 17:26:36',405),(441,'Costanza Troubridge','(337) 5365451','861387426490','1963-05-29','2024-09-17 17:26:36',801),(442,'Lucias Bexon','(313) 6023473','602789683599','1982-05-26','2024-09-17 17:26:36',34),(443,'Kimball Peaple','(495) 9814122','162474565528','1962-07-18','2024-09-17 17:26:36',741),(444,'Albina Ghidini','(593) 7787474','878642538431','1993-04-02','2024-09-17 17:26:36',620),(445,'Hernando Sture','(931) 6964604','472598367161','1982-01-11','2024-09-17 17:26:36',341),(446,'Gavan Grellier','(546) 7653824','171079010596','1985-05-22','2024-09-17 17:26:36',448),(447,'Claudian Juares','(357) 8694134','635141311788','2013-04-24','2024-09-17 17:26:36',298),(448,'Lilian Millom','(441) 3150798','187114613279','1986-09-17','2024-09-17 17:26:36',444),(449,'Lyndel McIlharga','(644) 7829661','766959319920','1977-03-30','2024-09-17 17:26:36',139),(450,'Gayla Gaiter','(994) 2193818','384408802422','1968-03-17','2024-09-17 17:26:36',93),(451,'Gerardo Chomley','(232) 2752957','635958856783','1950-12-15','2024-09-17 17:26:36',729),(452,'Kathi Felton','(948) 8880562','155688292232','1991-02-04','2024-09-17 17:26:36',732),(453,'Riki Golby','(863) 8470657','566087580729','1961-07-20','2024-09-17 17:26:36',699),(454,'Lexis Shurman','(986) 5217580','735663715159','1989-12-11','2024-09-17 17:26:36',105),(455,'Faber Cleiment','(568) 5528245','340784796887','1975-03-14','2024-09-17 17:26:36',501),(456,'Tobie Gent','(381) 3520597','897309276389','1960-02-10','2024-09-17 17:26:36',891),(457,'Carla Fodden','(365) 4343237','566368098863','1951-11-02','2024-09-17 17:26:36',954),(458,'Silva Domegan','(601) 4531919','229555316241','1997-06-07','2024-09-17 17:26:36',47),(459,'Durand Milborn','(636) 3489921','130878916560','1959-11-27','2024-09-17 17:26:36',655),(460,'Darcy Hawse','(647) 8259058','147889706242','1979-05-21','2024-09-17 17:26:36',984),(461,'Mano Rickson','(983) 3543618','568251308847','1972-12-09','2024-09-17 17:26:36',512),(462,'Stephi Jeffers','(303) 7986321','562427510314','2001-05-18','2024-09-17 17:26:36',927),(463,'Jillayne Tellenbrook','(606) 7458284','543064211802','1963-10-02','2024-09-17 17:26:36',306),(464,'Dionysus Kelway','(438) 9875207','847463232008','1995-03-14','2024-09-17 17:26:36',88),(465,'Mareah Jeppensen','(933) 2107947','722939878315','1996-10-20','2024-09-17 17:26:36',248),(466,'Walker Rops','(880) 9614766','879384688674','1963-09-11','2024-09-17 17:26:36',490),(467,'Currey Suttling','(860) 7512681','298543437164','1996-05-29','2024-09-17 17:26:36',54),(468,'Teresina McGrorty','(763) 8442358','388251849615','1966-07-16','2024-09-17 17:26:36',936),(469,'Dredi Rowlands','(109) 4725898','650655300448','1971-08-08','2024-09-17 17:26:36',24),(470,'Romeo Chiverstone','(495) 4913073','474059794140','1970-08-01','2024-09-17 17:26:36',771),(471,'Brook Dolle','(465) 8842667','383242585524','2009-05-31','2024-09-17 17:26:36',69),(472,'Isak Peplay','(335) 2336609','630727328576','1976-06-07','2024-09-17 17:26:36',89),(473,'Virginia Llewhellin','(765) 7428567','277804826947','2010-04-13','2024-09-17 17:26:36',636),(474,'Rafe Kliement','(937) 3044647','816682157613','2009-10-05','2024-09-17 17:26:36',113),(475,'Nikolaos Couper','(340) 4079016','286255388290','1950-07-26','2024-09-17 17:26:36',138),(476,'Lemmie Bydaway','(674) 2417698','731111802134','2001-12-28','2024-09-17 17:26:36',41),(477,'Dinny Christoffe','(419) 9047897','677347641619','1977-02-06','2024-09-17 17:26:36',393),(478,'Frayda Malshinger','(579) 8703511','539451794061','1997-07-17','2024-09-17 17:26:36',94),(479,'Anni Northfield','(721) 9969024','421198630382','1983-09-12','2024-09-17 17:26:36',908),(480,'Nessi Bentick','(277) 5860215','885944763056','1977-08-17','2024-09-17 17:26:36',328),(481,'Odella Heams','(403) 7074153','490391100068','1987-12-17','2024-09-17 17:26:36',610),(482,'Dorie Gold','(102) 4328292','725585984260','2000-12-08','2024-09-17 17:26:36',220),(483,'Melody Burkart','(732) 3097094','223500025456','1952-04-14','2024-09-17 17:26:36',601),(484,'Tomasina Vasiliev','(751) 6603388','307407275390','1983-01-15','2024-09-17 17:26:36',344),(485,'Lennie Woodroffe','(617) 5556093','850441884504','1999-12-31','2024-09-17 17:26:36',812),(486,'Hector Luckhurst','(765) 3800961','617985461768','1981-12-21','2024-09-17 17:26:36',934),(487,'Denys Airy','(868) 3432237','835044101837','1965-06-23','2024-09-17 17:26:36',328),(488,'Genovera Lilian','(490) 7832297','652973582382','1995-09-06','2024-09-17 17:26:36',264),(489,'Lorraine Coade','(379) 4036085','850599304422','1986-08-03','2024-09-17 17:26:36',887),(490,'Cosmo Dufoure','(764) 4918320','274604963045','1989-04-04','2024-09-17 17:26:36',71),(491,'Chickie Chippin','(886) 1934805','295770456648','1973-10-31','2024-09-17 17:26:36',874),(492,'Isador Chipperfield','(377) 6546515','721089956816','1984-09-01','2024-09-17 17:26:36',910),(493,'Bernadene Sambedge','(918) 8158785','579334933897','1985-07-06','2024-09-17 17:26:36',48),(494,'Ichabod Aird','(681) 5973664','717811651522','1978-11-09','2024-09-17 17:26:36',717),(495,'Josey Eakley','(210) 9351517','673995665151','1963-04-07','2024-09-17 17:26:36',903),(496,'Hilliary Faircley','(932) 8438665','309537861210','1955-09-29','2024-09-17 17:26:36',331),(497,'Norrie Domone','(869) 5993430','249181770450','1985-03-11','2024-09-17 17:26:36',572),(498,'Hanni O\'Kenny','(865) 4999339','206941275791','2002-12-28','2024-09-17 17:26:36',590),(499,'Ethelyn Orpen','(288) 7541073','217419192960','1997-04-15','2024-09-17 17:26:36',15),(500,'Patti Mertel','(863) 3859447','676994326642','1951-02-01','2024-09-17 17:26:36',840),(501,'Derril Davern','(422) 7500990','393358270496','1965-03-08','2024-09-17 17:26:36',611),(502,'Lemmy Cattlemull','(238) 3419236','838991214664','2001-12-29','2024-09-17 17:26:36',321),(503,'Adelice Heselwood','(527) 4097808','638186714361','1999-03-02','2024-09-17 17:26:36',475),(504,'Glynda Moores','(946) 6506138','257327297298','1976-03-29','2024-09-17 17:26:36',795),(505,'Emiline MacNeilage','(585) 9412703','585707402725','2011-06-13','2024-09-17 17:26:36',703),(506,'Roselia Naire','(200) 3568107','202253880067','1980-03-18','2024-09-17 17:26:36',572),(507,'Dianne Ruseworth','(690) 6103743','205895623899','1995-10-07','2024-09-17 17:26:36',763),(508,'Emalee Lanchberry','(660) 3053991','653899598055','1999-02-11','2024-09-17 17:26:36',496),(509,'Eugine Vidgeon','(196) 5603009','399776295151','2000-06-20','2024-09-17 17:26:36',409),(510,'Holmes Cockin','(504) 1303881','885783684080','1981-07-09','2024-09-17 17:26:36',459),(511,'Cornall Peele','(743) 8185786','130476887817','1985-06-03','2024-09-17 17:26:36',135),(512,'Madlin Grix','(551) 6170167','536330638109','1979-12-25','2024-09-17 17:26:36',165),(513,'Jamill Dreier','(702) 5147722','548604298550','1992-01-09','2024-09-17 17:26:36',676),(514,'Adair McCooke','(587) 6412211','282962829599','1997-01-29','2024-09-17 17:26:36',73),(515,'Hart Kennewell','(576) 2651683','178624735003','1995-05-29','2024-09-17 17:26:36',881),(516,'Jacqui Derisly','(303) 4436863','389133903978','1955-11-08','2024-09-17 17:26:36',681),(517,'Carol Zanetti','(829) 2561280','217351187259','2000-08-26','2024-09-17 17:26:36',779),(518,'Valli Waistell','(854) 8560347','666451846705','2009-01-29','2024-09-17 17:26:36',281),(519,'Aluin Skully','(920) 2494035','376085106416','1997-08-06','2024-09-17 17:26:36',840),(520,'Peggy Bimrose','(591) 9924934','359343160093','2012-07-22','2024-09-17 17:26:36',303),(521,'Dex Droogan','(508) 6205632','147499205888','1958-09-26','2024-09-17 17:26:36',69),(522,'Mackenzie MacCahey','(903) 2566899','429999177677','2012-07-04','2024-09-17 17:26:36',874),(523,'Athena Giovannoni','(103) 3244474','865184871124','1990-10-10','2024-09-17 17:26:36',482),(524,'Leighton Extil','(321) 8851446','555676955653','1959-12-19','2024-09-17 17:26:36',422),(525,'Frannie McPartling','(555) 6565411','346914904162','1990-01-29','2024-09-17 17:26:36',356),(526,'Rustie Mowsley','(791) 7406364','463728143091','1980-02-20','2024-09-17 17:26:36',112),(527,'Sybilla Ludmann','(662) 2367429','276144014343','1994-08-03','2024-09-17 17:26:36',555),(528,'Nan Gotmann','(380) 9189197','780602569864','1978-07-30','2024-09-17 17:26:36',593),(529,'Rodolfo Blaine','(441) 8063205','706928475476','1954-03-20','2024-09-17 17:26:36',973),(530,'Sharyl Amiranda','(204) 2968090','465659848096','1997-10-23','2024-09-17 17:26:36',441),(531,'Lev Byway','(264) 7955625','310661752770','1975-12-27','2024-09-17 17:26:36',575),(532,'Feliza Lille','(457) 9859389','110798531707','1975-01-07','2024-09-17 17:26:36',2),(533,'Delores Leithgoe','(647) 2369376','198440406354','1994-03-08','2024-09-17 17:26:36',881),(534,'Dermot Gaenor','(265) 1070411','118449892354','2000-08-23','2024-09-17 17:26:36',885),(535,'Kelley Norrey','(272) 5523626','824995172654','1992-06-10','2024-09-17 17:26:36',462),(536,'Gregoor MacMeeking','(285) 1411354','252836785754','1968-08-02','2024-09-17 17:26:36',412),(537,'Ellen Harbor','(879) 2628329','241072938779','1999-03-27','2024-09-17 17:26:36',916),(538,'Oliver Wilmott','(345) 4245968','868723750574','1965-03-22','2024-09-17 17:26:36',820),(539,'Reidar Dimic','(512) 9323506','686382189139','2011-12-06','2024-09-17 17:26:36',222),(540,'Dukie Yanov','(205) 3482464','165511856324','1953-01-26','2024-09-17 17:26:36',125),(541,'Fabio Ovell','(520) 8584905','436323910151','1999-01-06','2024-09-17 17:26:36',665),(542,'Olga Macenzy','(457) 2152212','879106716057','1988-05-14','2024-09-17 17:26:36',952),(543,'Orrin Zealy','(615) 4187676','719499643378','1962-12-08','2024-09-17 17:26:36',491),(544,'Jemie Aspden','(838) 7534596','870051937069','2013-10-18','2024-09-17 17:26:36',598),(545,'Anson Blunkett','(794) 4836644','729376126223','1985-11-18','2024-09-17 17:26:36',869),(546,'Cornell Pohling','(559) 1007878','611593069565','1995-09-12','2024-09-17 17:26:36',451),(547,'Karisa Balderstone','(704) 8339381','895106170957','2007-02-26','2024-09-17 17:26:36',841),(548,'Perceval Panks','(139) 4282516','815791379858','1950-04-21','2024-09-17 17:26:36',557),(549,'Elston Cook','(178) 5833411','186162796438','1998-10-29','2024-09-17 17:26:36',793),(550,'Elle Kitchingman','(387) 2155209','585711325073','1985-07-04','2024-09-17 17:26:36',97),(551,'Emile Tyhurst','(796) 8711413','655232895561','2012-10-12','2024-09-17 17:26:36',660),(552,'Gloria Ivison','(269) 7386022','777378299808','1975-02-16','2024-09-17 17:26:36',695),(553,'Odessa Mickelwright','(527) 7972475','178901765753','2003-12-07','2024-09-17 17:26:36',456),(554,'Hertha Durrell','(969) 1059217','298058995005','1978-07-18','2024-09-17 17:26:36',954),(555,'Salmon Rillatt','(451) 4720121','410038452753','2012-11-04','2024-09-17 17:26:36',923),(556,'Joellen Woodard','(849) 8991656','504816782600','1951-06-12','2024-09-17 17:26:36',674),(557,'Adrienne Vautin','(906) 9149989','371868494744','1953-10-24','2024-09-17 17:26:36',752),(558,'Weider Priddle','(857) 9510543','437884702533','1990-03-11','2024-09-17 17:26:36',554),(559,'Rollie Roos','(808) 8647312','461298743210','1963-05-06','2024-09-17 17:26:36',407),(560,'Brandi Gaenor','(105) 3081731','508512245719','1981-01-10','2024-09-17 17:26:36',331),(561,'Ferdinand Andrez','(588) 2278665','353721973451','1993-10-12','2024-09-17 17:26:36',614),(562,'Roley Eggins','(279) 1517504','158819524552','1974-09-02','2024-09-17 17:26:36',922),(563,'Barron Marjoribanks','(248) 1542535','681497352452','1974-05-20','2024-09-17 17:26:36',43),(564,'Court Roome','(341) 8818228','482191806254','1982-01-12','2024-09-17 17:26:36',284),(565,'Blanche Daish','(138) 1831346','138420455582','1995-03-14','2024-09-17 17:26:36',95),(566,'Myer Dann','(544) 2237796','723980369733','1983-05-11','2024-09-17 17:26:36',987),(567,'Penny Greensitt','(787) 9503630','376330286472','1964-06-02','2024-09-17 17:26:36',495),(568,'Asia Stallen','(739) 2936943','305344527836','1971-07-09','2024-09-17 17:26:36',515),(569,'Milena McLaggan','(841) 6843197','774066332618','1984-06-14','2024-09-17 17:26:36',303),(570,'Thedrick Mouser','(694) 9195726','284938897166','1973-02-18','2024-09-17 17:26:36',663),(571,'Aloin Matyas','(124) 6642000','503262596118','1962-10-04','2024-09-17 17:26:36',398),(572,'Shepard Franceschi','(438) 1227963','497977550517','1970-12-13','2024-09-17 17:26:36',411),(573,'Nigel Gunthorp','(330) 5713946','221960935566','1977-01-08','2024-09-17 17:26:36',186),(574,'Charmane McGunley','(748) 9201807','447621899191','2010-12-14','2024-09-17 17:26:36',132),(575,'Lonnard Hanna','(646) 5304564','233091652265','1954-09-27','2024-09-17 17:26:36',99),(576,'Quentin Ostick','(336) 5635209','194963182758','2009-08-28','2024-09-17 17:26:36',73),(577,'Hamlin Sich','(376) 3372607','658373683318','1993-12-01','2024-09-17 17:26:36',750),(578,'Chryste Dumke','(536) 1669617','728611664746','1983-10-05','2024-09-17 17:26:36',149),(579,'Hanna Vanini','(304) 5346187','633206044628','1966-10-01','2024-09-17 17:26:36',79),(580,'Ritchie Fannon','(184) 2247140','798611686375','1973-02-21','2024-09-17 17:26:36',167),(581,'Keenan Caller','(502) 4740079','321470940876','1973-08-15','2024-09-17 17:26:36',606),(582,'Talia Atlee','(442) 8125247','125632487842','1971-04-14','2024-09-17 17:26:36',950),(583,'Minny Halsted','(665) 4010092','653090489092','1987-01-18','2024-09-17 17:26:36',364),(584,'Dudley Zumbusch','(443) 6249320','145691732866','1954-02-21','2024-09-17 17:26:36',687),(585,'Marybelle Wicken','(434) 1323534','330938895009','1957-02-22','2024-09-17 17:26:36',935),(586,'Myrilla Glencross','(369) 7946246','387877207204','1971-06-07','2024-09-17 17:26:36',379),(587,'Renado Speere','(615) 6803491','598293778569','1977-01-30','2024-09-17 17:26:36',175),(588,'Bertie Doppler','(789) 7064484','700754724706','1952-01-07','2024-09-17 17:26:36',267),(589,'Cecilius Guidetti','(624) 3579248','395131249945','1997-04-08','2024-09-17 17:26:36',871),(590,'Goldia Meekings','(665) 5049328','269827155172','2002-05-19','2024-09-17 17:26:36',66),(591,'Margareta Tellenbach','(429) 6749619','248826752875','1979-12-23','2024-09-17 17:26:36',291),(592,'Manfred Gummer','(822) 2179427','318493127968','1973-01-02','2024-09-17 17:26:36',898),(593,'Rudie Poge','(120) 4131126','883939826585','1992-01-23','2024-09-17 17:26:36',506),(594,'Nat Agostini','(490) 2421187','439987837000','1993-09-10','2024-09-17 17:26:36',207),(595,'Killy Casazza','(301) 1072995','602569469649','1986-01-16','2024-09-17 17:26:36',762),(596,'Sharline Kittredge','(191) 6315702','542717395305','2013-09-13','2024-09-17 17:26:36',36),(597,'Davin Deverill','(915) 4274354','560541484764','1994-06-23','2024-09-17 17:26:36',416),(598,'Abramo Arkcoll','(913) 7161864','736684041860','2008-06-15','2024-09-17 17:26:36',728),(599,'Reggie Ivanuschka','(342) 7771727','665947177662','1987-07-18','2024-09-17 17:26:36',462),(600,'Lowell Daintry','(599) 1576509','878378061679','1998-12-24','2024-09-17 17:26:36',651),(601,'Penrod Bridgen','(211) 1327492','629580711616','1955-12-06','2024-09-17 17:26:36',389),(602,'Jaime Maddy','(950) 4723032','383896594330','2003-10-03','2024-09-17 17:26:36',387),(603,'Ariana Yoselevitch','(115) 5771138','302427146682','2003-05-12','2024-09-17 17:26:36',134),(604,'Kassia Burgis','(942) 5090685','328824446794','1982-03-07','2024-09-17 17:26:36',194),(605,'Davida Giacaponi','(651) 5775359','802864424736','2006-09-06','2024-09-17 17:26:36',532),(606,'Geno Gulland','(781) 4051644','730410645476','1985-08-17','2024-09-17 17:26:36',595),(607,'Joletta Martonfi','(380) 2057393','182360058413','1964-09-28','2024-09-17 17:26:36',836),(608,'Ralf Abramchik','(943) 3146453','506818057109','1964-03-07','2024-09-17 17:26:36',629),(609,'Isabella Noar','(524) 7714289','449015440745','2006-05-03','2024-09-17 17:26:36',880),(610,'Agosto Radnage','(387) 1815154','790494875538','1978-06-24','2024-09-17 17:26:36',442),(611,'Stormy Smallcombe','(557) 2327527','637697043579','1964-12-11','2024-09-17 17:26:36',446),(612,'Merola Charville','(289) 3068676','861804323637','1997-09-15','2024-09-17 17:26:36',652),(613,'Allan Catchpole','(685) 2962720','618621338331','2005-10-15','2024-09-17 17:26:36',164),(614,'Alexandra Raynard','(505) 1946075','704006203952','1999-12-01','2024-09-17 17:26:36',89),(615,'Austin Beresford','(762) 7739198','424902429361','2000-04-29','2024-09-17 17:26:36',464),(616,'Abbe Flaunier','(352) 6428827','811156078899','1976-05-16','2024-09-17 17:26:36',209),(617,'Giustina Kime','(832) 3526217','551186010910','1964-02-19','2024-09-17 17:26:36',60),(618,'Way Giorgioni','(978) 6663560','606995889062','1955-07-09','2024-09-17 17:26:36',65),(619,'Nicola Horley','(564) 6163933','431096267511','1982-08-23','2024-09-17 17:26:36',425),(620,'Tildi Vanes','(159) 6069670','322368146185','1963-05-15','2024-09-17 17:26:36',537),(621,'Sawyere Hatz','(981) 6686790','585659265464','1977-04-27','2024-09-17 17:26:36',561),(622,'Boyce Leete','(854) 7755324','112042394917','1952-11-19','2024-09-17 17:26:36',959),(623,'Florian Paulon','(849) 2951496','167618900558','1959-11-19','2024-09-17 17:26:36',709),(624,'Guglielmo Venturoli','(993) 6286947','403622842787','1984-01-19','2024-09-17 17:26:36',89),(625,'Stephen Rassell','(867) 2502008','201640346771','1998-07-28','2024-09-17 17:26:36',269),(626,'Ardra Spyby','(291) 5561129','105730280405','1991-08-02','2024-09-17 17:26:36',353),(627,'Horace Ormerod','(800) 6164162','191433589061','1952-06-06','2024-09-17 17:26:36',353),(628,'Martin Fonso','(712) 1303689','692420958980','1996-08-07','2024-09-17 17:26:36',468),(629,'Robinet Endersby','(813) 3781034','683102644607','1998-10-14','2024-09-17 17:26:36',477),(630,'Laraine Leacy','(516) 4551189','857427094850','1952-08-24','2024-09-17 17:26:36',366),(631,'Alejandro Saul','(254) 7611693','619991056659','2002-06-02','2024-09-17 17:26:36',986),(632,'Webb Mitroshinov','(990) 9372834','137648287928','1995-08-12','2024-09-17 17:26:36',419),(633,'Averil Normandale','(361) 1845696','650300073723','1957-03-06','2024-09-17 17:26:36',233),(634,'Ricky Huard','(499) 4587199','509936651586','1997-09-06','2024-09-17 17:26:36',396),(635,'Dewey Hartridge','(558) 4076816','800690549900','1955-04-02','2024-09-17 17:26:36',603),(636,'Dirk Van Dijk','(445) 9357343','349009269837','2007-06-18','2024-09-17 17:26:36',741),(637,'Fanchon Hawking','(231) 8347050','299787221679','2000-12-09','2024-09-17 17:26:36',680),(638,'Vivianna Campkin','(333) 1645077','334233320155','1968-08-07','2024-09-17 17:26:36',586),(639,'Justino Baxill','(599) 8226963','194310225595','1981-07-02','2024-09-17 17:26:36',596),(640,'Elwyn Briamo','(724) 6027447','715868108384','1998-01-19','2024-09-17 17:26:36',453),(641,'Mariann Bakesef','(919) 8454086','230902141488','1989-04-25','2024-09-17 17:26:36',474),(642,'Trudey Effaunt','(472) 5446058','429318902516','2003-11-24','2024-09-17 17:26:36',959),(643,'Tad Kildahl','(808) 9672159','648004184083','2000-05-30','2024-09-17 17:26:36',875),(644,'Butch Ozintsev','(299) 1709968','493102877146','1953-10-26','2024-09-17 17:26:36',430),(645,'Judy Furminger','(446) 8780761','830074604258','1985-03-29','2024-09-17 17:26:36',710),(646,'Konrad Jeannel','(960) 9065014','849911611057','1987-02-05','2024-09-17 17:26:36',26),(647,'Riley O\'Sheeryne','(160) 3417621','735570900845','2010-03-27','2024-09-17 17:26:36',592),(648,'Fairfax Pail','(548) 3546106','356678027819','2004-12-17','2024-09-17 17:26:36',411),(649,'Merrick Batrop','(506) 5515436','432301741326','1961-08-08','2024-09-17 17:26:36',692),(650,'Nelie Dodshun','(123) 3726154','797695435768','1968-04-04','2024-09-17 17:26:36',111),(651,'Sawyer Fasson','(673) 7524187','159654778797','1978-07-04','2024-09-17 17:26:36',422),(652,'Leena Hay','(164) 6371615','863711199999','1989-04-28','2024-09-17 17:26:36',156),(653,'Ermanno Every','(544) 8356965','516408737984','1965-11-17','2024-09-17 17:26:36',933),(654,'Alicia Cast','(333) 1285423','550983000448','1994-10-22','2024-09-17 17:26:36',672),(655,'Nady Ditch','(417) 4698858','619076230767','1986-01-21','2024-09-17 17:26:36',473),(656,'Helenelizabeth Parlett','(492) 9683270','512886757112','1956-11-01','2024-09-17 17:26:36',128),(657,'Jorry Rutt','(203) 9142838','897174436162','1954-12-07','2024-09-17 17:26:36',719),(658,'Birgit Hairyes','(516) 2370244','535304644954','1964-07-01','2024-09-17 17:26:36',630),(659,'Dilan Lidbetter','(541) 8740032','352165122547','1994-02-10','2024-09-17 17:26:36',665),(660,'Ara Ivasechko','(657) 5662687','335596256666','1973-02-24','2024-09-17 17:26:36',686),(661,'Fanechka Maier','(346) 7709485','735798005915','1986-06-13','2024-09-17 17:26:36',718),(662,'Mile Gooda','(490) 9497620','279960660457','1954-04-23','2024-09-17 17:26:36',418),(663,'Phyllys Schapero','(353) 3289396','836639918868','1957-10-03','2024-09-17 17:26:36',154),(664,'Brok Maxted','(123) 2097059','804985486868','2010-02-25','2024-09-17 17:26:36',41),(665,'Melodie Barlas','(469) 8128897','485755326760','1968-11-18','2024-09-17 17:26:36',517),(666,'May Wilacot','(726) 4667443','802695179591','2007-02-14','2024-09-17 17:26:36',564),(667,'Keslie Wigsell','(781) 9558415','653272340272','1970-02-26','2024-09-17 17:26:36',673),(668,'Lauralee Askie','(948) 8552155','379646021309','2009-08-24','2024-09-17 17:26:36',173),(669,'Dionysus Moniker','(460) 4179259','681495959450','1952-08-26','2024-09-17 17:26:36',680),(670,'Ruthann Cleator','(349) 2880383','562382616614','2009-05-10','2024-09-17 17:26:36',589),(671,'Deedee Osgardby','(391) 9866761','375788263153','2014-05-02','2024-09-17 17:26:36',839),(672,'Trevar Schwaiger','(239) 6608597','854516947452','2004-10-23','2024-09-17 17:26:36',53),(673,'Ketty Jellman','(125) 9921964','649839145703','2004-08-02','2024-09-17 17:26:36',807),(674,'Mignon Asals','(667) 7862937','258197511537','2006-10-27','2024-09-17 17:26:36',714),(675,'Leland Grassi','(711) 8768545','243290211876','1967-06-09','2024-09-17 17:26:36',775),(676,'Jonell Bener','(217) 4342832','654047937204','2014-05-21','2024-09-17 17:26:36',666),(677,'Dominique Baiss','(948) 2641854','822553108399','1957-06-29','2024-09-17 17:26:36',413),(678,'Geordie Penna','(603) 7169997','365772199206','1980-01-03','2024-09-17 17:26:36',25),(679,'Verge Errington','(729) 3931090','495067887439','2002-12-18','2024-09-17 17:26:36',418),(680,'Mora Manuelli','(377) 3033788','140149966519','1957-05-19','2024-09-17 17:26:36',574),(681,'Shannon Flacknoe','(584) 3033705','610252799105','1956-03-05','2024-09-17 17:26:36',55),(682,'Rudd Maggorini','(410) 2412986','665407114541','1984-09-04','2024-09-17 17:26:36',974),(683,'Franzen Eudall','(925) 2829359','744670826069','1982-10-30','2024-09-17 17:26:36',895),(684,'Brad Chastey','(965) 7807343','588659829858','1966-01-23','2024-09-17 17:26:36',95),(685,'Suzi Kulicke','(571) 7020212','893446859284','2004-09-20','2024-09-17 17:26:36',406),(686,'Archaimbaud Haggerwood','(411) 4843768','633733520611','1962-01-12','2024-09-17 17:26:36',181),(687,'Barbaraanne Matusson','(809) 9584436','108457507125','1955-09-14','2024-09-17 17:26:36',454),(688,'Kenton Bardnam','(207) 2219302','666829011679','1957-06-26','2024-09-17 17:26:36',895),(689,'Ced Rampage','(884) 9455338','363567333101','2014-05-30','2024-09-17 17:26:36',597),(690,'Glenn Bartelet','(268) 6632497','550316079251','2011-05-06','2024-09-17 17:26:36',781),(691,'Pavlov Nudd','(808) 9719729','859235619471','1964-12-13','2024-09-17 17:26:36',872),(692,'Farrell Shead','(975) 3820143','748057701334','1976-02-25','2024-09-17 17:26:36',833),(693,'Rolph Merigeau','(790) 1520842','201029927666','1979-01-05','2024-09-17 17:26:36',352),(694,'Loise Matonin','(156) 8744917','586015315797','1950-01-01','2024-09-17 17:26:36',216),(695,'Adolf Crolla','(899) 4804515','838631255354','2009-02-21','2024-09-17 17:26:36',818),(696,'Mattie MacDaid','(932) 1609544','306835302927','2010-01-16','2024-09-17 17:26:36',793),(697,'Vincents Seabrooke','(473) 3954140','648315911169','1977-04-17','2024-09-17 17:26:36',41),(698,'Cam Purveys','(577) 2821812','500659859323','1964-04-19','2024-09-17 17:26:36',968),(699,'Remus Jenkyn','(170) 8291443','402068287141','1969-05-03','2024-09-17 17:26:36',403),(700,'Genvieve Spanswick','(542) 1891285','810261583100','1998-09-14','2024-09-17 17:26:36',157),(701,'Sterne Wolland','(788) 2993877','533058113180','1974-05-10','2024-09-17 17:26:36',944),(702,'Amii Widdocks','(680) 9679792','441459057235','1950-05-12','2024-09-17 17:26:36',37),(703,'Wald Ritchard','(264) 5824438','147146576643','1995-11-11','2024-09-17 17:26:36',737),(704,'Alfonse Bonnier','(698) 2213798','771259341481','1970-08-14','2024-09-17 17:26:36',307),(705,'Lil Strass','(155) 2683531','867156441764','1980-08-03','2024-09-17 17:26:36',605),(706,'Livia Maltby','(811) 5850162','393511590324','2006-10-04','2024-09-17 17:26:36',358),(707,'Gaye Sherwyn','(397) 7619465','849184070243','1966-08-10','2024-09-17 17:26:36',978),(708,'Kyle Kubas','(239) 3580621','534902160833','1973-09-22','2024-09-17 17:26:36',846),(709,'Odette Galbreth','(132) 4353947','123737362934','1988-09-12','2024-09-17 17:26:36',568),(710,'Lyndell Cordrey','(981) 8658052','283722713419','1997-04-18','2024-09-17 17:26:36',274),(711,'Elberta Baradel','(356) 2193625','311316509547','1974-07-18','2024-09-17 17:26:36',971),(712,'Reina Bird','(174) 6947499','154728209286','1980-10-29','2024-09-17 17:26:36',11),(713,'Axe Wedge','(633) 7627078','254674788960','1967-05-19','2024-09-17 17:26:36',11),(714,'Horacio Axtonne','(196) 3087327','130280497015','1992-08-15','2024-09-17 17:26:36',242),(715,'Gregorio Sarfati','(159) 6671043','285129311457','1971-07-19','2024-09-17 17:26:36',449),(716,'Colver Archbald','(474) 2574670','375791646634','1999-06-06','2024-09-17 17:26:36',43),(717,'Pru MacCartair','(712) 7413601','399876306208','1994-09-13','2024-09-17 17:26:36',499),(718,'Lewiss Goff','(803) 5343132','892116658669','1978-08-14','2024-09-17 17:26:36',411),(719,'Annabelle Hallgalley','(152) 3383302','584968944378','1954-04-23','2024-09-17 17:26:36',349),(720,'Lemmy Kardos','(663) 4015289','707068577805','2002-07-31','2024-09-17 17:26:36',619),(721,'Erina Basek','(667) 4136114','461577703511','1984-11-13','2024-09-17 17:26:36',937),(722,'Anastassia Vauter','(135) 8715118','873588231811','1970-08-08','2024-09-17 17:26:36',455),(723,'Olin Dogerty','(681) 9259785','259939361822','1966-03-02','2024-09-17 17:26:36',720),(724,'Kalinda Gambell','(419) 6133083','503323137978','1967-09-01','2024-09-17 17:26:36',856),(725,'Ly Dargue','(377) 8029905','353978267646','1993-03-20','2024-09-17 17:26:36',696),(726,'Paolina Merlin','(493) 2790053','308254832502','1958-03-06','2024-09-17 17:26:36',346),(727,'Tarah Kernoghan','(376) 1126873','142909806890','1995-11-13','2024-09-17 17:26:36',683),(728,'Kip McKain','(575) 4637161','398830593010','1972-06-06','2024-09-17 17:26:36',493),(729,'Fiann MacGaughy','(392) 9648790','113847651916','1950-06-09','2024-09-17 17:26:36',427),(730,'Tracy Ribeiro','(558) 8015767','403412323666','1990-02-20','2024-09-17 17:26:36',735),(731,'Klaus Mercer','(134) 6551126','584156071829','2013-07-27','2024-09-17 17:26:36',184),(732,'Dulcy Butterfint','(394) 7600682','701406016047','1973-11-30','2024-09-17 17:26:36',895),(733,'Dolf Bury','(690) 7758118','361737530389','1984-06-30','2024-09-17 17:26:36',702),(734,'Annaliese Henriques','(851) 6294767','475517478525','1994-11-15','2024-09-17 17:26:36',618),(735,'Juditha Papaminas','(940) 8814852','142546774174','1951-06-19','2024-09-17 17:26:36',946),(736,'Goran Cobden','(648) 4742171','663649354369','2004-08-10','2024-09-17 17:26:36',340),(737,'Quinta Fettiplace','(882) 3640682','838109386521','1988-02-25','2024-09-17 17:26:36',274),(738,'Vita Backen','(740) 3810019','375505943919','1962-08-14','2024-09-17 17:26:36',545),(739,'Kristy Scimoni','(739) 4972943','111387713042','2009-09-20','2024-09-17 17:26:36',349),(740,'Caddric Eggleston','(433) 7544301','832686435225','1992-07-14','2024-09-17 17:26:36',705),(741,'Fiann Kleen','(854) 5085548','142296085152','1963-08-31','2024-09-17 17:26:36',512),(742,'Keenan Durtnel','(437) 8375444','649128750094','2007-02-25','2024-09-17 17:26:36',163),(743,'Christoper Dehm','(667) 8023639','408757921653','1986-05-27','2024-09-17 17:26:36',240),(744,'Krystal Gruszka','(363) 7594997','347059132973','1994-04-08','2024-09-17 17:26:36',335),(745,'Georgena Aldwinckle','(318) 4719360','804017051897','1981-10-05','2024-09-17 17:26:36',447),(746,'Kessia Penhaligon','(668) 9700307','743074538536','2012-12-27','2024-09-17 17:26:36',765),(747,'Libby de Cullip','(235) 2379475','838284762196','1983-12-20','2024-09-17 17:26:36',463),(748,'Ernesta Wayvill','(971) 3596860','519053557842','1956-03-07','2024-09-17 17:26:36',268),(749,'Stan Waliszek','(291) 7631604','867112889221','1977-07-22','2024-09-17 17:26:36',40),(750,'Ferguson Bickerton','(646) 5921928','511172060800','2013-10-28','2024-09-17 17:26:36',345),(751,'Shaina Adolfson','(612) 6070876','338193478535','1953-06-10','2024-09-17 17:26:36',515),(752,'Jeremias Twitching','(349) 6669761','363456552114','1962-06-12','2024-09-17 17:26:36',234),(753,'Ros Rodden','(723) 9682714','471201837800','1976-09-02','2024-09-17 17:26:36',916),(754,'Wendie Helks','(305) 5788751','510758479616','1967-07-05','2024-09-17 17:26:36',295),(755,'Albina Wedmore','(861) 1212471','231585961191','2003-09-22','2024-09-17 17:26:36',866),(756,'Mechelle Skepper','(421) 1337461','403440623967','2000-11-16','2024-09-17 17:26:36',189),(757,'Job Woodcroft','(208) 7336926','524822783751','1962-06-20','2024-09-17 17:26:36',850),(758,'Rasia Kuhle','(954) 8490144','681828344719','1987-11-14','2024-09-17 17:26:36',8),(759,'Port Leaney','(279) 7356768','617962569079','1989-12-22','2024-09-17 17:26:36',377),(760,'Had Blodg','(858) 6394438','638780787188','1961-08-05','2024-09-17 17:26:36',630),(761,'Darcy Gunnell','(507) 5949673','230496328545','1966-03-07','2024-09-17 17:26:36',812),(762,'Bellina Kirke','(869) 4089852','370655948782','1994-01-18','2024-09-17 17:26:36',224),(763,'Alec Wiggall','(281) 3414231','699347472824','1991-07-10','2024-09-17 17:26:36',180),(764,'Cathleen Lee','(697) 8754478','588715985147','2014-08-16','2024-09-17 17:26:36',220),(765,'Geneva Kirkham','(395) 4896849','379738737082','1951-06-25','2024-09-17 17:26:36',768),(766,'Birdie Muckian','(108) 9643195','261781296441','1991-08-23','2024-09-17 17:26:36',959),(767,'Jammie Lippitt','(400) 7659657','609827822343','2006-10-19','2024-09-17 17:26:36',580),(768,'Huberto Jefferson','(898) 7818689','349773152399','2013-08-08','2024-09-17 17:26:36',71),(769,'Anet Sherrell','(796) 1065934','695962064674','1980-06-22','2024-09-17 17:26:36',599),(770,'Bartholomeo Holdron','(247) 1340893','647687864402','1961-07-19','2024-09-17 17:26:36',662),(771,'Kamila Hapgood','(159) 2905641','623721699240','2001-04-06','2024-09-17 17:26:36',567),(772,'Tatiana Alenin','(552) 9260277','406020806830','1998-11-21','2024-09-17 17:26:36',958),(773,'Hillie Siemianowicz','(378) 3313376','651630274239','1958-12-04','2024-09-17 17:26:36',767),(774,'Andee McMorran','(837) 7320530','301691002770','2001-06-02','2024-09-17 17:26:36',349),(775,'Darcey Karus','(233) 6596345','489348193042','2012-04-18','2024-09-17 17:26:36',900),(776,'Hayward Laurisch','(766) 6905410','441051043825','1994-12-15','2024-09-17 17:26:36',592),(777,'Rancell Crutch','(916) 9645371','412649410000','2012-07-04','2024-09-17 17:26:36',639),(778,'Cary Block','(370) 6136025','865781967401','2007-05-06','2024-09-17 17:26:36',443),(779,'Gaven Treweek','(608) 2164365','748041705024','1985-08-02','2024-09-17 17:26:36',668),(780,'Derron Willbourne','(773) 9804241','520127588022','1950-07-20','2024-09-17 17:26:36',471),(781,'Corey Cornely','(823) 8887243','881039167332','2003-01-03','2024-09-17 17:26:36',82),(782,'Geri Ellsworthe','(525) 9302426','355842574071','1968-05-29','2024-09-17 17:26:36',369),(783,'Constantin Duffitt','(534) 4833784','437043333146','1991-07-04','2024-09-17 17:26:36',94),(784,'Susannah Cockhill','(708) 1306168','710989360149','1967-07-06','2024-09-17 17:26:36',896),(785,'Cristine Bodsworth','(162) 8420094','162821667998','1966-07-11','2024-09-17 17:26:36',135),(786,'Maryellen Shoemark','(953) 3423774','240483744942','1986-05-14','2024-09-17 17:26:36',567),(787,'Adara Pizzie','(275) 3520914','552723357886','1951-04-21','2024-09-17 17:26:36',602),(788,'Hewet Malam','(826) 6948322','658959347050','1952-10-26','2024-09-17 17:26:36',981),(789,'Tobie Sketh','(790) 5625561','532780478222','1959-06-28','2024-09-17 17:26:36',598),(790,'Blisse Inns','(599) 7457953','286045650097','1966-05-03','2024-09-17 17:26:36',688),(791,'Riannon Jerram','(662) 3140107','130770763092','1969-11-21','2024-09-17 17:26:36',625),(792,'Taddeusz Dillicate','(923) 2666677','265012389102','2002-11-09','2024-09-17 17:26:36',743),(793,'Emelita Ormistone','(864) 7355209','829418872149','1992-12-21','2024-09-17 17:26:36',367),(794,'Remus Fernier','(164) 9215088','243809335014','1964-07-07','2024-09-17 17:26:36',842),(795,'Anastassia Vasiliev','(761) 1962039','592177217392','1987-12-07','2024-09-17 17:26:36',47),(796,'Dorena Dollin','(223) 8397299','791665071487','2011-11-23','2024-09-17 17:26:36',559),(797,'Adriano Copo','(853) 6804967','797044000081','2011-11-22','2024-09-17 17:26:36',643),(798,'Jacquenetta Nelmes','(329) 8100423','643637804099','1955-02-07','2024-09-17 17:26:36',848),(799,'Desiree Hrishanok','() 2915720','117568189215','1960-04-07','2024-09-17 17:26:36',535),(800,'Herbert Kubin','(240) 8314651','840851972362','1980-09-30','2024-09-17 17:26:36',513),(801,'Dareen Mc Cahey','(702) 7818905','679200063736','1983-04-06','2024-09-17 17:26:36',540),(802,'Ula Jakubczyk','(659) 5874264','616333699914','1965-10-13','2024-09-17 17:26:37',521),(803,'Netta Solon','(998) 7344488','337587823115','2000-02-13','2024-09-17 17:26:37',487),(804,'Reece Rozet','(217) 3473430','706017392861','2012-02-18','2024-09-17 17:26:37',800),(805,'Prudi Streather','(458) 6516298','762904070364','1974-09-29','2024-09-17 17:26:37',952),(806,'Robin Richford','(866) 4418684','819919093964','1980-10-30','2024-09-17 17:26:37',205),(807,'Bondon Kobieriecki','(316) 8936280','441834591408','2006-03-02','2024-09-17 17:26:37',201),(808,'Jewel Whittenbury','(405) 6472876','706988255318','1972-08-24','2024-09-17 17:26:37',438),(809,'Angy Futty','(994) 4434295','108257248295','2011-09-15','2024-09-17 17:26:37',293),(810,'Archaimbaud Strowthers','(432) 6266444','195096301887','1990-12-30','2024-09-17 17:26:37',401),(811,'Helga Belly','(289) 9567948','213624857756','1995-02-04','2024-09-17 17:26:37',70),(812,'Kate Wones','(798) 5111739','445848775315','1983-11-25','2024-09-17 17:26:37',218),(813,'Genni Serrurier','(971) 8349812','112622692386','1999-05-12','2024-09-17 17:26:37',551),(814,'Elise Stoacley','(267) 1792566','597150532273','1986-05-11','2024-09-17 17:26:37',636),(815,'Valentijn Kersley','(852) 3970561','240383944367','1977-07-29','2024-09-17 17:26:37',839),(816,'Melamie Reis','(344) 9757914','694307278680','1962-10-09','2024-09-17 17:26:37',692),(817,'Pierson Sausman','(538) 7866045','251856215502','2004-09-20','2024-09-17 17:26:37',987),(818,'Carita Scambler','(844) 2636653','892946151517','1965-10-04','2024-09-17 17:26:37',369),(819,'Carleton Wimpey','(675) 2766174','739851916161','2008-12-01','2024-09-17 17:26:37',520),(820,'Ofella Scholer','(254) 1792407','350096377822','1989-06-19','2024-09-17 17:26:37',319),(821,'Wenona Ruspine','(752) 1045141','833721511144','1986-01-29','2024-09-17 17:26:37',929),(822,'Mirabel Bernardot','(500) 8792580','311043097223','1967-07-22','2024-09-17 17:26:37',871),(823,'Harlen Bratt','(253) 1217229','269709705151','1981-02-03','2024-09-17 17:26:37',189),(824,'Lari Anstead','(127) 7706923','406899995407','1985-12-06','2024-09-17 17:26:37',247),(825,'Catherina Anthoin','(841) 1510810','247732310677','2004-07-04','2024-09-17 17:26:37',150),(826,'Tirrell Joiris','(984) 6736474','540708600755','2003-05-10','2024-09-17 17:26:37',224),(827,'Rowan Thamelt','(350) 7431685','141145497891','1992-08-31','2024-09-17 17:26:37',914),(828,'Kaela Ketch','(869) 1190959','668796535667','1988-09-27','2024-09-17 17:26:37',816),(829,'Rica Ewens','(547) 3557642','614033403337','1962-03-03','2024-09-17 17:26:37',243),(830,'Nickie Hargraves','(657) 8974668','692340338927','1972-02-16','2024-09-17 17:26:37',38),(831,'Hyacintha Coveney','(186) 9379337','267064353417','2000-12-14','2024-09-17 17:26:37',627),(832,'Erie Crew','(264) 9806648','549498658946','2014-04-29','2024-09-17 17:26:37',151),(833,'Merrili Mowsdill','(686) 1489959','731229668757','2014-05-29','2024-09-17 17:26:37',38),(834,'Jeralee Winsborrow','(797) 7496223','414827800160','1966-05-24','2024-09-17 17:26:37',644),(835,'Juline Grunson','(735) 5342027','327923722031','1978-08-27','2024-09-17 17:26:37',615),(836,'Fayth Dowsett','(846) 4829853','752907372340','1992-03-23','2024-09-17 17:26:37',918),(837,'Warner Goodwell','(471) 6506867','710742583759','2010-11-18','2024-09-17 17:26:37',707),(838,'Valentia Beniesh','(684) 9303731','500696226388','1994-12-19','2024-09-17 17:26:37',511),(839,'Terrie Keep','(975) 6859183','733967513461','2003-10-08','2024-09-17 17:26:37',33),(840,'Carita Barkaway','(928) 5238998','613964135910','1981-04-29','2024-09-17 17:26:37',527),(841,'Kamillah Thelwll','(214) 5264387','481798337750','1958-09-17','2024-09-17 17:26:37',874),(842,'Delia Gilbank','(190) 6132592','649545388568','2001-01-23','2024-09-17 17:26:37',263),(843,'Silvia Silbert','(539) 4726356','110566859440','1959-10-02','2024-09-17 17:26:37',981),(844,'Corbie Phair','(224) 4737544','319667649564','1974-04-15','2024-09-17 17:26:37',919),(845,'Sheff Fritschmann','(942) 1056905','118188838609','1999-04-22','2024-09-17 17:26:37',963),(846,'Lanita Adamowicz','(583) 5201123','628587731703','1964-05-31','2024-09-17 17:26:37',40),(847,'Lind Morrissey','(276) 8555608','531974439328','1958-05-14','2024-09-17 17:26:37',9),(848,'Roldan Pawellek','(718) 1502458','428443526307','1962-09-22','2024-09-17 17:26:37',841),(849,'Meredeth Tatchell','(379) 7959625','688764112588','1960-07-22','2024-09-17 17:26:37',208),(850,'Karilynn Cawdery','(815) 2328291','576001446570','1979-06-30','2024-09-17 17:26:37',918),(851,'Deva Greathead','(852) 8792341','544004925430','1967-04-09','2024-09-17 17:26:37',139),(852,'Alaster Beagrie','(539) 2876240','874148998328','2013-04-13','2024-09-17 17:26:37',890),(853,'Abeu Pandie','(714) 7543342','446839887067','1964-05-11','2024-09-17 17:26:37',584),(854,'Roman Playfair','(954) 3004016','897403992181','1999-10-16','2024-09-17 17:26:37',484),(855,'Holli Tomkies','(336) 8784396','268401598281','1964-01-23','2024-09-17 17:26:37',765),(856,'Siobhan Syer','(140) 1533646','229394187376','1993-12-15','2024-09-17 17:26:37',693),(857,'Maje Guidone','(813) 3946798','810453635302','2008-11-17','2024-09-17 17:26:37',634),(858,'Ransell Lashmar','(985) 8333461','121670379998','1997-09-20','2024-09-17 17:26:37',938),(859,'Lilias Hook','(846) 6693876','503420714132','1994-08-30','2024-09-17 17:26:37',358),(860,'Hamish Fearnside','(202) 4534319','419720702571','2011-03-23','2024-09-17 17:26:37',527),(861,'Alethea Craigheid','(409) 6138717','517425421753','1961-03-17','2024-09-17 17:26:37',218),(862,'Janey Jenicke','(820) 2470553','569814971018','2013-04-20','2024-09-17 17:26:37',293),(863,'Kristien McNirlin','(220) 4220203','700386035771','1962-07-21','2024-09-17 17:26:37',663),(864,'Julianne Brittian','(643) 9694710','437687150700','1957-12-18','2024-09-17 17:26:37',833),(865,'Andros Harty','(341) 1020637','202860867345','1983-12-23','2024-09-17 17:26:37',796),(866,'Harley Dullard','(600) 5365313','452694609201','2000-10-06','2024-09-17 17:26:37',292),(867,'Candice Erwin','(194) 9636458','322572356430','1957-10-14','2024-09-17 17:26:37',681),(868,'Tabina Carnie','(978) 3147162','190633820735','1997-06-21','2024-09-17 17:26:37',362),(869,'Yvor Derrell','(122) 2980191','527285988467','1964-03-12','2024-09-17 17:26:37',593),(870,'Theresina Featonby','(824) 7204773','417549794016','1983-02-19','2024-09-17 17:26:37',147),(871,'Mercie Demer','(141) 7787400','704841337233','1952-06-27','2024-09-17 17:26:37',412),(872,'Parker Edmons','(106) 2776243','462163956916','2003-08-26','2024-09-17 17:26:37',67),(873,'Dalston Godrich','(650) 7000006','745328734725','1979-04-22','2024-09-17 17:26:37',475),(874,'Pearla Screech','(649) 9617304','448653830726','1951-08-04','2024-09-17 17:26:37',53),(875,'Chrystel Brookz','(637) 9397155','568708362422','1960-05-21','2024-09-17 17:26:37',630),(876,'Cindy Portriss','(117) 3283868','343678307125','1956-07-07','2024-09-17 17:26:37',251),(877,'Michale Beggio','(800) 9369346','554299912237','2003-03-01','2024-09-17 17:26:37',763),(878,'Bethina Larham','(570) 3761744','452298001331','1976-12-04','2024-09-17 17:26:37',534),(879,'Margaret Allmen','(726) 2701628','687432675122','1971-01-14','2024-09-17 17:26:37',661),(880,'Nowell Dovey','(238) 9558259','104163479574','1950-11-02','2024-09-17 17:26:37',125),(881,'Martica Chafer','(838) 1381990','219030931989','1960-05-11','2024-09-17 17:26:37',124),(882,'Ram Pinch','(898) 9338053','394673776107','2010-02-18','2024-09-17 17:26:37',280),(883,'Friedrich Dowden','(880) 9282453','303687696463','2009-08-29','2024-09-17 17:26:37',982),(884,'Cobbie Cassley','(973) 8775482','179234565941','1959-04-19','2024-09-17 17:26:37',106),(885,'Ysabel Beadnell','(804) 4811066','657482337128','2013-03-18','2024-09-17 17:26:37',458),(886,'Harley Lafoy','(346) 1303390','698972932659','1950-02-27','2024-09-17 17:26:37',11),(887,'Warden Dyball','(578) 9507628','724931166324','2006-05-13','2024-09-17 17:26:37',384),(888,'Wendall Weins','(101) 3031935','551659360742','1967-02-10','2024-09-17 17:26:37',379),(889,'Aylmer Doddrell','(979) 1573975','758419133369','1990-01-25','2024-09-17 17:26:37',610),(890,'Thedric Armitt','(409) 3675492','215788411278','2010-05-04','2024-09-17 17:26:37',534),(891,'Adelind MacDonnell','(204) 6700659','514456376493','2002-12-02','2024-09-17 17:26:37',350),(892,'Andromache Kingsworth','(670) 1992292','898076983353','1954-12-11','2024-09-17 17:26:37',339),(893,'Petronia Ovid','(679) 6495610','419774402379','1977-03-22','2024-09-17 17:26:37',951),(894,'Shellysheldon O\' Mara','(300) 8020005','895985221864','1980-05-07','2024-09-17 17:26:37',211),(895,'Garold Duthie','(250) 9970563','246607030771','1980-07-05','2024-09-17 17:26:37',206),(896,'Eduardo Falconer','(978) 8441899','339400170280','1957-09-30','2024-09-17 17:26:37',283),(897,'Northrup Conti','(704) 3841213','440483723252','1996-11-05','2024-09-17 17:26:37',405),(898,'Normand Berrycloth','(720) 7973535','413687828461','1983-09-29','2024-09-17 17:26:37',894),(899,'Christabel Braid','(611) 9081777','683140193373','2007-12-15','2024-09-17 17:26:37',63),(900,'Talbert Piken','(288) 8655005','246289892601','1977-04-15','2024-09-17 17:26:37',542),(901,'Koo Cuvley','(309) 9342136','508031705146','1954-09-09','2024-09-17 17:26:37',228),(902,'Yorke Yarham','(673) 9803373','846528333612','1986-11-27','2024-09-17 17:26:37',140),(903,'Major Feacham','(932) 4692713','717599954217','1982-06-05','2024-09-17 17:26:37',570),(904,'Guss Konzelmann','(555) 2367765','356371597895','1961-06-12','2024-09-17 17:26:37',224),(905,'Nady Treves','(925) 5339265','529205294234','1951-04-04','2024-09-17 17:26:37',478),(906,'Isidro Narramor','(297) 2641607','826331920170','1951-11-21','2024-09-17 17:26:37',162),(907,'Ernaline Cockle','(897) 1982479','600577994711','1952-10-12','2024-09-17 17:26:37',716),(908,'Briggs Sedgwick','(587) 3572995','176982747995','1976-03-06','2024-09-17 17:26:37',757),(909,'Netta Oubridge','(198) 2379126','559258012350','2004-10-12','2024-09-17 17:26:37',894),(910,'Jordanna Artois','(807) 7968407','294544431438','1994-12-31','2024-09-17 17:26:37',830),(911,'Lucienne Gonnely','(294) 4957001','151250812786','1975-01-25','2024-09-17 17:26:37',428),(912,'Anjanette Hess','(386) 6357942','436660578204','2008-02-26','2024-09-17 17:26:37',194),(913,'Meier Rhys','(703) 1990280','309877633245','1964-10-10','2024-09-17 17:26:37',973),(914,'Cloe Wickliffe','(295) 7393057','663897768227','2014-07-07','2024-09-17 17:26:37',619),(915,'Calida Joost','(368) 6706942','214008122586','1972-08-15','2024-09-17 17:26:37',109),(916,'Ingunna Steer','(429) 9485247','732888389868','1985-10-18','2024-09-17 17:26:37',465),(917,'Adria Schottli','(602) 4698532','629505201333','2005-03-19','2024-09-17 17:26:37',602),(918,'Kelsey Scandroot','(693) 3043312','814813649523','2002-03-20','2024-09-17 17:26:37',642),(919,'Kania Basten','(598) 5257514','838645057273','1963-10-24','2024-09-17 17:26:37',344),(920,'Averyl Ludovici','(375) 7516412','711221159567','1968-06-08','2024-09-17 17:26:37',958),(921,'Amabel Wimmer','(438) 7227266','584721051842','1989-06-02','2024-09-17 17:26:37',640),(922,'Adaline Puig','(956) 4814330','120744560204','2003-04-04','2024-09-17 17:26:37',191),(923,'Stacia Dimic','(523) 9209809','163249730755','1971-09-12','2024-09-17 17:26:37',414),(924,'Virgil Foster','(137) 1941104','265285919952','1988-08-03','2024-09-17 17:26:37',942),(925,'Eddi Bollard','(872) 7173592','317639462502','1951-06-09','2024-09-17 17:26:37',912),(926,'Hyatt Kimmins','(821) 9509224','563396636300','1958-06-17','2024-09-17 17:26:37',4),(927,'Angelico Mc Caghan','(505) 4285690','574023552413','2000-04-15','2024-09-17 17:26:37',303),(928,'Emanuele MacNaughton','(670) 8862281','403066917660','1999-03-13','2024-09-17 17:26:37',607),(929,'Mirella Manes','(131) 5862712','636503338957','1955-06-26','2024-09-17 17:26:37',736),(930,'Ephrayim Norkett','(309) 6539210','194614664864','1979-07-18','2024-09-17 17:26:37',280),(931,'Karlan Pacey','(831) 6013522','618858905129','1972-04-01','2024-09-17 17:26:37',914),(932,'Millisent Hosten','(838) 7121032','796544178942','2010-03-15','2024-09-17 17:26:37',228),(933,'Alaster Duffrie','(418) 7800757','275229099738','2013-12-06','2024-09-17 17:26:37',19),(934,'Anderson Afield','(811) 8580432','680177466900','1976-01-25','2024-09-17 17:26:37',81),(935,'Moyra Yegorev','(943) 3912959','401715081793','1966-04-17','2024-09-17 17:26:37',805),(936,'Borg Assender','(993) 5690327','662655450410','2001-11-21','2024-09-17 17:26:37',101),(937,'Marlin Swyne','(493) 4260494','524407687019','1976-10-06','2024-09-17 17:26:37',497),(938,'Nessie Splevins','(574) 6864704','546716199358','1999-10-23','2024-09-17 17:26:37',970),(939,'Frankie Betts','(353) 2513780','191724741358','1998-06-12','2024-09-17 17:26:37',845),(940,'Gerri Creese','(661) 7648673','843507520395','1964-06-12','2024-09-17 17:26:37',362),(941,'Davey Doulton','(773) 8848680','302881695136','2011-02-20','2024-09-17 17:26:37',746),(942,'Darbie McGinlay','(761) 4288369','721939277055','1974-08-14','2024-09-17 17:26:37',460),(943,'Rahel Doblin','(630) 7079438','655161960843','1993-01-16','2024-09-17 17:26:37',859),(944,'Gloria Vedekhov','(496) 6828687','509425805447','1951-09-02','2024-09-17 17:26:37',765),(945,'Gayle Reichardt','(307) 6155406','587804671864','2008-06-26','2024-09-17 17:26:37',862),(946,'Marika Bodle','(694) 8309355','196392854330','2011-12-06','2024-09-17 17:26:37',210),(947,'Bibi Grisenthwaite','(685) 8511914','501078002721','1966-08-21','2024-09-17 17:26:37',529),(948,'Edy Skerrett','(396) 9230803','344976585487','1984-02-17','2024-09-17 17:26:37',594),(949,'Rory Restill','(499) 7108353','872206553535','1960-12-07','2024-09-17 17:26:37',17),(950,'Amby Jearum','(688) 7693189','435907445230','1960-08-30','2024-09-17 17:26:37',704),(951,'Clint Ebertz','(116) 9949775','806844064508','1982-06-18','2024-09-17 17:26:37',317),(952,'Victoir Radloff','(466) 5039085','879324893197','1981-09-13','2024-09-17 17:26:37',531),(953,'Gonzalo Vagg','(462) 3394140','723092502536','1961-02-25','2024-09-17 17:26:37',479),(954,'Hailee Jakubowicz','(926) 8938124','863209770738','1981-08-31','2024-09-17 17:26:37',987),(955,'Meredithe Buterton','(881) 4139015','699789017957','1950-03-02','2024-09-17 17:26:37',149),(956,'Kriste Deeves','(574) 6444283','125477955154','1981-03-20','2024-09-17 17:26:37',848),(957,'Jenilee Cushworth','(607) 4930654','343498993972','1974-07-14','2024-09-17 17:26:37',246),(958,'Hakeem Treacy','(618) 5391406','410001141110','1968-10-14','2024-09-17 17:26:37',102),(959,'Gregory Ager','(532) 8449379','456980509458','1953-09-26','2024-09-17 17:26:37',459),(960,'Porty Abrahams','(911) 1907930','321452016101','2000-11-28','2024-09-17 17:26:37',396),(961,'Jayne Daughtry','(194) 3345033','182271594540','1991-11-29','2024-09-17 17:26:37',368),(962,'Tiler Canet','(187) 6717799','809987841917','2004-05-17','2024-09-17 17:26:37',366),(963,'Jameson Kloss','(329) 5993514','439907064300','2011-08-01','2024-09-17 17:26:37',945),(964,'Ruby Weatherup','(795) 4016412','236070768047','1975-10-21','2024-09-17 17:26:37',102),(965,'Katleen Downgate','(618) 6568594','331253973831','1975-01-17','2024-09-17 17:26:37',889),(966,'Anjela MacNulty','(330) 5643824','586105457760','1987-07-28','2024-09-17 17:26:37',148),(967,'Nil Noury','(727) 9318049','539199151490','1993-02-09','2024-09-17 17:26:37',880),(968,'Iormina Labrum','(593) 6775158','600457548663','1967-11-01','2024-09-17 17:26:37',665),(969,'Stormy Siflet','(539) 5729653','203546203656','1953-11-06','2024-09-17 17:26:37',27),(970,'Shawna Bosch','(792) 8268935','811950627986','1987-01-20','2024-09-17 17:26:37',344),(971,'Amandie Theurer','(649) 7315104','648417936082','1987-04-14','2024-09-17 17:26:37',243),(972,'Myrtle Elphey','(227) 2351449','276737643397','2013-08-22','2024-09-17 17:26:37',21),(973,'Quinlan Rickersy','(518) 8692041','408468349641','1974-09-03','2024-09-17 17:26:37',584),(974,'Patrizius Woodes','(405) 8984016','629494874399','1973-08-23','2024-09-17 17:26:37',139),(975,'Alexei Yitzovicz','(681) 6912360','106832856228','1967-12-18','2024-09-17 17:26:37',647),(976,'Veradis Littledike','(607) 9218442','336402275321','1970-02-16','2024-09-17 17:26:37',148),(977,'Benito Cattanach','(404) 2281937','440801990652','1987-05-17','2024-09-17 17:26:37',358),(978,'Windy Iashvili','(815) 1190502','587876622537','1982-04-17','2024-09-17 17:26:37',168),(979,'Roberta Quarton','(331) 3184666','414125452037','1989-12-16','2024-09-17 17:26:37',51),(980,'Ninon Zettler','(447) 2127633','406386839461','1963-09-20','2024-09-17 17:26:37',522),(981,'Gail Adenet','(781) 4563057','290294606737','1954-11-04','2024-09-17 17:26:37',61),(982,'Gaylord Fortman','(551) 5143002','683806156242','2013-04-04','2024-09-17 17:26:37',837),(983,'Lian Cowen','(899) 5942737','489989146726','1992-05-28','2024-09-17 17:26:37',923),(984,'Leanora Loynes','(737) 2299778','340845925459','2001-05-26','2024-09-17 17:26:37',248),(985,'Joete Aldins','(686) 5757896','120795829381','1985-04-25','2024-09-17 17:26:37',507),(986,'Charlotte Dongall','(939) 5331206','238605974979','1998-04-28','2024-09-17 17:26:37',242),(987,'Rafaellle Kester','(374) 9588341','532252247017','1960-06-15','2024-09-17 17:26:37',309),(988,'Dorisa Eburne','(419) 3192035','702060127618','1968-09-18','2024-09-17 17:26:37',582),(989,'Noe Attfield','(502) 2214805','334938120422','1999-12-06','2024-09-17 17:26:37',136),(990,'Kathlin Eccleshall','(575) 5017940','898970138696','1967-11-19','2024-09-17 17:26:37',581),(991,'Ara Chance','(457) 3849717','233894031286','1981-06-16','2024-09-17 17:26:37',963),(992,'Brok Rein','(696) 3550104','522059975949','1971-01-28','2024-09-17 17:26:37',891),(993,'Staffard Comi','(886) 7226066','160850107994','1999-03-08','2024-09-17 17:26:37',638),(994,'Crysta Van der Beken','(947) 9143481','556649303701','2013-02-16','2024-09-17 17:26:37',389),(995,'Kyle Dunsford','(759) 5780752','191487981641','1973-01-02','2024-09-17 17:26:37',560),(996,'Seumas Stroder','(556) 3363488','272361946818','1981-02-19','2024-09-17 17:26:37',487),(997,'Goddard Kierans','(502) 6464485','519990261359','1989-08-17','2024-09-17 17:26:37',193),(998,'Ario Trussler','(346) 5281595','601128198154','1978-03-07','2024-09-17 17:26:37',915),(999,'Mallory Anderbrugge','(544) 5243333','197107914003','2008-11-28','2024-09-17 17:26:37',686),(1000,'Ernie McMurrugh','(970) 8436443','834536773739','1975-05-01','2024-09-17 17:26:37',977),(1001,'Kenyon Lefort','(449) 1430811','196218477530','2007-01-16','2024-09-17 17:26:37',246),(1002,'Mandi Looks','(869) 2011387','452367322535','1989-05-29','2024-09-17 17:26:37',529),(1003,'Joleen Penlington','(379) 6824976','827917045340','1978-07-04','2024-09-17 17:26:37',345),(1004,'Norman Pashbee','(750) 3187393','744122755104','1993-01-18','2024-09-17 17:26:37',539),(1005,'Dalton Hambrick','(974) 3025508','215355730722','1957-11-18','2024-09-17 17:26:37',377),(1006,'Dave Andrivot','(983) 5645636','491111166518','2007-02-14','2024-09-17 17:26:37',808),(1007,'Margaret Presnall','(370) 7934315','324618806528','1975-05-19','2024-09-17 17:26:37',263),(1008,'Staford Vedeshkin','(517) 8202550','344360507519','2000-07-21','2024-09-17 17:26:37',507),(1009,'Fina Giorgi','(718) 5222800','248017468203','1972-06-05','2024-09-17 17:26:37',108),(1010,'Lucita Guyan','(695) 6830528','542691396467','1972-10-01','2024-09-17 17:26:37',131),(1011,'Skyler Robilliard','(228) 5140457','696603095906','1977-12-19','2024-09-17 17:26:37',310),(1012,'Willem Akhurst','(308) 8355537','287869724462','1983-09-13','2024-09-17 17:26:37',820),(1013,'Daron Broadbury','(385) 2942572','128274570452','1975-12-02','2024-09-17 17:26:37',789),(1014,'Gearard Spraging','(867) 8583549','311045416179','1966-09-08','2024-09-17 17:26:37',386),(1015,'Nollie Hourahan','(648) 4966560','581299021558','1967-02-20','2024-09-17 17:26:37',374),(1016,'Alida Tremouille','(829) 5416398','433727078535','1971-09-09','2024-09-17 17:26:37',864),(1017,'Gradeigh Nisot','(822) 1109547','504816665877','1951-03-10','2024-09-17 17:26:37',580),(1018,'Mel Glencrash','(933) 9297554','780839300881','1974-09-04','2024-09-17 17:26:37',561),(1019,'Ermin O\'Lagene','(287) 6226358','100961155723','2005-07-11','2024-09-17 17:26:37',797),(1020,'Bellina Stanion','(739) 6412283','523866085656','1990-10-04','2024-09-17 17:26:37',769),(1021,'Brice Buckingham','(832) 2792871','801742202476','2001-09-29','2024-09-17 17:26:37',990),(1022,'Emmanuel Saltmarsh','(105) 7176834','186362685029','1959-06-18','2024-09-17 17:26:37',884),(1023,'Germana Lawther','(773) 7855133','100979639464','1954-10-08','2024-09-17 17:26:37',227),(1024,'Kaile Blofield','(603) 5451776','736671296500','1991-05-23','2024-09-17 17:26:37',846),(1025,'Burk Leng','(420) 7486618','666704432459','1991-05-29','2024-09-17 17:26:37',748),(1026,'Nichole Feasey','(512) 4768193','717463851510','1968-03-07','2024-09-17 17:26:37',707),(1027,'Dorette McCullock','(182) 4254840','834338874191','1956-02-26','2024-09-17 17:26:37',21),(1028,'Lissa Heine','(479) 2569027','248925619542','1969-01-09','2024-09-17 17:26:37',954),(1029,'Darleen Bennion','(854) 8750709','162273605247','2011-07-13','2024-09-17 17:26:37',402),(1030,'Valene Crouch','(682) 8821089','239222470924','1974-08-27','2024-09-17 17:26:37',603),(1031,'Vidovic Mayo','(430) 8327039','323495767628','1951-03-11','2024-09-17 17:26:37',508),(1032,'Sissie Wedderburn','(345) 5960905','729684534370','1954-12-08','2024-09-17 17:26:37',938),(1033,'Adrianne Lowre','(670) 4344748','393121683849','1959-03-09','2024-09-17 17:26:37',458),(1034,'Rebecka Friskey','(453) 7130410','706385218983','1950-10-31','2024-09-17 17:26:37',161),(1035,'Ulrikaumeko Oddboy','(929) 1163070','239896847962','1987-07-13','2024-09-17 17:26:37',934),(1036,'Druci Botwright','(836) 9460997','420557085626','2006-11-29','2024-09-17 17:26:37',512),(1037,'Devy Howkins','(652) 9145585','246167557255','2008-05-31','2024-09-17 17:26:37',96),(1038,'Jamey Spelsbury','(899) 1021859','377874476755','1952-05-16','2024-09-17 17:26:37',359),(1039,'Carola Hubbuck','(759) 6422946','875738463361','1955-09-20','2024-09-17 17:26:37',392),(1040,'Sue Patsall','(961) 7218770','843157447575','1998-04-11','2024-09-17 17:26:37',15),(1041,'Rubetta Pyke','(375) 5107819','404479392775','2007-04-10','2024-09-17 17:26:37',186),(1042,'Rice Iorizzi','(104) 8577787','691272176088','2004-10-10','2024-09-17 17:26:37',28),(1043,'Gayelord Basnall','(341) 7369542','540187616114','2008-09-22','2024-09-17 17:26:37',842),(1044,'Douglas Annakin','(125) 8329912','226333232760','2010-12-26','2024-09-17 17:26:37',150),(1045,'Nicki Glas','(623) 1457865','459869542342','2001-05-05','2024-09-17 17:26:37',522),(1046,'Holly Tarborn','(109) 9342212','151126475452','1960-04-16','2024-09-17 17:26:37',381),(1047,'Rhiamon Lumbley','(242) 9592705','737031802364','1999-09-03','2024-09-17 17:26:37',306),(1048,'Junette Tampin','(117) 1412276','563828166304','1953-02-23','2024-09-17 17:26:37',231),(1049,'Marj Delf','(593) 3235293','525310944311','1962-01-24','2024-09-17 17:26:37',201),(1050,'Lynn Cadle','(479) 9276373','122627439843','1955-10-22','2024-09-17 17:26:37',249),(1051,'Darsey Kissick','(862) 5025120','669154057507','1952-03-10','2024-09-17 17:26:37',674),(1052,'Ailey Quinevan','(226) 8739968','893899661254','1969-01-22','2024-09-17 17:26:37',60),(1053,'Shea Bessey','(364) 9207093','198050971608','1987-08-23','2024-09-17 17:26:37',196),(1054,'Roxy Tomblings','(317) 8911201','367385538014','1958-02-02','2024-09-17 17:26:37',600),(1055,'Kip Mattusov','(668) 8025120','601903717134','1960-06-19','2024-09-17 17:26:37',331),(1056,'Leena Mitchelmore','(981) 8141762','527254900710','1998-04-09','2024-09-17 17:26:37',225),(1057,'Leonerd Westover','(841) 9300792','495385292901','1953-01-10','2024-09-17 17:26:37',994),(1058,'Marjory Thresh','(138) 8772266','531799744486','1973-01-23','2024-09-17 17:26:37',810),(1059,'Cort Quincey','(139) 4576569','202559237520','1960-09-11','2024-09-17 17:26:37',66),(1060,'Nisse Fusedale','(462) 7060833','127900022713','1960-10-12','2024-09-17 17:26:37',507),(1061,'Tracy Eyrl','(812) 7671477','654404551388','1991-01-08','2024-09-17 17:26:37',149),(1062,'Virgil Prangley','(501) 7744570','653675193229','1952-02-27','2024-09-17 17:26:37',84),(1063,'Mellie Bagshawe','(523) 7947180','689383206704','1954-08-21','2024-09-17 17:26:37',450),(1064,'Hill Baily','(825) 2303087','415498847465','1987-08-12','2024-09-17 17:26:37',20),(1065,'Gloriana McSharry','(340) 5280347','532626920948','1950-09-18','2024-09-17 17:26:37',267),(1066,'Farlee Lidgerton','(271) 9914648','648960937600','1982-05-31','2024-09-17 17:26:37',163),(1067,'Dee Frankiss','(301) 3345245','475974203034','1985-10-04','2024-09-17 17:26:37',293),(1068,'Donovan Gunney','(137) 9148989','380650574232','2010-05-05','2024-09-17 17:26:37',45),(1069,'Brook Spurling','(445) 4058872','166539584746','1957-05-21','2024-09-17 17:26:37',627),(1070,'Hewet Davenall','(883) 6287318','773292625303','2000-02-20','2024-09-17 17:26:37',738),(1071,'Diannne Hildred','(480) 3997792','876365054565','1982-05-01','2024-09-17 17:26:37',957),(1072,'Hendrika Gartery','(402) 3671491','692268250646','1977-04-05','2024-09-17 17:26:37',545),(1073,'Adelind O\'Beirne','(416) 8501917','385221976525','1985-10-20','2024-09-17 17:26:37',610),(1074,'Elisha Hurdedge','(931) 5584119','320670493320','2010-09-27','2024-09-17 17:26:37',38),(1075,'Dulcine Harvatt','(907) 3718322','349595994581','2005-02-07','2024-09-17 17:26:37',628),(1076,'Georgeanne Marzelle','(698) 4278852','118442782525','1989-06-30','2024-09-17 17:26:37',794),(1077,'Elna Stokoe','(934) 5511318','236279407775','1985-05-21','2024-09-17 17:26:37',548),(1078,'Guillema Teodoro','(555) 4167884','311602417871','1994-04-27','2024-09-17 17:26:37',497),(1079,'Arlena Crampsey','(440) 9033919','489786459988','1982-01-20','2024-09-17 17:26:37',568),(1080,'Eba Keyzor','(614) 6591349','849387083856','1960-06-09','2024-09-17 17:26:37',902),(1081,'Kristos MacShirie','(440) 2541851','632863776455','1960-05-30','2024-09-17 17:26:37',531),(1082,'Avivah Sivior','(788) 2760049','404059697323','1996-10-19','2024-09-17 17:26:37',358),(1083,'Isabella Lovick','(527) 2054008','578608923259','1968-06-05','2024-09-17 17:26:37',883),(1084,'Gustavus Laffan','(226) 7328947','735154625166','2002-01-12','2024-09-17 17:26:37',110),(1085,'Roberta Etches','(433) 7668130','182174661949','2011-04-06','2024-09-17 17:26:37',824),(1086,'Jaimie Bultitude','(572) 3005512','126225373101','1958-11-22','2024-09-17 17:26:37',752),(1087,'Zed Scriviner','(358) 8905097','784215960013','1963-04-24','2024-09-17 17:26:37',10),(1088,'Shelby Sargeant','(941) 2338018','608429857632','1971-01-08','2024-09-17 17:26:37',788),(1089,'Renie Huortic','(423) 1910105','165522126742','1980-07-15','2024-09-17 17:26:37',51),(1090,'Franzen Krimmer','(435) 7922555','179323104753','2009-04-27','2024-09-17 17:26:37',585),(1091,'Gerry Flowitt','(861) 2812612','832864761952','1974-02-07','2024-09-17 17:26:37',701),(1092,'Archibold Luckcuck','(547) 6687819','589576064645','1955-01-27','2024-09-17 17:26:37',858),(1093,'Abbot Busain','(288) 6051114','179381168505','1978-10-16','2024-09-17 17:26:37',881),(1094,'Alyssa Matysik','(428) 3087568','670360085162','1991-09-27','2024-09-17 17:26:37',44),(1095,'Dorie Le Grand','(539) 1428583','169300375675','1958-12-13','2024-09-17 17:26:37',422),(1096,'Gusti Krimmer','(584) 5991406','124622196330','1956-02-24','2024-09-17 17:26:37',701),(1097,'Webster Fellgett','(326) 9008605','365500750102','1979-10-11','2024-09-17 17:26:37',483),(1098,'Edlin Edis','(154) 3762915','847297811808','1979-06-11','2024-09-17 17:26:37',88),(1099,'Mano Durling','(505) 4927649','594465700435','2000-07-26','2024-09-17 17:26:37',987),(1100,'Shepard Quainton','(222) 5123395','144367485812','1993-07-05','2024-09-17 17:26:37',313),(1101,'Reggy Fossitt','(592) 8320952','786233575756','1959-02-02','2024-09-17 17:26:37',404),(1102,'Tommie Sussams','(859) 9345648','727488706235','1954-12-08','2024-09-17 17:26:37',162),(1103,'Sidnee Batrop','(755) 4380346','190166969575','1980-11-07','2024-09-17 17:26:37',137),(1104,'Amata MacGillespie','(470) 8961070','344179275059','1973-11-11','2024-09-17 17:26:37',87),(1105,'Kermit Bogies','(821) 7872303','893407890833','1981-06-02','2024-09-17 17:26:37',816),(1106,'Morgun Muldoon','(209) 3199632','612614916722','1984-03-11','2024-09-17 17:26:37',144),(1107,'Aguie Guillford','(662) 4649896','332579894965','1987-11-05','2024-09-17 17:26:37',322),(1108,'Ernest Cohrs','(955) 8554217','327067087292','1978-02-02','2024-09-17 17:26:37',197),(1109,'Diahann Behne','(814) 9989695','869496063254','1960-01-16','2024-09-17 17:26:37',555),(1110,'Garland Ensor','(376) 3367547','507164361783','1979-05-05','2024-09-17 17:26:37',743),(1111,'Mannie Ruprechter','(437) 3191407','427018466277','1989-09-17','2024-09-17 17:26:37',579),(1112,'Liuka Highway','(296) 4663777','238823516538','1999-03-30','2024-09-17 17:26:37',581),(1113,'Ebenezer O\'Kenny','(527) 3035326','809746261362','2002-09-12','2024-09-17 17:26:37',409),(1114,'Olia Polye','(519) 5210054','464649149867','1996-05-03','2024-09-17 17:26:37',451),(1115,'Gard Sinnat','(558) 7021445','269272825739','1974-09-27','2024-09-17 17:26:37',634),(1116,'Marne Britnell','(840) 9269881','431952188321','1990-02-09','2024-09-17 17:26:37',103),(1117,'Mona Sepey','(393) 8704024','283335921663','1999-11-12','2024-09-17 17:26:37',122),(1118,'Riki Perillo','(415) 2737253','801682046247','2014-07-25','2024-09-17 17:26:37',510),(1119,'Muriel Yankishin','(833) 2567591','681968269976','1980-11-12','2024-09-17 17:26:37',192),(1120,'Georgine Villar','(731) 8926932','265827930482','1969-03-26','2024-09-17 17:26:37',147),(1121,'Gabriela Pimblett','(315) 4340029','165244197390','2014-08-29','2024-09-17 17:26:37',845),(1122,'Wren Rolin','(372) 4306444','106782918784','1972-01-27','2024-09-17 17:26:37',37),(1123,'Karlan Riditch','(882) 6442490','433318512175','1971-09-07','2024-09-17 17:26:37',240),(1124,'Christophorus Beange','(673) 6390026','381879313315','1960-06-15','2024-09-17 17:26:37',87),(1125,'Cynde Blunsen','(106) 2622106','566228958871','2012-11-08','2024-09-17 17:26:37',250),(1126,'Corella Skingle','(135) 6969709','386520985190','1994-03-29','2024-09-17 17:26:37',199),(1127,'Amanda Floyd','(640) 7421471','758308234762','1955-09-27','2024-09-17 17:26:37',633),(1128,'Taite Ellwand','(382) 2354186','520353434617','2013-08-13','2024-09-17 17:26:37',488),(1129,'Daniela Furlow','(646) 7733005','163466578794','1971-06-19','2024-09-17 17:26:37',429),(1130,'Holden Lockhead','(398) 2585397','844072350909','1988-11-10','2024-09-17 17:26:37',469),(1131,'Rochell Elkington','(471) 1751283','733958572415','2008-07-12','2024-09-17 17:26:37',547),(1132,'Saundra Bertolaccini','(767) 6101485','750978906236','1972-09-25','2024-09-17 17:26:37',223),(1133,'Sauveur Whaymand','(505) 7284249','652027131708','1985-07-11','2024-09-17 17:26:37',79),(1134,'Linette Leaburn','(538) 3460215','423216539719','1968-12-07','2024-09-17 17:26:37',404),(1135,'Sallie Bruneton','(910) 4374378','364095568741','1996-04-06','2024-09-17 17:26:37',11),(1136,'Vonny Paule','(969) 4380989','170086989534','2013-11-24','2024-09-17 17:26:37',95),(1137,'Giselle MacLeod','(884) 2144031','561242235855','2013-07-22','2024-09-17 17:26:37',634),(1138,'Gordy Warsop','(460) 9310403','250527458719','1975-03-25','2024-09-17 17:26:37',173),(1139,'Ring Pantling','(935) 2667632','574771129159','2007-06-03','2024-09-17 17:26:37',432),(1140,'Daniele Rosenthal','(938) 8357060','285124123988','1995-09-19','2024-09-17 17:26:37',399),(1141,'Court Morpeth','(704) 3462567','609336068051','1966-06-14','2024-09-17 17:26:37',814),(1142,'Cristionna Sheather','(315) 4579039','457597941500','1980-05-21','2024-09-17 17:26:37',422),(1143,'Emmott Aronovitz','(852) 6024733','410151939827','1961-08-09','2024-09-17 17:26:37',674),(1144,'Kandy Spurgeon','(840) 8348377','808213652650','2000-08-01','2024-09-17 17:26:37',950),(1145,'Norean Wishkar','(458) 4294695','637358444899','1997-02-11','2024-09-17 17:26:37',938),(1146,'Katy Dell Casa','(575) 3867670','358317185779','1980-11-07','2024-09-17 17:26:37',474),(1147,'Ysabel Van der Kruijs','(448) 4142265','659032296787','1957-08-08','2024-09-17 17:26:37',932),(1148,'Bernadina Liddicoat','(921) 5261660','552555403612','1964-02-03','2024-09-17 17:26:37',220),(1149,'Alric Doble','(938) 3291280','370271074822','1989-01-12','2024-09-17 17:26:37',726),(1150,'Astrid Cordingley','(923) 8319957','275605628877','1984-02-19','2024-09-17 17:26:37',736),(1151,'Wilek Mennithorp','(886) 7351991','785960865058','1988-05-24','2024-09-17 17:26:37',848),(1152,'Page Inglish','(639) 2103460','281295484110','2004-12-05','2024-09-17 17:26:37',277),(1153,'Carroll Bourget','(215) 5550013','333241947686','1984-06-15','2024-09-17 17:26:37',850),(1154,'Yolanda Dudleston','(779) 9334507','743869014910','2012-05-03','2024-09-17 17:26:37',558),(1155,'Izak Myderscough','(988) 2436607','264396040165','1983-02-15','2024-09-17 17:26:37',456),(1156,'Gunilla O\'Shee','(653) 5676655','394447272228','2009-07-03','2024-09-17 17:26:37',969),(1157,'Jordana Hartnell','(976) 1449040','347042812004','1999-07-10','2024-09-17 17:26:37',792),(1158,'Llewellyn Fairholme','(992) 5390205','877540025000','1954-01-27','2024-09-17 17:26:37',241),(1159,'Merridie Tipler','(183) 2271274','601151816978','1982-06-23','2024-09-17 17:26:37',432),(1160,'Duane Crudginton','(407) 8941085','441174717830','1987-09-10','2024-09-17 17:26:37',590),(1161,'Clemmy Flintoff','(645) 9838217','591537812271','1971-07-26','2024-09-17 17:26:37',467),(1162,'Trish Codd','(575) 8626616','325565886070','1987-12-22','2024-09-17 17:26:37',828),(1163,'Ardelia Di Franceshci','(549) 1806476','551105077621','1957-03-17','2024-09-17 17:26:37',211),(1164,'Judith Karczinski','(596) 6660976','153283545476','1986-12-01','2024-09-17 17:26:37',650),(1165,'Aluin Easterby','(209) 5039128','135007388109','1982-05-15','2024-09-17 17:26:37',462),(1166,'Amalita Inott','(195) 5033100','289157198540','1995-09-03','2024-09-17 17:26:37',296),(1167,'Issy Schule','(125) 8551494','548676964915','2013-09-29','2024-09-17 17:26:37',763),(1168,'Smitty Klimmek','(715) 2705353','479611355312','1993-04-15','2024-09-17 17:26:37',417),(1169,'Erv Hazeman','(309) 5593893','401167554340','1998-12-20','2024-09-17 17:26:37',826),(1170,'Merrill Nieass','(108) 3408837','448843689714','2001-02-18','2024-09-17 17:26:37',627),(1171,'Launce Caslane','(835) 3003212','566933001935','2001-10-08','2024-09-17 17:26:37',947),(1172,'Linnet Yezafovich','(735) 9361738','451139020388','2000-08-16','2024-09-17 17:26:37',249),(1173,'Padgett Doogue','(184) 1949358','474753379852','1970-10-17','2024-09-17 17:26:37',239),(1174,'Amalle Robertacci','(965) 9387200','635178479767','1995-12-13','2024-09-17 17:26:37',212),(1175,'Jen Gullivan','(250) 2541307','798446497676','2004-05-04','2024-09-17 17:26:37',119),(1176,'Eleanora Paget','(776) 6969181','652162965847','1969-12-29','2024-09-17 17:26:37',835),(1177,'Barri Tissiman','(513) 3490543','847466645669','1954-04-27','2024-09-17 17:26:37',825),(1178,'Esmeralda Edwicker','(635) 3309234','475861631609','1987-04-20','2024-09-17 17:26:37',270),(1179,'Hillary Wendover','(252) 2973669','257448582025','1960-02-20','2024-09-17 17:26:37',967),(1180,'Martyn Jaggs','(528) 3252374','838452934472','2004-06-29','2024-09-17 17:26:37',992),(1181,'Wilma Alliban','(557) 5203304','297204908619','1972-02-26','2024-09-17 17:26:37',595),(1182,'Clement Impy','(177) 9033340','741069895770','2004-02-13','2024-09-17 17:26:37',347),(1183,'Lonny Clemence','(950) 9157842','509467293346','1965-09-01','2024-09-17 17:26:37',280),(1184,'Joane McGillreich','(941) 4280592','633663352569','2001-08-11','2024-09-17 17:26:37',633),(1185,'Renault Parfrey','(755) 4168283','327286695171','1969-09-14','2024-09-17 17:26:37',852),(1186,'Broddie Wilfing','(686) 3039973','463367504908','1952-07-25','2024-09-17 17:26:37',818),(1187,'Trevor Addlestone','(409) 9007724','158888560826','1964-01-22','2024-09-17 17:26:37',362),(1188,'Valerie Hughs','(906) 2145557','399683966742','1983-10-24','2024-09-17 17:26:37',125),(1189,'Kaylee Simeons','(642) 8003051','139792853846','1963-04-15','2024-09-17 17:26:37',112),(1190,'Yettie Trevains','(934) 3987146','779322473538','1970-10-30','2024-09-17 17:26:37',973),(1191,'Tommy Hazzard','(783) 1379169','114000545575','1953-12-25','2024-09-17 17:26:37',573),(1192,'Olag Treacy','(561) 7212332','129703094172','2011-04-09','2024-09-17 17:26:37',289),(1193,'Huberto Eykelbosch','(480) 4099442','582214993031','2003-10-23','2024-09-17 17:26:37',319),(1194,'Harlene Pallatina','(687) 5661411','316723599848','1986-04-23','2024-09-17 17:26:37',554),(1195,'Art Forsard','(443) 7251390','803820980017','1997-01-04','2024-09-17 17:26:37',725),(1196,'Ogden Dinis','(505) 3554610','440013021914','1955-01-21','2024-09-17 17:26:37',230),(1197,'Alexandros Pantlin','(454) 6039483','118511771906','1959-03-24','2024-09-17 17:26:37',939),(1198,'Charita Detoile','(657) 2819824','312483668809','1956-08-07','2024-09-17 17:26:37',190),(1199,'Marc Cotesford','(625) 7151313','784556346692','1983-03-28','2024-09-17 17:26:37',903),(1200,'Danella Brandino','(431) 7399006','529094828479','1992-06-06','2024-09-17 17:26:37',255),(1201,'Margette Cisneros','(960) 5410463','523506209156','1952-08-20','2024-09-17 17:26:37',564),(1202,'Pavia Sworne','(343) 9669024','117424192165','1986-02-12','2024-09-17 17:26:37',188),(1203,'Sebastien Chisholm','(885) 9592782','288330202513','1966-08-17','2024-09-17 17:26:37',557),(1204,'Alix Bayman','(776) 2351714','535015261881','1951-07-18','2024-09-17 17:26:37',853),(1205,'Edeline Bedbury','(687) 4953630','445260638543','1983-06-13','2024-09-17 17:26:37',710),(1206,'Loralee Iorillo','(812) 2725864','201540962758','2004-01-08','2024-09-17 17:26:37',281),(1207,'Fawn Geleman','(180) 6079922','853430812931','1977-12-10','2024-09-17 17:26:37',281),(1208,'Florette Eads','(692) 4970553','409559886990','1986-05-16','2024-09-17 17:26:37',628),(1209,'Wainwright Heilds','(543) 9822226','522019799194','2014-02-12','2024-09-17 17:26:37',550),(1210,'Hans Palin','(102) 5660384','503546831582','1977-07-31','2024-09-17 17:26:37',102),(1211,'Arvy Trundell','(992) 8636930','194004152614','1974-09-26','2024-09-17 17:26:37',707),(1212,'Luce Jouanot','(416) 3200595','302352633186','1960-08-16','2024-09-17 17:26:37',887),(1213,'Lela Gooderham','(893) 5274397','264584077299','1959-07-11','2024-09-17 17:26:37',187),(1214,'Niven Yerrill','(149) 4785426','544086817466','1963-12-16','2024-09-17 17:26:37',47),(1215,'Leoline Del Castello','(567) 2995898','453760047403','2006-07-29','2024-09-17 17:26:37',339),(1216,'Humfried Churchouse','(153) 7468239','266969862737','1961-02-10','2024-09-17 17:26:37',751),(1217,'Ileane Breydin','(124) 7399797','341995071760','1995-01-26','2024-09-17 17:26:37',473),(1218,'Corey Sweedland','(492) 6233505','581227703019','1983-01-22','2024-09-17 17:26:37',137),(1219,'Spenser Easum','(309) 5445519','162813330909','1952-04-03','2024-09-17 17:26:37',403),(1220,'Essy Lohde','(663) 9918102','427730825997','2012-02-06','2024-09-17 17:26:37',707),(1221,'Amelina Dainty','(651) 1147241','696868302141','1987-10-05','2024-09-17 17:26:37',624),(1222,'Dorothee Straffon','(938) 2925173','608446846001','2007-03-24','2024-09-17 17:26:37',309),(1223,'Teddie Rusted','(381) 4354540','667302176711','2011-07-08','2024-09-17 17:26:37',724),(1224,'Jaymee Lammenga','(604) 9075416','179612917244','1981-03-30','2024-09-17 17:26:37',659),(1225,'Rolf Chittem','(195) 9768607','695879645329','1984-10-04','2024-09-17 17:26:37',354),(1226,'Shannah Scotting','(547) 8239799','571482629473','1991-03-19','2024-09-17 17:26:37',884),(1227,'Dennet Askwith','(238) 4874391','325292819725','1974-07-28','2024-09-17 17:26:37',420),(1228,'Barty Farndell','(421) 2672269','335904113287','1987-11-25','2024-09-17 17:26:37',837),(1229,'Holden Wynn','(686) 9547217','443612834196','1978-08-15','2024-09-17 17:26:37',970),(1230,'Archibaldo Dye','(865) 5117477','363034992772','2012-11-28','2024-09-17 17:26:37',286),(1231,'Billie McAuley','(300) 7683054','886595022966','1955-11-02','2024-09-17 17:26:37',96),(1232,'Jannelle Lewknor','(857) 6292565','741623670757','1995-08-17','2024-09-17 17:26:37',968),(1233,'Indira Dabney','(903) 7602301','296019095914','1999-04-28','2024-09-17 17:26:37',867),(1234,'Yalonda Weatherall','(836) 1574914','219927493389','1974-08-17','2024-09-17 17:26:37',889),(1235,'Corrine Lawn','(592) 6091417','487990537062','2006-06-29','2024-09-17 17:26:37',790),(1236,'Peggy Ryal','(798) 8405620','389898999061','1998-03-20','2024-09-17 17:26:37',8),(1237,'Antonietta Meigh','(726) 6622848','177161580922','1967-08-27','2024-09-17 17:26:37',616),(1238,'Forster Howgego','(704) 9460742','843101283302','1957-09-10','2024-09-17 17:26:37',725),(1239,'Cally O\'Farrell','(110) 7300394','395605170858','1961-12-14','2024-09-17 17:26:37',179),(1240,'Artemus Lukasik','(250) 4595924','719080138404','1982-05-20','2024-09-17 17:26:37',390),(1241,'Roseline Matteo','(260) 5374205','596078189747','1957-05-11','2024-09-17 17:26:37',319),(1242,'Simona Tyce','(197) 9774759','269849701407','2002-04-25','2024-09-17 17:26:37',28),(1243,'Jami Fearnyough','(628) 7328770','204288758810','1957-05-19','2024-09-17 17:26:37',946),(1244,'Obediah Beevens','(452) 2356245','633355073322','1950-03-24','2024-09-17 17:26:37',997),(1245,'Vinson Golbourn','(100) 3444646','425551377512','1997-10-31','2024-09-17 17:26:37',302),(1246,'Gun Howship','(820) 7677608','259594993220','1980-01-24','2024-09-17 17:26:37',544),(1247,'Alanson Canet','(984) 5256373','507472633903','2003-10-28','2024-09-17 17:26:37',300),(1248,'Rafa Smitheram','(905) 3700055','185254735324','1984-05-23','2024-09-17 17:26:37',317),(1249,'Carroll Dunbobin','(423) 5289068','835588783430','1975-10-05','2024-09-17 17:26:37',546),(1250,'Tannie Thorsby','(704) 4802746','337925963034','1989-11-06','2024-09-17 17:26:37',35),(1251,'Vergil Luckman','(887) 3842586','392313343185','1996-08-20','2024-09-17 17:26:37',938),(1252,'Nell Penton','(868) 2522918','790495344196','2010-05-09','2024-09-17 17:26:37',709),(1253,'Ulric De Mattei','(860) 6246640','591167197975','1967-10-19','2024-09-17 17:26:37',601),(1254,'Loree Liddington','(106) 1081229','480170601197','1953-09-04','2024-09-17 17:26:37',745),(1255,'Liuka Mowne','(700) 5469745','863980631174','1965-09-10','2024-09-17 17:26:37',883),(1256,'Carine Reasun','(686) 3816902','875259557946','1986-03-27','2024-09-17 17:26:37',991),(1257,'Care Shopcott','(847) 9860600','324885641568','2010-05-14','2024-09-17 17:26:37',374),(1258,'Mart Dorey','(463) 9239765','503110646522','2001-03-24','2024-09-17 17:26:37',500),(1259,'Aimee Clemson','(803) 4843644','468282439867','1997-10-05','2024-09-17 17:26:37',592),(1260,'Roland Sadat','(571) 6788062','274498546185','1989-11-02','2024-09-17 17:26:37',636),(1261,'Barnaby Keaton','(758) 5845568','647784704542','1959-01-18','2024-09-17 17:26:37',315),(1262,'Jaimie Elderton','(646) 9626330','353346397773','1990-01-24','2024-09-17 17:26:37',796),(1263,'Obadias MacCahee','(390) 6979735','406001912389','2001-06-23','2024-09-17 17:26:37',888),(1264,'Angelique Dearing','(703) 7159237','217358532934','1991-11-20','2024-09-17 17:26:37',915),(1265,'Melina Cassimer','(509) 2351669','574307747316','2005-05-28','2024-09-17 17:26:37',330),(1266,'Dorella MacQueen','(152) 7827987','583181134253','2012-08-12','2024-09-17 17:26:37',3),(1267,'Kissiah Pelman','(624) 8242606','379052392194','1953-09-21','2024-09-17 17:26:37',890),(1268,'Will Barwise','(207) 7944992','440012065282','1975-01-31','2024-09-17 17:26:37',474),(1269,'Luca MacDiarmid','(608) 8352305','335762314410','1998-06-27','2024-09-17 17:26:37',53),(1270,'Mary Paulillo','(963) 2092497','591268633215','1970-03-01','2024-09-17 17:26:37',621),(1271,'Lonny Kloska','(223) 3953325','707133483584','1991-08-15','2024-09-17 17:26:37',463),(1272,'Fredrick Donn','(411) 7054498','258854625677','1988-02-20','2024-09-17 17:26:37',48),(1273,'Rozelle Othick','(568) 9919257','425013092911','1983-10-18','2024-09-17 17:26:37',440),(1274,'Cirillo Pedley','(169) 6098535','571993786789','1991-07-17','2024-09-17 17:26:37',589),(1275,'Ray Swindlehurst','(965) 8237118','830210711777','2011-06-14','2024-09-17 17:26:37',502),(1276,'Camella Fenge','(891) 5211239','895100356140','1996-01-26','2024-09-17 17:26:37',378),(1277,'Garek Rawes','(980) 8803351','717052088353','1991-06-22','2024-09-17 17:26:37',161),(1278,'Guillermo Labrone','(478) 6676406','216562647267','1953-08-18','2024-09-17 17:26:37',939),(1279,'Valentijn Svanetti','(202) 7929118','486422479810','1971-09-27','2024-09-17 17:26:37',908),(1280,'Augusto Quidenham','(296) 9521469','805315141956','2014-09-09','2024-09-17 17:26:37',487),(1281,'Denis Blinco','(908) 3867075','701731903102','1954-07-04','2024-09-17 17:26:37',63),(1282,'Donaugh Bellanger','(625) 6269883','312898770442','2003-01-23','2024-09-17 17:26:37',107),(1283,'Jemima Winston','(615) 5971094','777045195726','1950-02-18','2024-09-17 17:26:37',41),(1284,'Eadie Camlin','(474) 9722660','788301344388','1994-07-19','2024-09-17 17:26:37',162),(1285,'Arnoldo Fontes','(363) 3922245','337345018493','1969-03-26','2024-09-17 17:26:37',779),(1286,'Yorgo Alywen','(245) 6014627','588195946209','1983-05-02','2024-09-17 17:26:37',42),(1287,'Desmond Kittman','(992) 6296679','467693040657','1979-09-05','2024-09-17 17:26:37',12),(1288,'Minny Brunke','(344) 6901983','780884547194','1971-10-25','2024-09-17 17:26:37',159),(1289,'Allie Baruch','(720) 7516217','727174836715','1959-07-23','2024-09-17 17:26:37',683),(1290,'Eduard Argile','(721) 8000937','595916184298','1963-08-21','2024-09-17 17:26:37',229),(1291,'Madlen Eke','(686) 7545613','634539806826','1963-01-10','2024-09-17 17:26:37',148),(1292,'Kiersten Ewington','(274) 3535974','882185829813','1976-06-20','2024-09-17 17:26:37',230),(1293,'Kali Metheringham','(975) 1281569','688141200575','2006-05-14','2024-09-17 17:26:37',166),(1294,'Glynis Diggons','(100) 6997580','286567419056','1995-02-24','2024-09-17 17:26:37',711),(1295,'Hy Glasspool','(670) 7087440','369938260261','1954-03-14','2024-09-17 17:26:37',554),(1296,'Amalia Matijasevic','(986) 6007931','196228359870','1969-05-12','2024-09-17 17:26:37',845),(1297,'Berry Harrap','(787) 7676266','683034090115','1958-05-27','2024-09-17 17:26:37',95),(1298,'Curcio Jobbins','(557) 5923618','282557073223','2001-04-13','2024-09-17 17:26:37',502),(1299,'Ulrica Plaide','(458) 6193848','614512138379','1959-05-13','2024-09-17 17:26:37',507),(1300,'Kara Bufton','(955) 8710108','668969998722','1985-05-26','2024-09-17 17:26:37',986),(1301,'Wileen Wartnaby','(663) 2991586','181108479553','1959-10-20','2024-09-17 17:26:37',59),(1302,'Malanie Simko','(239) 6769379','377002754378','2010-10-28','2024-09-17 17:26:37',18),(1303,'Rikki Deveraux','(889) 1145049','364904551356','1953-10-05','2024-09-17 17:26:37',339),(1304,'Bertine Stacy','(479) 9897411','758327470659','1957-03-08','2024-09-17 17:26:37',396),(1305,'Delcine Hinchshaw','(940) 3594102','880378689082','2002-04-22','2024-09-17 17:26:37',129),(1306,'Elsy Winnard','(918) 7438083','589755831380','1980-06-07','2024-09-17 17:26:37',671),(1307,'Curr Haresign','(447) 7747796','323260245562','2003-05-16','2024-09-17 17:26:37',256),(1308,'Pascale Faircloth','(422) 1918054','143715241916','2009-08-07','2024-09-17 17:26:37',503),(1309,'Karia Slee','(936) 2526951','793728638356','1960-03-26','2024-09-17 17:26:37',114),(1310,'Nydia Perchard','(760) 2128990','685517981471','1985-04-25','2024-09-17 17:26:37',351),(1311,'Obidiah MacAllester','(689) 6127506','617343108880','1970-10-11','2024-09-17 17:26:37',306),(1312,'Tedra Glassard','(277) 7462839','286888279625','1992-03-05','2024-09-17 17:26:37',360),(1313,'Pat McAuley','(100) 6683963','611221213203','1996-10-22','2024-09-17 17:26:37',613),(1314,'Henryetta Marler','(206) 4972777','526001466530','1952-10-17','2024-09-17 17:26:37',798),(1315,'Sergent Papworth','(976) 3213967','199713345452','1954-07-02','2024-09-17 17:26:37',418),(1316,'Osborn Merrick','(429) 5858548','294621150090','1962-03-13','2024-09-17 17:26:37',74),(1317,'Mariejeanne Artharg','(580) 7922441','790371097987','2006-12-27','2024-09-17 17:26:37',373),(1318,'Liliane Noone','(415) 2885840','763894274657','1951-12-24','2024-09-17 17:26:37',190),(1319,'Brnaby Kroll','(694) 4783186','706546294146','1992-10-14','2024-09-17 17:26:37',671),(1320,'Marlon Benns','(897) 6334517','566332286518','1959-05-20','2024-09-17 17:26:37',368),(1321,'Terrance Colbourne','(451) 9476694','328510171006','1988-09-23','2024-09-17 17:26:37',444),(1322,'Elana Sherebrook','(847) 6817803','292782356304','1982-06-23','2024-09-17 17:26:37',498),(1323,'Suzanne Ganley','(237) 9139353','704038449711','1965-03-16','2024-09-17 17:26:37',209),(1324,'Zed Detloff','(162) 1252960','824842338294','2007-07-03','2024-09-17 17:26:37',586),(1325,'Hynda Burt','(341) 1250287','116398502416','1987-02-25','2024-09-17 17:26:37',946),(1326,'Dare Deviney','(421) 6060162','402632460453','1960-07-15','2024-09-17 17:26:37',563),(1327,'Earl Innocenti','(350) 9619254','891822554076','2013-01-20','2024-09-17 17:26:37',809),(1328,'Nealy Penddreth','(531) 5845096','863790986197','1960-11-01','2024-09-17 17:26:37',465),(1329,'Meredith Grise','(459) 2414242','447649983844','1974-11-05','2024-09-17 17:26:37',63),(1330,'Donica Ovid','(674) 9831680','803556578107','1964-02-24','2024-09-17 17:26:37',918),(1331,'Sylvester Gordge','(259) 3842288','371780522298','1972-11-02','2024-09-17 17:26:37',694),(1332,'Jarid Tytterton','(908) 8874929','880123162787','1977-03-02','2024-09-17 17:26:37',128),(1333,'Elvis Nevill','(822) 1384854','225965825218','2001-12-11','2024-09-17 17:26:37',219),(1334,'Ysabel Wettern','(606) 7701878','571719838993','1950-10-16','2024-09-17 17:26:37',753),(1335,'Malinda Tungate','(164) 3978469','740153122092','1985-03-02','2024-09-17 17:26:37',908),(1336,'Marsha Bierling','(171) 8277362','751844607226','1970-05-29','2024-09-17 17:26:37',305),(1337,'Kim Elderfield','(660) 9490328','757547031885','1991-05-25','2024-09-17 17:26:37',882),(1338,'Lillian Garnett','(251) 2801920','150131294325','1989-04-30','2024-09-17 17:26:37',858),(1339,'Nomi Gibbieson','(139) 6274657','150104144134','1982-01-14','2024-09-17 17:26:37',808),(1340,'Guido Jann','(936) 9871754','367025715569','1958-07-17','2024-09-17 17:26:37',746),(1341,'Ivette Bradbeer','(179) 3030587','124141326903','2011-02-01','2024-09-17 17:26:37',273),(1342,'Pen Frankton','(739) 4696208','220797904769','2004-05-20','2024-09-17 17:26:37',872),(1343,'Arlen Byk','(464) 5493801','199651775991','1950-10-10','2024-09-17 17:26:37',395),(1344,'Cleo Shailer','(118) 1091981','790707078314','1950-07-17','2024-09-17 17:26:37',243),(1345,'Tommy Gjerde','(542) 9950584','215717591447','1969-09-26','2024-09-17 17:26:37',663),(1346,'Hilario Geertje','(890) 6128132','706448324531','1982-11-24','2024-09-17 17:26:37',888),(1347,'Charleen Placido','(403) 4108591','874588137876','1997-01-29','2024-09-17 17:26:37',347),(1348,'Gery Rawcliffe','(757) 4262989','738672990855','2013-06-17','2024-09-17 17:26:37',268),(1349,'Irene Latch','(473) 1535220','399138338761','1957-11-03','2024-09-17 17:26:37',471),(1350,'Ibrahim Treacher','(309) 3978172','701675391433','1963-08-18','2024-09-17 17:26:37',538),(1351,'Cooper Yesenev','(765) 3371539','818196188628','1976-06-29','2024-09-17 17:26:37',984),(1352,'Isiahi McRoberts','(229) 8201893','778256689929','1982-01-25','2024-09-17 17:26:37',879),(1353,'Sybyl Cattenach','(352) 2982002','602851481028','1980-05-15','2024-09-17 17:26:37',632),(1354,'Omero Krelle','(693) 2191952','549320346766','1976-02-20','2024-09-17 17:26:37',344),(1355,'Jenifer Meynell','(635) 1713914','486786883545','2010-06-27','2024-09-17 17:26:37',614),(1356,'Sharon Hradsky','(577) 6562697','249859002273','2011-04-28','2024-09-17 17:26:37',984),(1357,'Madeleine Zumbusch','(921) 9047158','857283209824','1954-04-05','2024-09-17 17:26:37',853),(1358,'Drona Drewell','(332) 8690751','250101385144','1996-09-14','2024-09-17 17:26:37',569),(1359,'Millisent Toombs','(445) 1258090','740520724221','1953-03-26','2024-09-17 17:26:37',890),(1360,'Sigismond Pawelke','(340) 8589195','891778959370','2012-03-19','2024-09-17 17:26:37',816),(1361,'Roi Tregensoe','(511) 5825663','681708001218','1991-08-04','2024-09-17 17:26:37',772),(1362,'Annalee Bunn','(723) 2324342','453162762486','1983-09-19','2024-09-17 17:26:37',920),(1363,'Luise Archer','(631) 3679151','230888016686','1982-11-01','2024-09-17 17:26:37',953),(1364,'Abdul Gethings','(623) 5571234','523023242895','1970-05-17','2024-09-17 17:26:37',90),(1365,'Lennie Danks','(545) 6802595','143599080722','1997-01-22','2024-09-17 17:26:37',820),(1366,'Franciska Moncreiffe','(611) 3273087','217187210296','1996-12-11','2024-09-17 17:26:37',568),(1367,'Gaylene Cliss','(116) 8020119','645491718635','1956-07-07','2024-09-17 17:26:37',646),(1368,'Hazel Pergens','(945) 8623966','210284817575','1989-11-17','2024-09-17 17:26:37',921),(1369,'Dorris Patriche','(415) 4831970','481058752408','1959-02-13','2024-09-17 17:26:37',825),(1370,'Brant Bondley','(861) 6486674','726412070674','1983-02-27','2024-09-17 17:26:37',90),(1371,'Rudolfo Spitaro','(681) 4182397','648948076265','1962-11-19','2024-09-17 17:26:37',325),(1372,'Sherrie Goodin','(845) 3151399','602459250573','2010-10-07','2024-09-17 17:26:37',117),(1373,'Swen Kynge','(636) 1008128','117898239877','2002-10-19','2024-09-17 17:26:37',683),(1374,'Gasparo Brophy','(792) 6770723','306870823471','1971-11-09','2024-09-17 17:26:37',389),(1375,'Tobiah Tabner','(901) 8929193','749217834070','1972-10-31','2024-09-17 17:26:37',873),(1376,'Silvanus Clayworth','(642) 7209127','821276483086','1990-02-15','2024-09-17 17:26:37',687),(1377,'Itch Curtoys','(651) 2325357','163174923477','1954-04-22','2024-09-17 17:26:37',214),(1378,'Velvet Hardstaff','(893) 6128177','710797589174','1964-12-31','2024-09-17 17:26:37',556),(1379,'Kathy Feldstern','(135) 9384446','374191158942','1984-11-25','2024-09-17 17:26:37',300),(1380,'Nonie Nehlsen','(864) 6915902','753753808256','2001-05-26','2024-09-17 17:26:37',597),(1381,'Georgie Orry','(515) 4597105','516993118224','1998-01-05','2024-09-17 17:26:37',567),(1382,'Reagan Carswell','(983) 9656710','297281729817','2007-06-17','2024-09-17 17:26:37',322),(1383,'Linet Tampling','(643) 1018651','131589448135','1963-05-17','2024-09-17 17:26:37',888),(1384,'Tomkin Luxon','(732) 8680994','388451147210','1986-11-03','2024-09-17 17:26:37',746),(1385,'Edik Lindup','(837) 7676795','718635831766','1966-05-30','2024-09-17 17:26:37',199),(1386,'Heywood Broschke','(284) 8836053','537529892576','1952-04-02','2024-09-17 17:26:37',112),(1387,'Bone Tresvina','(710) 8594037','370804298597','1953-02-09','2024-09-17 17:26:37',745),(1388,'Kaycee Meneur','(910) 8598175','310375418958','1971-07-04','2024-09-17 17:26:37',524),(1389,'Sullivan Adame','(975) 9214389','375027462513','1977-06-15','2024-09-17 17:26:37',740),(1390,'Magdaia Carek','(929) 7877053','794450929480','1975-07-11','2024-09-17 17:26:37',622),(1391,'Germaine Cowely','(919) 2229226','303861113103','1980-06-24','2024-09-17 17:26:37',296),(1392,'Natasha Bowen','(420) 9449278','556579304926','1966-04-13','2024-09-17 17:26:37',104),(1393,'Beau Nudd','(397) 5023569','225525343193','1953-10-24','2024-09-17 17:26:37',863),(1394,'Vladimir Mayne','(594) 5127617','450944433733','1998-09-17','2024-09-17 17:26:37',130),(1395,'Eden Casini','(886) 3962468','808719376135','2012-07-26','2024-09-17 17:26:37',174),(1396,'Don Bernt','(810) 6942016','244092174833','1954-10-26','2024-09-17 17:26:37',993),(1397,'Tracy Kalisch','(635) 7644798','476866738978','1984-02-22','2024-09-17 17:26:37',919),(1398,'Janetta Keetch','(455) 3302693','729751783722','1968-07-28','2024-09-17 17:26:37',421),(1399,'Maximilien Ghidotti','(940) 3728823','242164366770','1971-10-06','2024-09-17 17:26:37',337),(1400,'Chryste Stoite','(526) 6371952','801902143945','1952-05-03','2024-09-17 17:26:37',377),(1401,'Hildegarde Fakeley','(597) 4342391','768362018793','1955-02-13','2024-09-17 17:26:37',554),(1402,'Alanson Crose','(794) 2353322','354586351452','1969-02-14','2024-09-17 17:26:37',233),(1403,'Bari Hagan','(176) 9835948','247488161357','1963-08-25','2024-09-17 17:26:37',982),(1404,'Harald Vaugham','(346) 5180396','405853210280','1960-05-17','2024-09-17 17:26:37',392),(1405,'Nomi McGiven','(764) 3786732','855826693663','1954-09-26','2024-09-17 17:26:37',388),(1406,'Chandal Pegden','(404) 3762267','446288947824','1993-05-17','2024-09-17 17:26:37',399),(1407,'Harrietta Williamson','(749) 6649674','230609575795','1989-12-05','2024-09-17 17:26:37',507),(1408,'Blondy Regina','(307) 4337806','677868381325','1974-01-09','2024-09-17 17:26:37',382),(1409,'Yettie Emburey','(108) 1514540','262206751780','1984-05-29','2024-09-17 17:26:37',987),(1410,'Paulita Gatecliffe','(366) 5059009','163098617821','2006-12-23','2024-09-17 17:26:37',959),(1411,'Issiah Wickens','(213) 6842925','319081598289','2012-06-29','2024-09-17 17:26:37',154),(1412,'Elvin Eakley','(838) 8881028','792344285222','2009-10-15','2024-09-17 17:26:37',465),(1413,'Mariel Snipe','(616) 5275088','376948684230','2014-02-13','2024-09-17 17:26:37',311),(1414,'Percival Armitt','(671) 5972498','731584590924','1995-11-28','2024-09-17 17:26:37',271),(1415,'Bird Petschel','(211) 9603503','169214690172','2008-12-22','2024-09-17 17:26:37',281),(1416,'Ferdie Warcop','(466) 5022350','351259648782','1969-05-18','2024-09-17 17:26:37',848),(1417,'Kare Venediktov','(849) 2392392','788869342268','1972-03-22','2024-09-17 17:26:37',469),(1418,'Andrea Kirdsch','(630) 3493211','171402463998','1957-12-19','2024-09-17 17:26:37',744),(1419,'Milena Dadd','(834) 4735835','633947031532','1960-12-16','2024-09-17 17:26:37',987),(1420,'Cletis Yarrall','(238) 2928239','848252745929','2012-08-10','2024-09-17 17:26:37',791),(1421,'Mylo Duignan','(604) 4625669','229693090888','1982-09-02','2024-09-17 17:26:37',896),(1422,'Mycah Alven','(811) 4243474','178104295298','1961-04-20','2024-09-17 17:26:37',179),(1423,'Rebe Scammell','(866) 8469395','315135560718','1988-04-10','2024-09-17 17:26:37',205),(1424,'Cary Emor','(604) 5809438','793846070214','1960-12-27','2024-09-17 17:26:37',248),(1425,'Gusti Muirden','(186) 2571231','531922278884','1986-11-02','2024-09-17 17:26:37',698),(1426,'Carolynn Brim','(816) 5750331','834212975701','1992-02-27','2024-09-17 17:26:37',715),(1427,'Gaynor Conyard','(396) 5036999','783636252705','1977-12-09','2024-09-17 17:26:37',199),(1428,'Carr Tyre','(491) 8997267','301684080415','1975-12-14','2024-09-17 17:26:37',894),(1429,'Alard Aldcorne','(472) 5817130','745340928405','2005-10-18','2024-09-17 17:26:37',565),(1430,'Hyman Beernaert','(901) 6802215','647288834646','2009-02-18','2024-09-17 17:26:37',979),(1431,'Granthem Gotter','(471) 3069020','524589501828','1983-11-17','2024-09-17 17:26:37',745),(1432,'Ewell Twigge','(912) 9618173','170337803789','1979-07-04','2024-09-17 17:26:37',944),(1433,'Archie Dowbekin','(676) 2216068','420741093038','1960-04-18','2024-09-17 17:26:37',674),(1434,'Allard Halvorsen','(604) 4719013','831101791777','2002-05-26','2024-09-17 17:26:37',128),(1435,'Alvan Seaman','(812) 3695026','462380548209','2004-03-12','2024-09-17 17:26:37',846),(1436,'Chevy Casali','(959) 7771958','280016121991','1987-09-30','2024-09-17 17:26:37',264),(1437,'Hilton Dummigan','(345) 5169856','816514678184','1987-09-15','2024-09-17 17:26:37',718),(1438,'Jacinthe Smallacombe','(753) 5115942','593692527586','1981-12-14','2024-09-17 17:26:37',65),(1439,'Timmi Fitzroy','(310) 9348286','707474585514','1991-04-13','2024-09-17 17:26:37',162),(1440,'Cherilyn Fluit','(811) 9759677','765524076841','1986-08-07','2024-09-17 17:26:37',456),(1441,'Winne Shelton','(825) 5445157','381543899728','1994-05-05','2024-09-17 17:26:37',426),(1442,'Harrison Coughlin','(613) 4283594','834014967801','1954-03-16','2024-09-17 17:26:37',133),(1443,'Freeman Beavis','(977) 2188509','736975511996','1985-02-14','2024-09-17 17:26:37',608),(1444,'Matthus Frammingham','(469) 9676423','388492460436','1997-12-20','2024-09-17 17:26:37',142),(1445,'Caty Perry','(406) 8335449','141441520415','1958-08-12','2024-09-17 17:26:37',395),(1446,'Elonore Brockie','(990) 5586174','141664554565','1959-04-03','2024-09-17 17:26:37',612),(1447,'Doria Sowrey','(967) 7293442','412695115718','1977-06-27','2024-09-17 17:26:37',640),(1448,'Andee Eagan','(513) 9479077','832617010187','1965-11-08','2024-09-17 17:26:37',580),(1449,'Felice Cattlemull','(303) 9021943','583698423575','1952-06-21','2024-09-17 17:26:37',140),(1450,'Jennine Biever','(450) 5968509','840522670568','1975-09-14','2024-09-17 17:26:37',173),(1451,'Wenonah Flieg','(342) 9811618','505678985425','1988-06-20','2024-09-17 17:26:37',393),(1452,'Barbey Askem','(281) 6469226','619447096415','1988-02-09','2024-09-17 17:26:37',244),(1453,'Minerva Ullyott','(985) 2079129','840496944058','1976-06-28','2024-09-17 17:26:37',4),(1454,'Siward Lamyman','(396) 3538904','788477223062','1980-08-08','2024-09-17 17:26:37',225),(1455,'Guendolen Pitcher','(262) 4559795','221478123364','2005-09-26','2024-09-17 17:26:37',178),(1456,'Megen Canet','(978) 6779123','631877578772','1960-10-30','2024-09-17 17:26:37',762),(1457,'Gard Wolpert','(573) 2074354','899330817937','2013-03-09','2024-09-17 17:26:37',618),(1458,'Gill Paff','(281) 7970015','691438886164','1964-05-29','2024-09-17 17:26:37',394),(1459,'Dell Rusbridge','(246) 3500045','644558814768','1992-09-17','2024-09-17 17:26:37',706),(1460,'Allayne Towey','(931) 2320410','847749766476','1989-01-25','2024-09-17 17:26:37',803),(1461,'Inglebert Hatt','(171) 5778842','653702904669','2003-12-19','2024-09-17 17:26:37',59),(1462,'Fulvia MacLaig','(568) 4147690','522505851609','2005-06-12','2024-09-17 17:26:37',555),(1463,'Rochell Bowdidge','(344) 5664825','152172480945','1957-01-29','2024-09-17 17:26:37',765),(1464,'Eric Hainning','(380) 4826985','761646418023','2013-10-22','2024-09-17 17:26:37',961),(1465,'Rick Polk','(596) 5641051','151960541099','1960-09-17','2024-09-17 17:26:37',508),(1466,'Eartha Forbear','(823) 1776448','274523669283','1972-09-14','2024-09-17 17:26:37',990),(1467,'Whittaker Moore','(229) 3423529','523391421836','1955-06-28','2024-09-17 17:26:37',755),(1468,'Nehemiah Fareweather','(865) 7678583','353868148741','2006-08-02','2024-09-17 17:26:37',442),(1469,'Angelique Louw','(281) 3478097','275426021005','2000-07-30','2024-09-17 17:26:37',993),(1470,'Regina Le Hucquet','(200) 7862091','696485515652','1987-03-11','2024-09-17 17:26:37',514),(1471,'Briano Seathwright','(668) 5211783','143782314501','1964-12-11','2024-09-17 17:26:37',263),(1472,'Edeline Gerrard','(493) 6982772','866733317961','1964-06-10','2024-09-17 17:26:37',61),(1473,'Hube Gravie','(861) 2915480','410693393151','2004-06-27','2024-09-17 17:26:37',665),(1474,'Paulita Drivers','(270) 9013763','183478272474','1954-08-21','2024-09-17 17:26:37',1000),(1475,'Ashly Abrey','(292) 7529612','614490557092','1977-07-10','2024-09-17 17:26:37',873),(1476,'Creight Whetton','(888) 8554386','230424614486','1975-01-10','2024-09-17 17:26:37',675),(1477,'Kingsly Penniell','(684) 7887233','696053444648','1955-02-09','2024-09-17 17:26:37',933),(1478,'Chastity Shird','(740) 7108435','105918972270','1963-08-25','2024-09-17 17:26:37',839),(1479,'Victor Genthner','(771) 2974586','542405947594','1952-03-24','2024-09-17 17:26:37',396),(1480,'Delbert Palk','(412) 8829791','868928474142','2012-07-16','2024-09-17 17:26:38',484),(1481,'Crista Millichip','(684) 6607472','231367214794','1987-02-21','2024-09-17 17:26:38',154),(1482,'Dalenna Hodgin','(889) 4522689','348666360269','1988-01-09','2024-09-17 17:26:38',235),(1483,'Pauly Sackey','(232) 2100574','425230644361','2009-04-12','2024-09-17 17:26:38',868),(1484,'Putnam Liptrod','(969) 4455672','405980893078','2013-07-08','2024-09-17 17:26:38',299),(1485,'Trudi Judron','(551) 3987896','104907167570','1971-02-23','2024-09-17 17:26:38',881),(1486,'Salvador Anderer','(218) 5377576','638669609917','1974-08-07','2024-09-17 17:26:38',114),(1487,'Gnni Summerson','(546) 6625356','451119979406','2002-08-22','2024-09-17 17:26:38',260),(1488,'Urbanus Pirt','(881) 4298030','530541410348','2004-03-23','2024-09-17 17:26:38',450),(1489,'Anthea Cullin','(876) 5279414','758569474443','1952-08-12','2024-09-17 17:26:38',278),(1490,'Kai Itzhaiek','(953) 9008111','800053381118','2002-11-28','2024-09-17 17:26:38',142),(1491,'Briny Glover','(142) 3433987','342444166129','2013-12-28','2024-09-17 17:26:38',940),(1492,'Amalee Quiddihy','(397) 9874295','801434751736','2010-08-29','2024-09-17 17:26:38',266),(1493,'Dorene Riccioppo','(951) 6655365','791633245098','1996-08-14','2024-09-17 17:26:38',375),(1494,'Elga Domoney','(238) 6589513','754372897124','2013-08-13','2024-09-17 17:26:38',941),(1495,'Culley Ditchburn','(439) 4046672','665724215228','1966-09-22','2024-09-17 17:26:38',272),(1496,'Annabell Brownlea','(956) 9850469','769310403797','1977-11-26','2024-09-17 17:26:38',576),(1497,'Susannah Batrick','(959) 2986246','438781038519','1964-03-11','2024-09-17 17:26:38',46),(1498,'Hinze Tredget','(804) 7943532','634331319108','1977-03-26','2024-09-17 17:26:38',240),(1499,'Harper Connechy','(648) 6931583','541236570333','1960-05-22','2024-09-17 17:26:38',536),(1500,'Roze Downing','(995) 9905655','220413382911','1953-02-15','2024-09-17 17:26:38',82);
/*!40000 ALTER TABLE `clientes` ENABLE KEYS */;
UNLOCK TABLES;

--
-- Table structure for table `compras`
--

DROP TABLE IF EXISTS `compras`;
/*!40101 SET @saved_cs_client     = @@character_set_client */;
/*!50503 SET character_set_client = utf8mb4 */;
CREATE TABLE `compras` (
  `id` int NOT NULL AUTO_INCREMENT,
  `data_compra` datetime NOT NULL,
  `data_criacao` datetime NOT NULL DEFAULT CURRENT_TIMESTAMP,
  `clientes_id` int NOT NULL,
  PRIMARY KEY (`id`),
  KEY `fk_compras_clientes1_idx` (`clientes_id`),
  CONSTRAINT `fk_compras_clientes1` FOREIGN KEY (`clientes_id`) REFERENCES `clientes` (`id`)
) ENGINE=InnoDB AUTO_INCREMENT=1001 DEFAULT CHARSET=utf8mb3;
/*!40101 SET character_set_client = @saved_cs_client */;

--
-- Dumping data for table `compras`
--

LOCK TABLES `compras` WRITE;
/*!40000 ALTER TABLE `compras` DISABLE KEYS */;
INSERT INTO `compras` VALUES (1,'2024-02-14 00:00:00','2024-09-17 17:26:38',415),(2,'2024-01-04 00:00:00','2024-09-17 17:26:38',513),(3,'2024-06-22 00:00:00','2024-09-17 17:26:38',56),(4,'2024-03-01 00:00:00','2024-09-17 17:26:38',963),(5,'2024-04-13 00:00:00','2024-09-17 17:26:38',1485),(6,'2023-12-11 00:00:00','2024-09-17 17:26:38',1158),(7,'2024-03-04 00:00:00','2024-09-17 17:26:38',1036),(8,'2024-02-22 00:00:00','2024-09-17 17:26:38',1051),(9,'2023-11-03 00:00:00','2024-09-17 17:26:38',732),(10,'2024-06-02 00:00:00','2024-09-17 17:26:38',1036),(11,'2024-02-07 00:00:00','2024-09-17 17:26:38',188),(12,'2024-08-08 00:00:00','2024-09-17 17:26:38',943),(13,'2024-03-25 00:00:00','2024-09-17 17:26:38',456),(14,'2024-08-04 00:00:00','2024-09-17 17:26:38',571),(15,'2024-04-30 00:00:00','2024-09-17 17:26:38',1055),(16,'2024-03-09 00:00:00','2024-09-17 17:26:38',300),(17,'2024-03-17 00:00:00','2024-09-17 17:26:38',803),(18,'2024-02-27 00:00:00','2024-09-17 17:26:38',1276),(19,'2024-09-12 00:00:00','2024-09-17 17:26:38',1079),(20,'2024-03-13 00:00:00','2024-09-17 17:26:38',972),(21,'2024-07-11 00:00:00','2024-09-17 17:26:38',287),(22,'2024-07-16 00:00:00','2024-09-17 17:26:38',1162),(23,'2024-01-28 00:00:00','2024-09-17 17:26:38',1398),(24,'2023-12-08 00:00:00','2024-09-17 17:26:38',1057),(25,'2024-01-16 00:00:00','2024-09-17 17:26:38',1246),(26,'2024-02-27 00:00:00','2024-09-17 17:26:38',45),(27,'2023-12-25 00:00:00','2024-09-17 17:26:38',2),(28,'2023-09-19 00:00:00','2024-09-17 17:26:38',1134),(29,'2024-04-14 00:00:00','2024-09-17 17:26:38',1222),(30,'2024-06-11 00:00:00','2024-09-17 17:26:38',1099),(31,'2024-02-18 00:00:00','2024-09-17 17:26:38',261),(32,'2024-08-16 00:00:00','2024-09-17 17:26:38',931),(33,'2024-08-11 00:00:00','2024-09-17 17:26:38',1243),(34,'2023-11-02 00:00:00','2024-09-17 17:26:38',280),(35,'2024-07-27 00:00:00','2024-09-17 17:26:38',699),(36,'2023-10-05 00:00:00','2024-09-17 17:26:38',745),(37,'2024-07-08 00:00:00','2024-09-17 17:26:38',974),(38,'2024-08-23 00:00:00','2024-09-17 17:26:38',1162),(39,'2023-11-09 00:00:00','2024-09-17 17:26:38',917),(40,'2024-02-18 00:00:00','2024-09-17 17:26:38',649),(41,'2023-09-24 00:00:00','2024-09-17 17:26:38',516),(42,'2024-06-10 00:00:00','2024-09-17 17:26:38',417),(43,'2023-12-31 00:00:00','2024-09-17 17:26:38',72),(44,'2023-09-28 00:00:00','2024-09-17 17:26:38',873),(45,'2024-06-06 00:00:00','2024-09-17 17:26:38',1100),(46,'2024-02-23 00:00:00','2024-09-17 17:26:38',350),(47,'2024-02-27 00:00:00','2024-09-17 17:26:38',1491),(48,'2024-05-14 00:00:00','2024-09-17 17:26:38',496),(49,'2024-08-14 00:00:00','2024-09-17 17:26:38',478),(50,'2024-03-28 00:00:00','2024-09-17 17:26:38',425),(51,'2023-10-18 00:00:00','2024-09-17 17:26:38',266),(52,'2024-04-13 00:00:00','2024-09-17 17:26:38',4),(53,'2024-04-01 00:00:00','2024-09-17 17:26:38',1246),(54,'2023-10-04 00:00:00','2024-09-17 17:26:38',1237),(55,'2024-05-23 00:00:00','2024-09-17 17:26:38',649),(56,'2024-03-15 00:00:00','2024-09-17 17:26:38',183),(57,'2024-04-15 00:00:00','2024-09-17 17:26:38',543),(58,'2023-11-21 00:00:00','2024-09-17 17:26:38',521),(59,'2023-11-28 00:00:00','2024-09-17 17:26:38',1412),(60,'2023-11-05 00:00:00','2024-09-17 17:26:38',1452),(61,'2023-12-30 00:00:00','2024-09-17 17:26:38',47),(62,'2024-04-29 00:00:00','2024-09-17 17:26:38',506),(63,'2024-01-11 00:00:00','2024-09-17 17:26:38',1468),(64,'2024-06-03 00:00:00','2024-09-17 17:26:38',1244),(65,'2024-05-13 00:00:00','2024-09-17 17:26:38',591),(66,'2024-03-27 00:00:00','2024-09-17 17:26:38',447),(67,'2024-01-29 00:00:00','2024-09-17 17:26:38',1154),(68,'2024-03-29 00:00:00','2024-09-17 17:26:38',254),(69,'2024-07-02 00:00:00','2024-09-17 17:26:38',840),(70,'2024-07-29 00:00:00','2024-09-17 17:26:38',1313),(71,'2023-09-25 00:00:00','2024-09-17 17:26:38',747),(72,'2024-07-22 00:00:00','2024-09-17 17:26:38',1385),(73,'2024-06-16 00:00:00','2024-09-17 17:26:38',758),(74,'2024-06-15 00:00:00','2024-09-17 17:26:38',734),(75,'2024-01-03 00:00:00','2024-09-17 17:26:38',1257),(76,'2024-04-25 00:00:00','2024-09-17 17:26:38',682),(77,'2024-08-11 00:00:00','2024-09-17 17:26:38',1107),(78,'2024-08-25 00:00:00','2024-09-17 17:26:38',940),(79,'2024-05-28 00:00:00','2024-09-17 17:26:38',1067),(80,'2024-09-05 00:00:00','2024-09-17 17:26:38',362),(81,'2024-06-08 00:00:00','2024-09-17 17:26:38',570),(82,'2024-06-05 00:00:00','2024-09-17 17:26:38',1090),(83,'2024-01-19 00:00:00','2024-09-17 17:26:38',392),(84,'2023-11-17 00:00:00','2024-09-17 17:26:38',675),(85,'2024-02-26 00:00:00','2024-09-17 17:26:38',1473),(86,'2024-07-11 00:00:00','2024-09-17 17:26:38',859),(87,'2023-09-25 00:00:00','2024-09-17 17:26:38',1467),(88,'2024-07-31 00:00:00','2024-09-17 17:26:38',86),(89,'2024-01-15 00:00:00','2024-09-17 17:26:38',150),(90,'2023-09-28 00:00:00','2024-09-17 17:26:38',1305),(91,'2024-04-15 00:00:00','2024-09-17 17:26:38',1122),(92,'2023-10-21 00:00:00','2024-09-17 17:26:38',759),(93,'2024-01-25 00:00:00','2024-09-17 17:26:38',739),(94,'2023-10-18 00:00:00','2024-09-17 17:26:38',1496),(95,'2023-11-29 00:00:00','2024-09-17 17:26:38',508),(96,'2024-07-19 00:00:00','2024-09-17 17:26:38',655),(97,'2024-07-19 00:00:00','2024-09-17 17:26:38',627),(98,'2024-09-05 00:00:00','2024-09-17 17:26:38',698),(99,'2024-07-08 00:00:00','2024-09-17 17:26:38',603),(100,'2024-05-30 00:00:00','2024-09-17 17:26:38',1066),(101,'2023-09-18 00:00:00','2024-09-17 17:26:38',156),(102,'2024-02-05 00:00:00','2024-09-17 17:26:38',1043),(103,'2023-11-16 00:00:00','2024-09-17 17:26:38',1248),(104,'2024-04-15 00:00:00','2024-09-17 17:26:38',53),(105,'2024-04-27 00:00:00','2024-09-17 17:26:38',1425),(106,'2024-05-24 00:00:00','2024-09-17 17:26:38',1172),(107,'2023-10-31 00:00:00','2024-09-17 17:26:38',451),(108,'2023-11-24 00:00:00','2024-09-17 17:26:38',878),(109,'2024-05-13 00:00:00','2024-09-17 17:26:38',191),(110,'2024-03-10 00:00:00','2024-09-17 17:26:38',326),(111,'2024-03-02 00:00:00','2024-09-17 17:26:38',265),(112,'2023-10-05 00:00:00','2024-09-17 17:26:38',511),(113,'2024-06-11 00:00:00','2024-09-17 17:26:38',1225),(114,'2024-07-25 00:00:00','2024-09-17 17:26:38',406),(115,'2024-01-09 00:00:00','2024-09-17 17:26:38',1318),(116,'2024-08-21 00:00:00','2024-09-17 17:26:38',133),(117,'2024-01-02 00:00:00','2024-09-17 17:26:38',1388),(118,'2023-10-03 00:00:00','2024-09-17 17:26:38',17),(119,'2024-01-18 00:00:00','2024-09-17 17:26:38',1326),(120,'2024-01-13 00:00:00','2024-09-17 17:26:38',915),(121,'2024-02-06 00:00:00','2024-09-17 17:26:38',1081),(122,'2023-12-01 00:00:00','2024-09-17 17:26:38',1302),(123,'2023-09-15 00:00:00','2024-09-17 17:26:38',972),(124,'2024-07-03 00:00:00','2024-09-17 17:26:38',803),(125,'2024-03-07 00:00:00','2024-09-17 17:26:38',1168),(126,'2024-01-01 00:00:00','2024-09-17 17:26:38',40),(127,'2024-07-02 00:00:00','2024-09-17 17:26:38',516),(128,'2024-04-09 00:00:00','2024-09-17 17:26:38',1016),(129,'2024-07-02 00:00:00','2024-09-17 17:26:38',1410),(130,'2024-06-20 00:00:00','2024-09-17 17:26:38',890),(131,'2023-09-17 00:00:00','2024-09-17 17:26:38',584),(132,'2024-08-14 00:00:00','2024-09-17 17:26:38',1127),(133,'2023-12-29 00:00:00','2024-09-17 17:26:38',964),(134,'2024-06-17 00:00:00','2024-09-17 17:26:38',154),(135,'2024-04-06 00:00:00','2024-09-17 17:26:38',324),(136,'2024-04-30 00:00:00','2024-09-17 17:26:38',1428),(137,'2023-12-06 00:00:00','2024-09-17 17:26:38',935),(138,'2024-07-14 00:00:00','2024-09-17 17:26:38',542),(139,'2023-11-07 00:00:00','2024-09-17 17:26:38',1238),(140,'2024-05-19 00:00:00','2024-09-17 17:26:38',700),(141,'2024-02-19 00:00:00','2024-09-17 17:26:38',238),(142,'2024-03-08 00:00:00','2024-09-17 17:26:38',1146),(143,'2024-02-18 00:00:00','2024-09-17 17:26:38',1160),(144,'2024-03-26 00:00:00','2024-09-17 17:26:38',1209),(145,'2024-01-21 00:00:00','2024-09-17 17:26:38',1079),(146,'2024-03-19 00:00:00','2024-09-17 17:26:38',153),(147,'2024-07-27 00:00:00','2024-09-17 17:26:38',154),(148,'2023-11-19 00:00:00','2024-09-17 17:26:38',557),(149,'2023-09-27 00:00:00','2024-09-17 17:26:38',1454),(150,'2024-06-24 00:00:00','2024-09-17 17:26:38',1362),(151,'2023-11-25 00:00:00','2024-09-17 17:26:38',39),(152,'2023-10-03 00:00:00','2024-09-17 17:26:38',592),(153,'2024-07-13 00:00:00','2024-09-17 17:26:38',781),(154,'2023-10-07 00:00:00','2024-09-17 17:26:38',1314),(155,'2024-03-16 00:00:00','2024-09-17 17:26:38',1256),(156,'2023-09-13 00:00:00','2024-09-17 17:26:38',1323),(157,'2023-12-23 00:00:00','2024-09-17 17:26:38',752),(158,'2024-07-14 00:00:00','2024-09-17 17:26:38',1450),(159,'2024-01-17 00:00:00','2024-09-17 17:26:38',1331),(160,'2024-04-14 00:00:00','2024-09-17 17:26:38',836),(161,'2023-09-28 00:00:00','2024-09-17 17:26:38',1036),(162,'2024-08-26 00:00:00','2024-09-17 17:26:38',691),(163,'2024-07-22 00:00:00','2024-09-17 17:26:38',649),(164,'2023-12-19 00:00:00','2024-09-17 17:26:38',67),(165,'2023-10-09 00:00:00','2024-09-17 17:26:38',1244),(166,'2024-09-05 00:00:00','2024-09-17 17:26:38',1484),(167,'2024-04-12 00:00:00','2024-09-17 17:26:38',1450),(168,'2024-09-07 00:00:00','2024-09-17 17:26:38',928),(169,'2023-12-26 00:00:00','2024-09-17 17:26:38',462),(170,'2024-08-12 00:00:00','2024-09-17 17:26:38',1065),(171,'2023-11-26 00:00:00','2024-09-17 17:26:38',679),(172,'2023-11-25 00:00:00','2024-09-17 17:26:38',33),(173,'2024-04-21 00:00:00','2024-09-17 17:26:38',881),(174,'2024-09-09 00:00:00','2024-09-17 17:26:38',692),(175,'2023-12-08 00:00:00','2024-09-17 17:26:38',54),(176,'2023-12-28 00:00:00','2024-09-17 17:26:38',1487),(177,'2023-10-19 00:00:00','2024-09-17 17:26:38',43),(178,'2024-05-23 00:00:00','2024-09-17 17:26:38',322),(179,'2024-04-07 00:00:00','2024-09-17 17:26:38',355),(180,'2024-07-02 00:00:00','2024-09-17 17:26:38',1219),(181,'2024-04-16 00:00:00','2024-09-17 17:26:38',1431),(182,'2023-10-11 00:00:00','2024-09-17 17:26:38',724),(183,'2024-07-26 00:00:00','2024-09-17 17:26:38',168),(184,'2024-02-24 00:00:00','2024-09-17 17:26:38',1326),(185,'2024-08-21 00:00:00','2024-09-17 17:26:38',26),(186,'2024-02-29 00:00:00','2024-09-17 17:26:38',192),(187,'2024-04-02 00:00:00','2024-09-17 17:26:38',953),(188,'2024-08-29 00:00:00','2024-09-17 17:26:38',630),(189,'2024-05-04 00:00:00','2024-09-17 17:26:38',1045),(190,'2024-07-04 00:00:00','2024-09-17 17:26:38',1298),(191,'2024-07-21 00:00:00','2024-09-17 17:26:38',1148),(192,'2024-08-26 00:00:00','2024-09-17 17:26:38',1360),(193,'2024-04-21 00:00:00','2024-09-17 17:26:38',1146),(194,'2023-12-11 00:00:00','2024-09-17 17:26:38',47),(195,'2024-09-08 00:00:00','2024-09-17 17:26:38',626),(196,'2024-03-31 00:00:00','2024-09-17 17:26:38',1468),(197,'2024-02-01 00:00:00','2024-09-17 17:26:38',568),(198,'2023-12-20 00:00:00','2024-09-17 17:26:38',171),(199,'2023-10-11 00:00:00','2024-09-17 17:26:38',705),(200,'2023-09-15 00:00:00','2024-09-17 17:26:38',1101),(201,'2024-02-02 00:00:00','2024-09-17 17:26:38',795),(202,'2024-01-21 00:00:00','2024-09-17 17:26:38',1006),(203,'2023-12-26 00:00:00','2024-09-17 17:26:38',703),(204,'2024-07-03 00:00:00','2024-09-17 17:26:38',937),(205,'2024-05-15 00:00:00','2024-09-17 17:26:38',307),(206,'2023-10-12 00:00:00','2024-09-17 17:26:38',635),(207,'2024-04-24 00:00:00','2024-09-17 17:26:38',1029),(208,'2023-10-08 00:00:00','2024-09-17 17:26:38',1325),(209,'2024-05-20 00:00:00','2024-09-17 17:26:38',118),(210,'2024-04-23 00:00:00','2024-09-17 17:26:38',1417),(211,'2024-02-19 00:00:00','2024-09-17 17:26:38',970),(212,'2023-09-14 00:00:00','2024-09-17 17:26:38',802),(213,'2024-04-07 00:00:00','2024-09-17 17:26:38',358),(214,'2024-07-17 00:00:00','2024-09-17 17:26:38',83),(215,'2024-04-23 00:00:00','2024-09-17 17:26:38',1407),(216,'2024-04-29 00:00:00','2024-09-17 17:26:38',363),(217,'2024-01-03 00:00:00','2024-09-17 17:26:38',1309),(218,'2023-11-21 00:00:00','2024-09-17 17:26:38',1286),(219,'2023-12-08 00:00:00','2024-09-17 17:26:38',892),(220,'2024-04-02 00:00:00','2024-09-17 17:26:38',511),(221,'2023-10-31 00:00:00','2024-09-17 17:26:38',1193),(222,'2024-08-04 00:00:00','2024-09-17 17:26:38',498),(223,'2024-09-02 00:00:00','2024-09-17 17:26:38',767),(224,'2023-12-07 00:00:00','2024-09-17 17:26:38',186),(225,'2024-03-23 00:00:00','2024-09-17 17:26:38',425),(226,'2024-06-04 00:00:00','2024-09-17 17:26:38',1038),(227,'2024-01-25 00:00:00','2024-09-17 17:26:38',1483),(228,'2023-12-31 00:00:00','2024-09-17 17:26:38',1489),(229,'2024-07-24 00:00:00','2024-09-17 17:26:38',369),(230,'2024-03-18 00:00:00','2024-09-17 17:26:38',531),(231,'2024-03-06 00:00:00','2024-09-17 17:26:38',797),(232,'2024-04-22 00:00:00','2024-09-17 17:26:38',1078),(233,'2024-07-17 00:00:00','2024-09-17 17:26:38',258),(234,'2024-06-17 00:00:00','2024-09-17 17:26:38',345),(235,'2024-08-12 00:00:00','2024-09-17 17:26:38',1013),(236,'2023-09-29 00:00:00','2024-09-17 17:26:38',260),(237,'2024-04-29 00:00:00','2024-09-17 17:26:38',17),(238,'2024-03-11 00:00:00','2024-09-17 17:26:38',73),(239,'2024-07-14 00:00:00','2024-09-17 17:26:38',993),(240,'2024-07-15 00:00:00','2024-09-17 17:26:38',880),(241,'2023-12-07 00:00:00','2024-09-17 17:26:38',658),(242,'2023-10-14 00:00:00','2024-09-17 17:26:38',1437),(243,'2024-06-22 00:00:00','2024-09-17 17:26:38',254),(244,'2024-05-29 00:00:00','2024-09-17 17:26:38',561),(245,'2024-01-03 00:00:00','2024-09-17 17:26:38',100),(246,'2023-11-24 00:00:00','2024-09-17 17:26:38',780),(247,'2024-08-06 00:00:00','2024-09-17 17:26:38',77),(248,'2023-12-17 00:00:00','2024-09-17 17:26:38',1096),(249,'2023-09-23 00:00:00','2024-09-17 17:26:38',434),(250,'2023-12-21 00:00:00','2024-09-17 17:26:38',732),(251,'2024-05-28 00:00:00','2024-09-17 17:26:38',857),(252,'2023-09-20 00:00:00','2024-09-17 17:26:38',62),(253,'2023-12-20 00:00:00','2024-09-17 17:26:38',457),(254,'2024-05-24 00:00:00','2024-09-17 17:26:38',1250),(255,'2024-05-29 00:00:00','2024-09-17 17:26:38',705),(256,'2024-05-25 00:00:00','2024-09-17 17:26:38',1140),(257,'2024-08-30 00:00:00','2024-09-17 17:26:38',501),(258,'2024-08-27 00:00:00','2024-09-17 17:26:38',838),(259,'2024-05-23 00:00:00','2024-09-17 17:26:38',191),(260,'2024-01-15 00:00:00','2024-09-17 17:26:38',812),(261,'2023-10-17 00:00:00','2024-09-17 17:26:38',542),(262,'2024-01-07 00:00:00','2024-09-17 17:26:38',667),(263,'2023-11-11 00:00:00','2024-09-17 17:26:38',640),(264,'2024-05-06 00:00:00','2024-09-17 17:26:38',223),(265,'2024-07-01 00:00:00','2024-09-17 17:26:38',1216),(266,'2023-09-19 00:00:00','2024-09-17 17:26:38',1268),(267,'2024-01-14 00:00:00','2024-09-17 17:26:38',1473),(268,'2024-09-04 00:00:00','2024-09-17 17:26:38',1005),(269,'2023-11-20 00:00:00','2024-09-17 17:26:38',560),(270,'2023-10-30 00:00:00','2024-09-17 17:26:38',597),(271,'2023-11-22 00:00:00','2024-09-17 17:26:38',538),(272,'2024-02-26 00:00:00','2024-09-17 17:26:38',586),(273,'2024-07-06 00:00:00','2024-09-17 17:26:38',1467),(274,'2024-03-01 00:00:00','2024-09-17 17:26:38',611),(275,'2023-12-11 00:00:00','2024-09-17 17:26:38',219),(276,'2024-02-01 00:00:00','2024-09-17 17:26:38',1043),(277,'2023-09-17 00:00:00','2024-09-17 17:26:38',876),(278,'2024-08-05 00:00:00','2024-09-17 17:26:38',305),(279,'2024-05-10 00:00:00','2024-09-17 17:26:38',342),(280,'2024-08-12 00:00:00','2024-09-17 17:26:38',288),(281,'2024-06-13 00:00:00','2024-09-17 17:26:38',1245),(282,'2023-10-07 00:00:00','2024-09-17 17:26:38',1349),(283,'2024-05-08 00:00:00','2024-09-17 17:26:38',190),(284,'2023-10-23 00:00:00','2024-09-17 17:26:38',572),(285,'2023-11-14 00:00:00','2024-09-17 17:26:38',434),(286,'2024-01-26 00:00:00','2024-09-17 17:26:38',937),(287,'2024-05-08 00:00:00','2024-09-17 17:26:38',876),(288,'2024-08-26 00:00:00','2024-09-17 17:26:38',937),(289,'2023-12-22 00:00:00','2024-09-17 17:26:38',813),(290,'2024-07-26 00:00:00','2024-09-17 17:26:38',952),(291,'2023-10-05 00:00:00','2024-09-17 17:26:38',491),(292,'2024-06-25 00:00:00','2024-09-17 17:26:38',1076),(293,'2024-03-15 00:00:00','2024-09-17 17:26:38',1362),(294,'2023-10-05 00:00:00','2024-09-17 17:26:38',1383),(295,'2024-03-31 00:00:00','2024-09-17 17:26:38',51),(296,'2024-03-03 00:00:00','2024-09-17 17:26:38',1004),(297,'2024-08-31 00:00:00','2024-09-17 17:26:38',143),(298,'2023-10-31 00:00:00','2024-09-17 17:26:38',621),(299,'2024-01-25 00:00:00','2024-09-17 17:26:38',1139),(300,'2023-11-10 00:00:00','2024-09-17 17:26:38',5),(301,'2024-01-04 00:00:00','2024-09-17 17:26:38',986),(302,'2024-08-07 00:00:00','2024-09-17 17:26:38',798),(303,'2024-09-08 00:00:00','2024-09-17 17:26:38',796),(304,'2024-05-05 00:00:00','2024-09-17 17:26:38',605),(305,'2024-02-23 00:00:00','2024-09-17 17:26:38',1222),(306,'2024-04-22 00:00:00','2024-09-17 17:26:38',521),(307,'2023-11-03 00:00:00','2024-09-17 17:26:38',1148),(308,'2023-09-19 00:00:00','2024-09-17 17:26:38',275),(309,'2024-07-24 00:00:00','2024-09-17 17:26:38',1277),(310,'2024-04-12 00:00:00','2024-09-17 17:26:38',317),(311,'2023-11-23 00:00:00','2024-09-17 17:26:38',984),(312,'2024-09-05 00:00:00','2024-09-17 17:26:38',1086),(313,'2024-06-07 00:00:00','2024-09-17 17:26:38',1195),(314,'2024-05-22 00:00:00','2024-09-17 17:26:38',433),(315,'2023-11-15 00:00:00','2024-09-17 17:26:38',1150),(316,'2024-02-26 00:00:00','2024-09-17 17:26:38',272),(317,'2024-01-03 00:00:00','2024-09-17 17:26:38',147),(318,'2023-10-11 00:00:00','2024-09-17 17:26:38',287),(319,'2024-07-19 00:00:00','2024-09-17 17:26:38',1389),(320,'2024-02-09 00:00:00','2024-09-17 17:26:38',846),(321,'2024-06-23 00:00:00','2024-09-17 17:26:38',1205),(322,'2024-04-16 00:00:00','2024-09-17 17:26:38',1084),(323,'2024-04-20 00:00:00','2024-09-17 17:26:38',436),(324,'2024-05-15 00:00:00','2024-09-17 17:26:38',287),(325,'2024-02-08 00:00:00','2024-09-17 17:26:38',1272),(326,'2024-07-20 00:00:00','2024-09-17 17:26:38',119),(327,'2024-06-14 00:00:00','2024-09-17 17:26:38',365),(328,'2024-02-27 00:00:00','2024-09-17 17:26:38',909),(329,'2024-03-11 00:00:00','2024-09-17 17:26:38',1430),(330,'2023-12-13 00:00:00','2024-09-17 17:26:38',43),(331,'2024-07-01 00:00:00','2024-09-17 17:26:38',518),(332,'2024-09-12 00:00:00','2024-09-17 17:26:38',1259),(333,'2023-09-24 00:00:00','2024-09-17 17:26:38',328),(334,'2024-08-02 00:00:00','2024-09-17 17:26:38',99),(335,'2024-06-05 00:00:00','2024-09-17 17:26:38',643),(336,'2024-05-23 00:00:00','2024-09-17 17:26:38',1435),(337,'2023-09-19 00:00:00','2024-09-17 17:26:38',379),(338,'2024-05-20 00:00:00','2024-09-17 17:26:38',1337),(339,'2023-12-23 00:00:00','2024-09-17 17:26:38',700),(340,'2024-01-12 00:00:00','2024-09-17 17:26:38',17),(341,'2023-11-15 00:00:00','2024-09-17 17:26:38',879),(342,'2024-07-07 00:00:00','2024-09-17 17:26:38',1491),(343,'2024-07-14 00:00:00','2024-09-17 17:26:38',4),(344,'2024-01-29 00:00:00','2024-09-17 17:26:38',731),(345,'2024-03-10 00:00:00','2024-09-17 17:26:38',304),(346,'2024-03-21 00:00:00','2024-09-17 17:26:38',517),(347,'2024-01-20 00:00:00','2024-09-17 17:26:38',594),(348,'2023-12-05 00:00:00','2024-09-17 17:26:38',938),(349,'2024-07-23 00:00:00','2024-09-17 17:26:38',668),(350,'2024-03-03 00:00:00','2024-09-17 17:26:38',85),(351,'2024-09-04 00:00:00','2024-09-17 17:26:38',550),(352,'2024-06-05 00:00:00','2024-09-17 17:26:38',1071),(353,'2024-07-05 00:00:00','2024-09-17 17:26:38',491),(354,'2024-06-27 00:00:00','2024-09-17 17:26:38',654),(355,'2024-05-20 00:00:00','2024-09-17 17:26:38',560),(356,'2024-09-04 00:00:00','2024-09-17 17:26:38',926),(357,'2023-10-27 00:00:00','2024-09-17 17:26:38',436),(358,'2023-12-19 00:00:00','2024-09-17 17:26:38',634),(359,'2024-04-06 00:00:00','2024-09-17 17:26:38',1177),(360,'2023-10-17 00:00:00','2024-09-17 17:26:38',1344),(361,'2024-05-25 00:00:00','2024-09-17 17:26:38',34),(362,'2023-10-02 00:00:00','2024-09-17 17:26:38',941),(363,'2023-11-25 00:00:00','2024-09-17 17:26:38',1387),(364,'2024-03-09 00:00:00','2024-09-17 17:26:38',955),(365,'2024-09-06 00:00:00','2024-09-17 17:26:38',1044),(366,'2024-07-14 00:00:00','2024-09-17 17:26:38',1381),(367,'2024-08-11 00:00:00','2024-09-17 17:26:38',473),(368,'2024-06-04 00:00:00','2024-09-17 17:26:38',409),(369,'2024-07-23 00:00:00','2024-09-17 17:26:38',465),(370,'2024-05-12 00:00:00','2024-09-17 17:26:38',1095),(371,'2024-08-30 00:00:00','2024-09-17 17:26:38',1313),(372,'2024-08-14 00:00:00','2024-09-17 17:26:38',755),(373,'2024-03-25 00:00:00','2024-09-17 17:26:38',364),(374,'2023-10-19 00:00:00','2024-09-17 17:26:38',1496),(375,'2024-08-07 00:00:00','2024-09-17 17:26:38',660),(376,'2024-05-25 00:00:00','2024-09-17 17:26:38',1274),(377,'2024-06-26 00:00:00','2024-09-17 17:26:38',1102),(378,'2023-12-23 00:00:00','2024-09-17 17:26:38',1335),(379,'2024-02-23 00:00:00','2024-09-17 17:26:38',1135),(380,'2024-05-27 00:00:00','2024-09-17 17:26:38',1137),(381,'2024-02-10 00:00:00','2024-09-17 17:26:38',535),(382,'2023-12-19 00:00:00','2024-09-17 17:26:38',1477),(383,'2024-04-07 00:00:00','2024-09-17 17:26:38',1331),(384,'2024-05-16 00:00:00','2024-09-17 17:26:38',820),(385,'2023-10-14 00:00:00','2024-09-17 17:26:38',47),(386,'2023-10-26 00:00:00','2024-09-17 17:26:38',420),(387,'2024-01-28 00:00:00','2024-09-17 17:26:38',1289),(388,'2024-05-14 00:00:00','2024-09-17 17:26:38',416),(389,'2024-09-09 00:00:00','2024-09-17 17:26:38',276),(390,'2024-04-24 00:00:00','2024-09-17 17:26:38',202),(391,'2024-08-06 00:00:00','2024-09-17 17:26:38',196),(392,'2024-04-08 00:00:00','2024-09-17 17:26:38',369),(393,'2024-07-26 00:00:00','2024-09-17 17:26:38',611),(394,'2024-08-18 00:00:00','2024-09-17 17:26:38',668),(395,'2024-05-25 00:00:00','2024-09-17 17:26:38',1395),(396,'2024-04-29 00:00:00','2024-09-17 17:26:38',488),(397,'2024-03-23 00:00:00','2024-09-17 17:26:38',1398),(398,'2024-09-08 00:00:00','2024-09-17 17:26:38',415),(399,'2024-01-30 00:00:00','2024-09-17 17:26:38',790),(400,'2024-07-10 00:00:00','2024-09-17 17:26:38',544),(401,'2023-12-08 00:00:00','2024-09-17 17:26:38',599),(402,'2024-01-25 00:00:00','2024-09-17 17:26:38',428),(403,'2023-12-09 00:00:00','2024-09-17 17:26:38',873),(404,'2024-09-07 00:00:00','2024-09-17 17:26:38',1196),(405,'2024-03-11 00:00:00','2024-09-17 17:26:38',130),(406,'2024-02-29 00:00:00','2024-09-17 17:26:38',1385),(407,'2024-08-11 00:00:00','2024-09-17 17:26:38',885),(408,'2023-11-08 00:00:00','2024-09-17 17:26:38',516),(409,'2024-06-06 00:00:00','2024-09-17 17:26:38',454),(410,'2023-11-21 00:00:00','2024-09-17 17:26:38',38),(411,'2024-02-13 00:00:00','2024-09-17 17:26:38',694),(412,'2023-11-27 00:00:00','2024-09-17 17:26:38',204),(413,'2023-12-09 00:00:00','2024-09-17 17:26:38',428),(414,'2023-10-27 00:00:00','2024-09-17 17:26:38',1472),(415,'2024-01-03 00:00:00','2024-09-17 17:26:38',574),(416,'2024-05-28 00:00:00','2024-09-17 17:26:38',563),(417,'2024-05-20 00:00:00','2024-09-17 17:26:38',523),(418,'2024-01-05 00:00:00','2024-09-17 17:26:38',421),(419,'2024-01-10 00:00:00','2024-09-17 17:26:38',849),(420,'2024-07-13 00:00:00','2024-09-17 17:26:38',843),(421,'2024-02-10 00:00:00','2024-09-17 17:26:38',206),(422,'2024-03-18 00:00:00','2024-09-17 17:26:38',1277),(423,'2024-08-07 00:00:00','2024-09-17 17:26:38',506),(424,'2023-09-26 00:00:00','2024-09-17 17:26:38',10),(425,'2024-01-19 00:00:00','2024-09-17 17:26:38',1074),(426,'2024-07-25 00:00:00','2024-09-17 17:26:38',710),(427,'2024-03-30 00:00:00','2024-09-17 17:26:38',966),(428,'2023-10-14 00:00:00','2024-09-17 17:26:38',398),(429,'2024-06-09 00:00:00','2024-09-17 17:26:38',917),(430,'2024-01-10 00:00:00','2024-09-17 17:26:38',1138),(431,'2024-03-18 00:00:00','2024-09-17 17:26:38',921),(432,'2023-09-17 00:00:00','2024-09-17 17:26:38',1072),(433,'2023-09-30 00:00:00','2024-09-17 17:26:38',392),(434,'2024-02-08 00:00:00','2024-09-17 17:26:38',785),(435,'2023-11-28 00:00:00','2024-09-17 17:26:38',544),(436,'2024-01-24 00:00:00','2024-09-17 17:26:38',1219),(437,'2024-09-05 00:00:00','2024-09-17 17:26:38',1410),(438,'2024-06-28 00:00:00','2024-09-17 17:26:38',473),(439,'2024-08-11 00:00:00','2024-09-17 17:26:38',1239),(440,'2024-03-09 00:00:00','2024-09-17 17:26:38',425),(441,'2024-07-03 00:00:00','2024-09-17 17:26:38',827),(442,'2023-12-28 00:00:00','2024-09-17 17:26:38',76),(443,'2023-10-10 00:00:00','2024-09-17 17:26:38',874),(444,'2024-03-02 00:00:00','2024-09-17 17:26:38',295),(445,'2024-02-14 00:00:00','2024-09-17 17:26:38',686),(446,'2024-08-10 00:00:00','2024-09-17 17:26:38',981),(447,'2023-10-10 00:00:00','2024-09-17 17:26:38',1008),(448,'2024-03-02 00:00:00','2024-09-17 17:26:38',920),(449,'2023-09-20 00:00:00','2024-09-17 17:26:38',250),(450,'2023-12-20 00:00:00','2024-09-17 17:26:38',1128),(451,'2023-12-24 00:00:00','2024-09-17 17:26:38',1160),(452,'2023-10-11 00:00:00','2024-09-17 17:26:38',32),(453,'2024-08-09 00:00:00','2024-09-17 17:26:38',999),(454,'2024-07-08 00:00:00','2024-09-17 17:26:38',1458),(455,'2024-07-08 00:00:00','2024-09-17 17:26:38',239),(456,'2023-12-12 00:00:00','2024-09-17 17:26:38',1242),(457,'2024-04-15 00:00:00','2024-09-17 17:26:38',901),(458,'2024-01-19 00:00:00','2024-09-17 17:26:38',910),(459,'2024-01-19 00:00:00','2024-09-17 17:26:38',1242),(460,'2024-08-15 00:00:00','2024-09-17 17:26:38',158),(461,'2023-10-11 00:00:00','2024-09-17 17:26:38',1064),(462,'2024-02-04 00:00:00','2024-09-17 17:26:38',271),(463,'2024-02-22 00:00:00','2024-09-17 17:26:38',1402),(464,'2024-02-21 00:00:00','2024-09-17 17:26:38',916),(465,'2024-08-24 00:00:00','2024-09-17 17:26:38',808),(466,'2024-03-21 00:00:00','2024-09-17 17:26:38',651),(467,'2023-11-16 00:00:00','2024-09-17 17:26:38',1173),(468,'2024-06-21 00:00:00','2024-09-17 17:26:38',23),(469,'2024-08-31 00:00:00','2024-09-17 17:26:38',955),(470,'2024-05-12 00:00:00','2024-09-17 17:26:38',3),(471,'2024-01-28 00:00:00','2024-09-17 17:26:38',539),(472,'2024-03-29 00:00:00','2024-09-17 17:26:38',774),(473,'2024-02-22 00:00:00','2024-09-17 17:26:38',711),(474,'2024-06-24 00:00:00','2024-09-17 17:26:38',1074),(475,'2024-04-08 00:00:00','2024-09-17 17:26:38',431),(476,'2024-03-04 00:00:00','2024-09-17 17:26:38',670),(477,'2024-02-14 00:00:00','2024-09-17 17:26:38',1164),(478,'2024-08-15 00:00:00','2024-09-17 17:26:38',559),(479,'2023-12-06 00:00:00','2024-09-17 17:26:38',1235),(480,'2024-08-22 00:00:00','2024-09-17 17:26:38',976),(481,'2024-02-25 00:00:00','2024-09-17 17:26:38',717),(482,'2024-09-05 00:00:00','2024-09-17 17:26:38',1132),(483,'2024-06-03 00:00:00','2024-09-17 17:26:38',146),(484,'2024-07-03 00:00:00','2024-09-17 17:26:38',198),(485,'2023-12-08 00:00:00','2024-09-17 17:26:38',455),(486,'2023-09-26 00:00:00','2024-09-17 17:26:38',322),(487,'2023-11-05 00:00:00','2024-09-17 17:26:38',889),(488,'2024-08-10 00:00:00','2024-09-17 17:26:38',189),(489,'2023-10-15 00:00:00','2024-09-17 17:26:38',268),(490,'2023-12-06 00:00:00','2024-09-17 17:26:38',1228),(491,'2023-12-28 00:00:00','2024-09-17 17:26:38',1262),(492,'2024-07-14 00:00:00','2024-09-17 17:26:38',11),(493,'2024-04-13 00:00:00','2024-09-17 17:26:38',803),(494,'2024-05-21 00:00:00','2024-09-17 17:26:38',537),(495,'2024-05-12 00:00:00','2024-09-17 17:26:38',951),(496,'2024-02-02 00:00:00','2024-09-17 17:26:38',1306),(497,'2023-11-11 00:00:00','2024-09-17 17:26:38',577),(498,'2024-05-26 00:00:00','2024-09-17 17:26:38',1296),(499,'2023-10-17 00:00:00','2024-09-17 17:26:38',178),(500,'2024-01-19 00:00:00','2024-09-17 17:26:38',1087),(501,'2023-12-04 00:00:00','2024-09-17 17:26:38',1459),(502,'2024-07-05 00:00:00','2024-09-17 17:26:38',1230),(503,'2023-11-03 00:00:00','2024-09-17 17:26:38',803),(504,'2024-05-18 00:00:00','2024-09-17 17:26:38',13),(505,'2024-05-20 00:00:00','2024-09-17 17:26:38',207),(506,'2024-02-16 00:00:00','2024-09-17 17:26:38',703),(507,'2024-01-13 00:00:00','2024-09-17 17:26:38',580),(508,'2024-08-04 00:00:00','2024-09-17 17:26:38',651),(509,'2024-06-18 00:00:00','2024-09-17 17:26:38',1327),(510,'2023-10-01 00:00:00','2024-09-17 17:26:38',1261),(511,'2024-03-17 00:00:00','2024-09-17 17:26:38',12),(512,'2024-01-25 00:00:00','2024-09-17 17:26:38',134),(513,'2024-03-16 00:00:00','2024-09-17 17:26:38',1294),(514,'2024-05-22 00:00:00','2024-09-17 17:26:38',873),(515,'2023-10-09 00:00:00','2024-09-17 17:26:38',471),(516,'2024-06-17 00:00:00','2024-09-17 17:26:38',1137),(517,'2024-01-13 00:00:00','2024-09-17 17:26:38',1015),(518,'2023-09-21 00:00:00','2024-09-17 17:26:38',289),(519,'2024-01-29 00:00:00','2024-09-17 17:26:38',342),(520,'2024-04-12 00:00:00','2024-09-17 17:26:38',248),(521,'2024-06-26 00:00:00','2024-09-17 17:26:38',756),(522,'2024-05-26 00:00:00','2024-09-17 17:26:38',802),(523,'2023-09-21 00:00:00','2024-09-17 17:26:38',81),(524,'2024-08-07 00:00:00','2024-09-17 17:26:38',48),(525,'2024-04-26 00:00:00','2024-09-17 17:26:38',932),(526,'2024-03-11 00:00:00','2024-09-17 17:26:38',1455),(527,'2023-11-13 00:00:00','2024-09-17 17:26:38',660),(528,'2024-06-18 00:00:00','2024-09-17 17:26:38',79),(529,'2024-04-19 00:00:00','2024-09-17 17:26:38',852),(530,'2024-06-09 00:00:00','2024-09-17 17:26:38',1321),(531,'2023-09-19 00:00:00','2024-09-17 17:26:38',902),(532,'2024-08-27 00:00:00','2024-09-17 17:26:38',495),(533,'2023-12-12 00:00:00','2024-09-17 17:26:38',1124),(534,'2023-09-22 00:00:00','2024-09-17 17:26:38',976),(535,'2023-11-20 00:00:00','2024-09-17 17:26:38',981),(536,'2024-02-09 00:00:00','2024-09-17 17:26:38',149),(537,'2024-05-01 00:00:00','2024-09-17 17:26:38',1193),(538,'2024-08-01 00:00:00','2024-09-17 17:26:38',749),(539,'2024-06-30 00:00:00','2024-09-17 17:26:38',1338),(540,'2024-02-01 00:00:00','2024-09-17 17:26:38',1271),(541,'2024-05-24 00:00:00','2024-09-17 17:26:38',533),(542,'2023-12-25 00:00:00','2024-09-17 17:26:38',119),(543,'2023-09-17 00:00:00','2024-09-17 17:26:38',285),(544,'2024-08-11 00:00:00','2024-09-17 17:26:38',634),(545,'2023-11-10 00:00:00','2024-09-17 17:26:38',1045),(546,'2024-07-28 00:00:00','2024-09-17 17:26:38',58),(547,'2024-08-16 00:00:00','2024-09-17 17:26:38',1112),(548,'2024-06-21 00:00:00','2024-09-17 17:26:38',634),(549,'2024-01-27 00:00:00','2024-09-17 17:26:38',1424),(550,'2023-10-30 00:00:00','2024-09-17 17:26:38',184),(551,'2024-06-22 00:00:00','2024-09-17 17:26:38',848),(552,'2023-12-15 00:00:00','2024-09-17 17:26:38',1183),(553,'2023-12-09 00:00:00','2024-09-17 17:26:38',1336),(554,'2024-05-18 00:00:00','2024-09-17 17:26:38',1064),(555,'2024-07-03 00:00:00','2024-09-17 17:26:38',283),(556,'2023-12-17 00:00:00','2024-09-17 17:26:38',473),(557,'2023-12-24 00:00:00','2024-09-17 17:26:38',400),(558,'2024-08-02 00:00:00','2024-09-17 17:26:38',1490),(559,'2024-02-04 00:00:00','2024-09-17 17:26:38',908),(560,'2023-10-03 00:00:00','2024-09-17 17:26:38',1201),(561,'2023-12-16 00:00:00','2024-09-17 17:26:38',180),(562,'2024-04-22 00:00:00','2024-09-17 17:26:38',1062),(563,'2024-04-13 00:00:00','2024-09-17 17:26:38',932),(564,'2024-07-27 00:00:00','2024-09-17 17:26:38',389),(565,'2024-08-03 00:00:00','2024-09-17 17:26:38',610),(566,'2024-04-14 00:00:00','2024-09-17 17:26:38',820),(567,'2024-08-29 00:00:00','2024-09-17 17:26:38',34),(568,'2024-02-21 00:00:00','2024-09-17 17:26:38',1123),(569,'2024-08-01 00:00:00','2024-09-17 17:26:38',907),(570,'2023-09-22 00:00:00','2024-09-17 17:26:38',139),(571,'2024-05-27 00:00:00','2024-09-17 17:26:38',1225),(572,'2024-04-18 00:00:00','2024-09-17 17:26:38',16),(573,'2024-06-23 00:00:00','2024-09-17 17:26:38',481),(574,'2024-01-27 00:00:00','2024-09-17 17:26:38',901),(575,'2023-10-15 00:00:00','2024-09-17 17:26:38',1494),(576,'2024-05-22 00:00:00','2024-09-17 17:26:38',1407),(577,'2024-03-16 00:00:00','2024-09-17 17:26:38',391),(578,'2024-01-04 00:00:00','2024-09-17 17:26:38',965),(579,'2024-02-04 00:00:00','2024-09-17 17:26:38',412),(580,'2023-10-08 00:00:00','2024-09-17 17:26:38',871),(581,'2024-08-05 00:00:00','2024-09-17 17:26:38',606),(582,'2024-08-18 00:00:00','2024-09-17 17:26:38',475),(583,'2023-09-25 00:00:00','2024-09-17 17:26:38',1068),(584,'2024-01-10 00:00:00','2024-09-17 17:26:38',1214),(585,'2024-08-18 00:00:00','2024-09-17 17:26:38',1228),(586,'2024-07-24 00:00:00','2024-09-17 17:26:38',826),(587,'2024-04-14 00:00:00','2024-09-17 17:26:38',1037),(588,'2023-12-30 00:00:00','2024-09-17 17:26:38',1294),(589,'2024-05-04 00:00:00','2024-09-17 17:26:38',470),(590,'2023-09-13 00:00:00','2024-09-17 17:26:38',100),(591,'2024-07-01 00:00:00','2024-09-17 17:26:38',1394),(592,'2024-06-06 00:00:00','2024-09-17 17:26:38',435),(593,'2024-08-22 00:00:00','2024-09-17 17:26:38',1409),(594,'2023-11-03 00:00:00','2024-09-17 17:26:38',1294),(595,'2024-03-23 00:00:00','2024-09-17 17:26:38',1022),(596,'2024-03-03 00:00:00','2024-09-17 17:26:38',90),(597,'2024-08-12 00:00:00','2024-09-17 17:26:38',755),(598,'2023-11-06 00:00:00','2024-09-17 17:26:38',432),(599,'2024-04-19 00:00:00','2024-09-17 17:26:38',1158),(600,'2024-02-15 00:00:00','2024-09-17 17:26:38',1470),(601,'2024-09-02 00:00:00','2024-09-17 17:26:38',1169),(602,'2023-12-17 00:00:00','2024-09-17 17:26:38',708),(603,'2024-01-18 00:00:00','2024-09-17 17:26:38',868),(604,'2023-10-18 00:00:00','2024-09-17 17:26:38',147),(605,'2024-04-23 00:00:00','2024-09-17 17:26:38',1289),(606,'2024-05-18 00:00:00','2024-09-17 17:26:38',279),(607,'2024-08-24 00:00:00','2024-09-17 17:26:38',1241),(608,'2024-06-20 00:00:00','2024-09-17 17:26:38',1197),(609,'2024-02-16 00:00:00','2024-09-17 17:26:38',247),(610,'2024-02-08 00:00:00','2024-09-17 17:26:38',198),(611,'2024-08-19 00:00:00','2024-09-17 17:26:38',768),(612,'2024-08-31 00:00:00','2024-09-17 17:26:38',1407),(613,'2024-09-12 00:00:00','2024-09-17 17:26:38',1198),(614,'2024-03-30 00:00:00','2024-09-17 17:26:38',469),(615,'2024-02-24 00:00:00','2024-09-17 17:26:38',1067),(616,'2024-03-05 00:00:00','2024-09-17 17:26:38',575),(617,'2024-07-01 00:00:00','2024-09-17 17:26:38',1060),(618,'2024-02-23 00:00:00','2024-09-17 17:26:38',1342),(619,'2023-11-16 00:00:00','2024-09-17 17:26:38',1297),(620,'2024-09-10 00:00:00','2024-09-17 17:26:38',1189),(621,'2024-07-15 00:00:00','2024-09-17 17:26:38',1213),(622,'2024-06-13 00:00:00','2024-09-17 17:26:38',938),(623,'2023-11-20 00:00:00','2024-09-17 17:26:38',177),(624,'2024-07-19 00:00:00','2024-09-17 17:26:38',168),(625,'2023-10-06 00:00:00','2024-09-17 17:26:38',703),(626,'2024-09-11 00:00:00','2024-09-17 17:26:38',843),(627,'2024-03-12 00:00:00','2024-09-17 17:26:38',863),(628,'2023-10-28 00:00:00','2024-09-17 17:26:38',1046),(629,'2024-01-21 00:00:00','2024-09-17 17:26:38',1039),(630,'2024-05-18 00:00:00','2024-09-17 17:26:38',642),(631,'2024-03-25 00:00:00','2024-09-17 17:26:38',254),(632,'2024-02-08 00:00:00','2024-09-17 17:26:38',765),(633,'2024-08-18 00:00:00','2024-09-17 17:26:38',1036),(634,'2024-05-08 00:00:00','2024-09-17 17:26:38',476),(635,'2023-11-11 00:00:00','2024-09-17 17:26:38',844),(636,'2023-11-15 00:00:00','2024-09-17 17:26:38',1325),(637,'2024-04-10 00:00:00','2024-09-17 17:26:38',307),(638,'2023-12-07 00:00:00','2024-09-17 17:26:38',177),(639,'2024-08-20 00:00:00','2024-09-17 17:26:38',960),(640,'2024-06-27 00:00:00','2024-09-17 17:26:38',44),(641,'2023-12-22 00:00:00','2024-09-17 17:26:39',978),(642,'2024-08-11 00:00:00','2024-09-17 17:26:39',654),(643,'2023-12-13 00:00:00','2024-09-17 17:26:39',192),(644,'2024-09-01 00:00:00','2024-09-17 17:26:39',1425),(645,'2024-04-29 00:00:00','2024-09-17 17:26:39',761),(646,'2024-02-11 00:00:00','2024-09-17 17:26:39',746),(647,'2024-04-28 00:00:00','2024-09-17 17:26:39',1196),(648,'2024-07-23 00:00:00','2024-09-17 17:26:39',1060),(649,'2024-02-09 00:00:00','2024-09-17 17:26:39',1401),(650,'2023-10-06 00:00:00','2024-09-17 17:26:39',1168),(651,'2023-10-16 00:00:00','2024-09-17 17:26:39',529),(652,'2024-08-02 00:00:00','2024-09-17 17:26:39',1183),(653,'2024-06-01 00:00:00','2024-09-17 17:26:39',788),(654,'2023-12-04 00:00:00','2024-09-17 17:26:39',1387),(655,'2024-02-04 00:00:00','2024-09-17 17:26:39',675),(656,'2024-01-02 00:00:00','2024-09-17 17:26:39',1316),(657,'2024-09-10 00:00:00','2024-09-17 17:26:39',382),(658,'2024-02-11 00:00:00','2024-09-17 17:26:39',1205),(659,'2023-09-23 00:00:00','2024-09-17 17:26:39',12),(660,'2024-04-07 00:00:00','2024-09-17 17:26:39',870),(661,'2024-01-14 00:00:00','2024-09-17 17:26:39',717),(662,'2024-01-21 00:00:00','2024-09-17 17:26:39',632),(663,'2024-09-01 00:00:00','2024-09-17 17:26:39',1345),(664,'2024-07-10 00:00:00','2024-09-17 17:26:39',317),(665,'2024-06-05 00:00:00','2024-09-17 17:26:39',709),(666,'2024-04-01 00:00:00','2024-09-17 17:26:39',1498),(667,'2024-03-19 00:00:00','2024-09-17 17:26:39',846),(668,'2024-03-20 00:00:00','2024-09-17 17:26:39',710),(669,'2023-12-13 00:00:00','2024-09-17 17:26:39',1125),(670,'2024-01-10 00:00:00','2024-09-17 17:26:39',1106),(671,'2024-01-26 00:00:00','2024-09-17 17:26:39',1470),(672,'2024-06-15 00:00:00','2024-09-17 17:26:39',1085),(673,'2024-07-21 00:00:00','2024-09-17 17:26:39',1253),(674,'2024-08-20 00:00:00','2024-09-17 17:26:39',521),(675,'2023-09-19 00:00:00','2024-09-17 17:26:39',584),(676,'2023-10-15 00:00:00','2024-09-17 17:26:39',495),(677,'2024-08-05 00:00:00','2024-09-17 17:26:39',1477),(678,'2024-02-12 00:00:00','2024-09-17 17:26:39',954),(679,'2023-12-07 00:00:00','2024-09-17 17:26:39',1238),(680,'2023-12-12 00:00:00','2024-09-17 17:26:39',1348),(681,'2024-03-14 00:00:00','2024-09-17 17:26:39',978),(682,'2023-11-26 00:00:00','2024-09-17 17:26:39',189),(683,'2024-03-15 00:00:00','2024-09-17 17:26:39',416),(684,'2024-02-22 00:00:00','2024-09-17 17:26:39',106),(685,'2023-12-23 00:00:00','2024-09-17 17:26:39',287),(686,'2024-06-06 00:00:00','2024-09-17 17:26:39',78),(687,'2023-12-22 00:00:00','2024-09-17 17:26:39',1223),(688,'2024-01-23 00:00:00','2024-09-17 17:26:39',538),(689,'2024-03-03 00:00:00','2024-09-17 17:26:39',1092),(690,'2024-07-23 00:00:00','2024-09-17 17:26:39',1219),(691,'2024-01-29 00:00:00','2024-09-17 17:26:39',494),(692,'2023-09-19 00:00:00','2024-09-17 17:26:39',221),(693,'2024-02-23 00:00:00','2024-09-17 17:26:39',547),(694,'2024-01-17 00:00:00','2024-09-17 17:26:39',1149),(695,'2024-05-29 00:00:00','2024-09-17 17:26:39',106),(696,'2024-03-18 00:00:00','2024-09-17 17:26:39',89),(697,'2024-08-28 00:00:00','2024-09-17 17:26:39',845),(698,'2024-05-10 00:00:00','2024-09-17 17:26:39',615),(699,'2023-12-06 00:00:00','2024-09-17 17:26:39',973),(700,'2024-08-27 00:00:00','2024-09-17 17:26:39',692),(701,'2024-07-28 00:00:00','2024-09-17 17:26:39',1161),(702,'2024-01-16 00:00:00','2024-09-17 17:26:39',1461),(703,'2024-08-02 00:00:00','2024-09-17 17:26:39',363),(704,'2024-07-22 00:00:00','2024-09-17 17:26:39',664),(705,'2024-09-10 00:00:00','2024-09-17 17:26:39',1313),(706,'2024-03-08 00:00:00','2024-09-17 17:26:39',914),(707,'2024-06-03 00:00:00','2024-09-17 17:26:39',1401),(708,'2024-01-16 00:00:00','2024-09-17 17:26:39',106),(709,'2024-07-09 00:00:00','2024-09-17 17:26:39',924),(710,'2023-12-18 00:00:00','2024-09-17 17:26:39',736),(711,'2024-07-14 00:00:00','2024-09-17 17:26:39',561),(712,'2023-09-19 00:00:00','2024-09-17 17:26:39',796),(713,'2024-07-22 00:00:00','2024-09-17 17:26:39',408),(714,'2024-06-06 00:00:00','2024-09-17 17:26:39',186),(715,'2023-09-18 00:00:00','2024-09-17 17:26:39',488),(716,'2024-07-25 00:00:00','2024-09-17 17:26:39',1158),(717,'2024-08-08 00:00:00','2024-09-17 17:26:39',391),(718,'2024-09-07 00:00:00','2024-09-17 17:26:39',270),(719,'2024-09-01 00:00:00','2024-09-17 17:26:39',446),(720,'2024-05-17 00:00:00','2024-09-17 17:26:39',316),(721,'2024-04-20 00:00:00','2024-09-17 17:26:39',328),(722,'2024-06-02 00:00:00','2024-09-17 17:26:39',30),(723,'2024-05-07 00:00:00','2024-09-17 17:26:39',1251),(724,'2024-05-28 00:00:00','2024-09-17 17:26:39',165),(725,'2024-07-30 00:00:00','2024-09-17 17:26:39',1256),(726,'2024-07-07 00:00:00','2024-09-17 17:26:39',561),(727,'2024-04-02 00:00:00','2024-09-17 17:26:39',1168),(728,'2024-02-16 00:00:00','2024-09-17 17:26:39',969),(729,'2023-11-02 00:00:00','2024-09-17 17:26:39',1102),(730,'2024-06-07 00:00:00','2024-09-17 17:26:39',173),(731,'2023-11-19 00:00:00','2024-09-17 17:26:39',1351),(732,'2024-08-28 00:00:00','2024-09-17 17:26:39',481),(733,'2024-06-12 00:00:00','2024-09-17 17:26:39',691),(734,'2024-07-17 00:00:00','2024-09-17 17:26:39',284),(735,'2023-12-30 00:00:00','2024-09-17 17:26:39',1460),(736,'2024-06-21 00:00:00','2024-09-17 17:26:39',157),(737,'2024-01-24 00:00:00','2024-09-17 17:26:39',196),(738,'2023-11-26 00:00:00','2024-09-17 17:26:39',525),(739,'2024-03-10 00:00:00','2024-09-17 17:26:39',1391),(740,'2024-02-12 00:00:00','2024-09-17 17:26:39',883),(741,'2024-06-27 00:00:00','2024-09-17 17:26:39',1405),(742,'2023-10-22 00:00:00','2024-09-17 17:26:39',543),(743,'2024-02-23 00:00:00','2024-09-17 17:26:39',1137),(744,'2024-01-20 00:00:00','2024-09-17 17:26:39',1202),(745,'2024-02-11 00:00:00','2024-09-17 17:26:39',1115),(746,'2024-05-18 00:00:00','2024-09-17 17:26:39',833),(747,'2024-05-07 00:00:00','2024-09-17 17:26:39',913),(748,'2024-07-17 00:00:00','2024-09-17 17:26:39',450),(749,'2024-05-27 00:00:00','2024-09-17 17:26:39',253),(750,'2023-11-15 00:00:00','2024-09-17 17:26:39',1116),(751,'2024-02-25 00:00:00','2024-09-17 17:26:39',343),(752,'2024-09-01 00:00:00','2024-09-17 17:26:39',1065),(753,'2023-09-25 00:00:00','2024-09-17 17:26:39',1194),(754,'2023-10-23 00:00:00','2024-09-17 17:26:39',1286),(755,'2024-08-25 00:00:00','2024-09-17 17:26:39',1318),(756,'2023-12-07 00:00:00','2024-09-17 17:26:39',844),(757,'2024-06-07 00:00:00','2024-09-17 17:26:39',532),(758,'2024-04-04 00:00:00','2024-09-17 17:26:39',847),(759,'2024-08-22 00:00:00','2024-09-17 17:26:39',590),(760,'2024-05-15 00:00:00','2024-09-17 17:26:39',90),(761,'2023-12-30 00:00:00','2024-09-17 17:26:39',1206),(762,'2024-06-28 00:00:00','2024-09-17 17:26:39',1360),(763,'2023-09-16 00:00:00','2024-09-17 17:26:39',1215),(764,'2024-04-04 00:00:00','2024-09-17 17:26:39',888),(765,'2024-01-08 00:00:00','2024-09-17 17:26:39',267),(766,'2023-11-17 00:00:00','2024-09-17 17:26:39',881),(767,'2023-09-30 00:00:00','2024-09-17 17:26:39',411),(768,'2024-07-15 00:00:00','2024-09-17 17:26:39',1437),(769,'2024-03-20 00:00:00','2024-09-17 17:26:39',744),(770,'2023-11-27 00:00:00','2024-09-17 17:26:39',1411),(771,'2024-03-25 00:00:00','2024-09-17 17:26:39',388),(772,'2024-01-03 00:00:00','2024-09-17 17:26:39',1386),(773,'2024-03-14 00:00:00','2024-09-17 17:26:39',338),(774,'2023-12-14 00:00:00','2024-09-17 17:26:39',710),(775,'2024-08-30 00:00:00','2024-09-17 17:26:39',1389),(776,'2024-05-27 00:00:00','2024-09-17 17:26:39',1068),(777,'2024-01-18 00:00:00','2024-09-17 17:26:39',1032),(778,'2024-07-24 00:00:00','2024-09-17 17:26:39',912),(779,'2023-09-30 00:00:00','2024-09-17 17:26:39',1040),(780,'2024-08-29 00:00:00','2024-09-17 17:26:39',1332),(781,'2024-04-26 00:00:00','2024-09-17 17:26:39',298),(782,'2024-02-19 00:00:00','2024-09-17 17:26:39',1442),(783,'2023-10-14 00:00:00','2024-09-17 17:26:39',472),(784,'2023-11-15 00:00:00','2024-09-17 17:26:39',1072),(785,'2024-01-28 00:00:00','2024-09-17 17:26:39',1458),(786,'2024-07-23 00:00:00','2024-09-17 17:26:39',1338),(787,'2023-12-18 00:00:00','2024-09-17 17:26:39',765),(788,'2024-01-27 00:00:00','2024-09-17 17:26:39',198),(789,'2023-09-20 00:00:00','2024-09-17 17:26:39',1097),(790,'2024-06-24 00:00:00','2024-09-17 17:26:39',1464),(791,'2023-12-02 00:00:00','2024-09-17 17:26:39',1010),(792,'2024-05-15 00:00:00','2024-09-17 17:26:39',694),(793,'2023-12-03 00:00:00','2024-09-17 17:26:39',1079),(794,'2024-07-21 00:00:00','2024-09-17 17:26:39',687),(795,'2024-01-24 00:00:00','2024-09-17 17:26:39',1489),(796,'2024-03-24 00:00:00','2024-09-17 17:26:39',196),(797,'2023-09-29 00:00:00','2024-09-17 17:26:39',362),(798,'2024-02-15 00:00:00','2024-09-17 17:26:39',103),(799,'2024-08-14 00:00:00','2024-09-17 17:26:39',133),(800,'2023-10-22 00:00:00','2024-09-17 17:26:39',1262),(801,'2024-05-17 00:00:00','2024-09-17 17:26:39',1452),(802,'2024-04-23 00:00:00','2024-09-17 17:26:39',677),(803,'2024-04-17 00:00:00','2024-09-17 17:26:39',848),(804,'2023-09-26 00:00:00','2024-09-17 17:26:39',1306),(805,'2024-04-23 00:00:00','2024-09-17 17:26:39',334),(806,'2023-10-30 00:00:00','2024-09-17 17:26:39',333),(807,'2024-07-15 00:00:00','2024-09-17 17:26:39',801),(808,'2024-03-24 00:00:00','2024-09-17 17:26:39',1454),(809,'2024-04-07 00:00:00','2024-09-17 17:26:39',920),(810,'2023-11-05 00:00:00','2024-09-17 17:26:39',933),(811,'2024-09-09 00:00:00','2024-09-17 17:26:39',1051),(812,'2024-02-05 00:00:00','2024-09-17 17:26:39',283),(813,'2023-12-14 00:00:00','2024-09-17 17:26:39',1322),(814,'2024-08-23 00:00:00','2024-09-17 17:26:39',146),(815,'2024-01-02 00:00:00','2024-09-17 17:26:39',644),(816,'2024-01-08 00:00:00','2024-09-17 17:26:39',617),(817,'2024-07-15 00:00:00','2024-09-17 17:26:39',399),(818,'2024-04-28 00:00:00','2024-09-17 17:26:39',5),(819,'2023-11-20 00:00:00','2024-09-17 17:26:39',776),(820,'2024-05-11 00:00:00','2024-09-17 17:26:39',327),(821,'2024-03-12 00:00:00','2024-09-17 17:26:39',1035),(822,'2023-09-17 00:00:00','2024-09-17 17:26:39',362),(823,'2024-04-29 00:00:00','2024-09-17 17:26:39',447),(824,'2024-09-07 00:00:00','2024-09-17 17:26:39',99),(825,'2024-01-10 00:00:00','2024-09-17 17:26:39',1244),(826,'2023-11-29 00:00:00','2024-09-17 17:26:39',249),(827,'2024-02-02 00:00:00','2024-09-17 17:26:39',1075),(828,'2024-08-09 00:00:00','2024-09-17 17:26:39',601),(829,'2023-11-30 00:00:00','2024-09-17 17:26:39',1436),(830,'2023-09-16 00:00:00','2024-09-17 17:26:39',308),(831,'2024-03-26 00:00:00','2024-09-17 17:26:39',528),(832,'2024-03-22 00:00:00','2024-09-17 17:26:39',541),(833,'2024-07-11 00:00:00','2024-09-17 17:26:39',526),(834,'2024-06-14 00:00:00','2024-09-17 17:26:39',657),(835,'2023-10-05 00:00:00','2024-09-17 17:26:39',1058),(836,'2024-07-26 00:00:00','2024-09-17 17:26:39',945),(837,'2024-04-09 00:00:00','2024-09-17 17:26:39',851),(838,'2023-12-26 00:00:00','2024-09-17 17:26:39',1399),(839,'2024-02-24 00:00:00','2024-09-17 17:26:39',1147),(840,'2024-05-31 00:00:00','2024-09-17 17:26:39',419),(841,'2024-04-07 00:00:00','2024-09-17 17:26:39',1384),(842,'2024-07-08 00:00:00','2024-09-17 17:26:39',894),(843,'2023-09-24 00:00:00','2024-09-17 17:26:39',1150),(844,'2024-07-21 00:00:00','2024-09-17 17:26:39',136),(845,'2024-01-24 00:00:00','2024-09-17 17:26:39',515),(846,'2024-04-26 00:00:00','2024-09-17 17:26:39',658),(847,'2024-08-18 00:00:00','2024-09-17 17:26:39',642),(848,'2024-08-02 00:00:00','2024-09-17 17:26:39',1197),(849,'2023-10-19 00:00:00','2024-09-17 17:26:39',1096),(850,'2023-10-09 00:00:00','2024-09-17 17:26:39',769),(851,'2023-12-22 00:00:00','2024-09-17 17:26:39',56),(852,'2024-02-29 00:00:00','2024-09-17 17:26:39',921),(853,'2024-06-20 00:00:00','2024-09-17 17:26:39',648),(854,'2023-12-23 00:00:00','2024-09-17 17:26:39',861),(855,'2024-01-23 00:00:00','2024-09-17 17:26:39',759),(856,'2024-06-19 00:00:00','2024-09-17 17:26:39',1246),(857,'2024-07-09 00:00:00','2024-09-17 17:26:39',1367),(858,'2024-02-27 00:00:00','2024-09-17 17:26:39',905),(859,'2024-08-18 00:00:00','2024-09-17 17:26:39',1475),(860,'2024-01-08 00:00:00','2024-09-17 17:26:39',1129),(861,'2024-06-30 00:00:00','2024-09-17 17:26:39',937),(862,'2023-10-03 00:00:00','2024-09-17 17:26:39',1047),(863,'2023-12-27 00:00:00','2024-09-17 17:26:39',254),(864,'2024-08-21 00:00:00','2024-09-17 17:26:39',904),(865,'2023-09-20 00:00:00','2024-09-17 17:26:39',148),(866,'2024-07-30 00:00:00','2024-09-17 17:26:39',749),(867,'2024-06-06 00:00:00','2024-09-17 17:26:39',1328),(868,'2024-01-19 00:00:00','2024-09-17 17:26:39',721),(869,'2024-08-29 00:00:00','2024-09-17 17:26:39',339),(870,'2024-08-04 00:00:00','2024-09-17 17:26:39',213),(871,'2024-04-27 00:00:00','2024-09-17 17:26:39',854),(872,'2024-01-26 00:00:00','2024-09-17 17:26:39',980),(873,'2024-03-06 00:00:00','2024-09-17 17:26:39',1209),(874,'2024-05-05 00:00:00','2024-09-17 17:26:39',1040),(875,'2024-08-07 00:00:00','2024-09-17 17:26:39',1270),(876,'2023-10-30 00:00:00','2024-09-17 17:26:39',166),(877,'2024-04-25 00:00:00','2024-09-17 17:26:39',1178),(878,'2024-01-21 00:00:00','2024-09-17 17:26:39',148),(879,'2024-03-19 00:00:00','2024-09-17 17:26:39',345),(880,'2024-01-17 00:00:00','2024-09-17 17:26:39',383),(881,'2024-08-03 00:00:00','2024-09-17 17:26:39',114),(882,'2024-01-11 00:00:00','2024-09-17 17:26:39',152),(883,'2024-01-12 00:00:00','2024-09-17 17:26:39',815),(884,'2024-04-01 00:00:00','2024-09-17 17:26:39',494),(885,'2024-05-14 00:00:00','2024-09-17 17:26:39',1286),(886,'2024-08-27 00:00:00','2024-09-17 17:26:39',18),(887,'2024-08-03 00:00:00','2024-09-17 17:26:39',1451),(888,'2023-12-26 00:00:00','2024-09-17 17:26:39',1090),(889,'2024-03-14 00:00:00','2024-09-17 17:26:39',906),(890,'2024-03-24 00:00:00','2024-09-17 17:26:39',1134),(891,'2024-07-09 00:00:00','2024-09-17 17:26:39',374),(892,'2024-08-20 00:00:00','2024-09-17 17:26:39',205),(893,'2024-05-26 00:00:00','2024-09-17 17:26:39',1464),(894,'2023-12-17 00:00:00','2024-09-17 17:26:39',572),(895,'2024-04-14 00:00:00','2024-09-17 17:26:39',586),(896,'2024-03-27 00:00:00','2024-09-17 17:26:39',488),(897,'2023-11-10 00:00:00','2024-09-17 17:26:39',870),(898,'2024-07-07 00:00:00','2024-09-17 17:26:39',1356),(899,'2024-08-26 00:00:00','2024-09-17 17:26:39',399),(900,'2024-01-13 00:00:00','2024-09-17 17:26:39',250),(901,'2024-03-11 00:00:00','2024-09-17 17:26:39',804),(902,'2024-05-11 00:00:00','2024-09-17 17:26:39',590),(903,'2023-11-28 00:00:00','2024-09-17 17:26:39',606),(904,'2024-08-02 00:00:00','2024-09-17 17:26:39',952),(905,'2023-11-11 00:00:00','2024-09-17 17:26:39',1046),(906,'2024-02-26 00:00:00','2024-09-17 17:26:39',458),(907,'2023-12-04 00:00:00','2024-09-17 17:26:39',152),(908,'2024-06-14 00:00:00','2024-09-17 17:26:39',1197),(909,'2024-02-25 00:00:00','2024-09-17 17:26:39',529),(910,'2024-08-02 00:00:00','2024-09-17 17:26:39',269),(911,'2024-03-09 00:00:00','2024-09-17 17:26:39',1170),(912,'2024-06-30 00:00:00','2024-09-17 17:26:39',786),(913,'2024-09-03 00:00:00','2024-09-17 17:26:39',1414),(914,'2024-04-05 00:00:00','2024-09-17 17:26:39',1042),(915,'2024-08-16 00:00:00','2024-09-17 17:26:39',1008),(916,'2024-04-20 00:00:00','2024-09-17 17:26:39',126),(917,'2024-05-06 00:00:00','2024-09-17 17:26:39',985),(918,'2023-10-20 00:00:00','2024-09-17 17:26:39',211),(919,'2024-03-02 00:00:00','2024-09-17 17:26:39',917),(920,'2024-08-28 00:00:00','2024-09-17 17:26:39',456),(921,'2024-07-15 00:00:00','2024-09-17 17:26:39',94),(922,'2024-06-08 00:00:00','2024-09-17 17:26:39',676),(923,'2023-11-23 00:00:00','2024-09-17 17:26:39',1125),(924,'2023-10-19 00:00:00','2024-09-17 17:26:39',977),(925,'2024-06-23 00:00:00','2024-09-17 17:26:39',717),(926,'2024-01-13 00:00:00','2024-09-17 17:26:39',885),(927,'2023-10-05 00:00:00','2024-09-17 17:26:39',338),(928,'2024-01-08 00:00:00','2024-09-17 17:26:39',1065),(929,'2024-08-20 00:00:00','2024-09-17 17:26:39',1410),(930,'2023-10-21 00:00:00','2024-09-17 17:26:39',1166),(931,'2024-06-02 00:00:00','2024-09-17 17:26:39',193),(932,'2024-07-08 00:00:00','2024-09-17 17:26:39',1141),(933,'2023-10-23 00:00:00','2024-09-17 17:26:39',754),(934,'2023-10-01 00:00:00','2024-09-17 17:26:39',979),(935,'2024-01-28 00:00:00','2024-09-17 17:26:39',201),(936,'2023-11-11 00:00:00','2024-09-17 17:26:39',232),(937,'2023-12-03 00:00:00','2024-09-17 17:26:39',756),(938,'2023-10-22 00:00:00','2024-09-17 17:26:39',1350),(939,'2023-12-19 00:00:00','2024-09-17 17:26:39',347),(940,'2024-05-07 00:00:00','2024-09-17 17:26:39',1238),(941,'2024-07-21 00:00:00','2024-09-17 17:26:39',1182),(942,'2024-06-15 00:00:00','2024-09-17 17:26:39',242),(943,'2024-07-15 00:00:00','2024-09-17 17:26:39',667),(944,'2024-02-16 00:00:00','2024-09-17 17:26:39',102),(945,'2024-08-21 00:00:00','2024-09-17 17:26:39',808),(946,'2024-07-02 00:00:00','2024-09-17 17:26:39',1017),(947,'2023-11-08 00:00:00','2024-09-17 17:26:39',580),(948,'2024-03-24 00:00:00','2024-09-17 17:26:39',51),(949,'2023-09-28 00:00:00','2024-09-17 17:26:39',1093),(950,'2024-06-19 00:00:00','2024-09-17 17:26:39',1366),(951,'2024-03-28 00:00:00','2024-09-17 17:26:39',1436),(952,'2024-09-07 00:00:00','2024-09-17 17:26:39',295),(953,'2023-10-17 00:00:00','2024-09-17 17:26:39',1192),(954,'2024-05-30 00:00:00','2024-09-17 17:26:39',78),(955,'2023-10-11 00:00:00','2024-09-17 17:26:39',1469),(956,'2024-08-29 00:00:00','2024-09-17 17:26:39',749),(957,'2023-12-04 00:00:00','2024-09-17 17:26:39',310),(958,'2024-06-07 00:00:00','2024-09-17 17:26:39',1127),(959,'2023-12-02 00:00:00','2024-09-17 17:26:39',582),(960,'2023-11-23 00:00:00','2024-09-17 17:26:39',1223),(961,'2024-07-06 00:00:00','2024-09-17 17:26:39',1253),(962,'2024-09-09 00:00:00','2024-09-17 17:26:39',1307),(963,'2024-03-20 00:00:00','2024-09-17 17:26:39',181),(964,'2024-09-06 00:00:00','2024-09-17 17:26:39',814),(965,'2024-07-05 00:00:00','2024-09-17 17:26:39',623),(966,'2024-08-27 00:00:00','2024-09-17 17:26:39',542),(967,'2024-05-12 00:00:00','2024-09-17 17:26:39',55),(968,'2024-06-17 00:00:00','2024-09-17 17:26:39',1416),(969,'2023-09-30 00:00:00','2024-09-17 17:26:39',468),(970,'2024-01-05 00:00:00','2024-09-17 17:26:39',675),(971,'2024-09-09 00:00:00','2024-09-17 17:26:39',1300),(972,'2024-07-11 00:00:00','2024-09-17 17:26:39',444),(973,'2024-06-23 00:00:00','2024-09-17 17:26:39',701),(974,'2023-11-11 00:00:00','2024-09-17 17:26:39',1064),(975,'2024-04-03 00:00:00','2024-09-17 17:26:39',688),(976,'2024-06-17 00:00:00','2024-09-17 17:26:39',707),(977,'2024-02-07 00:00:00','2024-09-17 17:26:39',568),(978,'2023-10-29 00:00:00','2024-09-17 17:26:39',723),(979,'2023-11-10 00:00:00','2024-09-17 17:26:39',407),(980,'2023-12-04 00:00:00','2024-09-17 17:26:39',1263),(981,'2024-08-28 00:00:00','2024-09-17 17:26:39',41),(982,'2024-01-12 00:00:00','2024-09-17 17:26:39',777),(983,'2024-02-02 00:00:00','2024-09-17 17:26:39',1156),(984,'2023-09-22 00:00:00','2024-09-17 17:26:39',1250),(985,'2024-06-06 00:00:00','2024-09-17 17:26:39',1482),(986,'2024-01-02 00:00:00','2024-09-17 17:26:39',309),(987,'2023-11-16 00:00:00','2024-09-17 17:26:39',376),(988,'2024-01-05 00:00:00','2024-09-17 17:26:39',520),(989,'2023-10-06 00:00:00','2024-09-17 17:26:39',1334),(990,'2024-06-29 00:00:00','2024-09-17 17:26:39',216),(991,'2023-09-14 00:00:00','2024-09-17 17:26:39',1299),(992,'2024-04-12 00:00:00','2024-09-17 17:26:39',534),(993,'2023-11-09 00:00:00','2024-09-17 17:26:39',896),(994,'2023-12-21 00:00:00','2024-09-17 17:26:39',62),(995,'2024-06-20 00:00:00','2024-09-17 17:26:39',98),(996,'2023-12-27 00:00:00','2024-09-17 17:26:39',1337),(997,'2024-04-19 00:00:00','2024-09-17 17:26:39',11),(998,'2024-09-05 00:00:00','2024-09-17 17:26:39',1268),(999,'2023-10-26 00:00:00','2024-09-17 17:26:39',1421),(1000,'2024-08-03 00:00:00','2024-09-17 17:26:39',1476);
/*!40000 ALTER TABLE `compras` ENABLE KEYS */;
UNLOCK TABLES;

--
-- Table structure for table `enderecos`
--

DROP TABLE IF EXISTS `enderecos`;
/*!40101 SET @saved_cs_client     = @@character_set_client */;
/*!50503 SET character_set_client = utf8mb4 */;
CREATE TABLE `enderecos` (
  `id` int NOT NULL AUTO_INCREMENT,
  `endereco` varchar(30) NOT NULL,
  `bairro` varchar(20) NOT NULL,
  `numero` int NOT NULL,
  `complemento` varchar(45) NOT NULL,
  `cidade` varchar(25) NOT NULL,
  `estado` varchar(2) NOT NULL,
  `cep` varchar(15) NOT NULL,
  `data_criacao` datetime NOT NULL DEFAULT CURRENT_TIMESTAMP,
  PRIMARY KEY (`id`)
) ENGINE=InnoDB AUTO_INCREMENT=1001 DEFAULT CHARSET=utf8mb3 COMMENT='		';
/*!40101 SET character_set_client = @saved_cs_client */;

--
-- Dumping data for table `enderecos`
--

LOCK TABLES `enderecos` WRITE;
/*!40000 ALTER TABLE `enderecos` DISABLE KEYS */;
INSERT INTO `enderecos` VALUES (1,'Rua','Liberdade',50,'3','Teresina;PI','XX','707386','2024-09-17 17:26:34'),(2,'Condominio','Ipanema',21,'6','Cuiaba;MT','XX','703246','2024-09-17 17:26:34'),(3,'Lote','Botafogo',44,'1','Olinda;PE','XX','764649','2024-09-17 17:26:34'),(4,'Quadra','Santa Teresa',8,'S N','Fortaleza;CE','XX','794078','2024-09-17 17:26:34'),(5,'Rua','Vila Andrade',74,'7','Lagoa Santa;MG','XX','731467','2024-09-17 17:26:34'),(6,'Lote','Ipanema',67,'6','Joao Pessoa;PB','XX','747441','2024-09-17 17:26:34'),(7,'Lote','Vila Olmpia',88,'1','Maraba;PA','XX','756971','2024-09-17 17:26:34'),(8,'Rua','Vila Madalena',67,'4','Acu;RN','XX','785986','2024-09-17 17:26:34'),(9,'Quadra','Vila Madalena',35,'9','Ponta Grossa;PR','XX','739404','2024-09-17 17:26:34'),(10,'Lote','Vila Madalena',1,'S N','Porto Alegre;RS','XX','736324','2024-09-17 17:26:34'),(11,'Apartamento','Rio Comprido',79,'6','Itapipoca;CE','XX','727286','2024-09-17 17:26:34'),(12,'Condominio','Cambuci',45,'1','Teresina;PI','XX','782223','2024-09-17 17:26:34'),(13,'Rua','Vila Olmpia',62,'8','Campo Grande;MS','XX','742248','2024-09-17 17:26:34'),(14,'Lote','Centro',47,'9','Santarem;PA','XX','764177','2024-09-17 17:26:34'),(15,'Lote','Rio Comprido',15,'7','Rio Branco;AC','XX','712336','2024-09-17 17:26:34'),(16,'Condominio','Parque do Carmo',49,'4','Montes Claros;MG','XX','769744','2024-09-17 17:26:34'),(17,'Lote','Santa Teresa',56,'8','Eirunepe;AM','XX','767929','2024-09-17 17:26:34'),(18,'Rua','Centro',16,'4','Itapipoca;CE','XX','778426','2024-09-17 17:26:34'),(19,'Apartamento','Capo Redondo',9,'10','Sobral;CE','XX','785005','2024-09-17 17:26:34'),(20,'Apartamento','Catete',56,'2','Cuiaba;MT','XX','730545','2024-09-17 17:26:34'),(21,'Condominio','Laranjeiras',83,'1','Maceio;AL','XX','769508','2024-09-17 17:26:34'),(22,'Rua','Glria',53,'2','Cuiaba;MT','XX','704282','2024-09-17 17:26:34'),(23,'Apartamento','Vila Mariana',50,'6','Sao Goncalo;RJ','XX','778284','2024-09-17 17:26:34'),(24,'Condominio','Aclimao',27,'8','Fortaleza;CE','XX','783874','2024-09-17 17:26:34'),(25,'Lote','Parque do Carmo',16,'Rua','Brasilia;DF','XX','793208','2024-09-17 17:26:34'),(26,'Condominio','Consolao',49,'5','Teresina;PI','XX','706692','2024-09-17 17:26:34'),(27,'Condominio','Lapa',14,'6','Quixada;CE','XX','710548','2024-09-17 17:26:34'),(28,'Rua','Santa Ceclia',29,'Rua','Brasilia;DF','XX','727481','2024-09-17 17:26:34'),(29,'Quadra','Vila Prudente',32,'10','Eirunepe;AM','XX','750777','2024-09-17 17:26:34'),(30,'Lote','Vila Olmpia',40,'10','Belo Horizonte;MG','XX','748490','2024-09-17 17:26:34'),(31,'Apartamento','Lapa',63,'6','Juazeiro do Norte;CE','XX','798016','2024-09-17 17:26:34'),(32,'Apartamento','So Conrado',9,'2','Ponta Grossa;PR','XX','756157','2024-09-17 17:26:34'),(33,'Rua','Pinheiros',8,'9','Linhares;ES','XX','748188','2024-09-17 17:26:34'),(34,'Quadra','Rio Comprido',26,'2','Brasilia;DF','XX','725666','2024-09-17 17:26:34'),(35,'Quadra','Santa Ceclia',39,'Rua','Goiania;GO','XX','781870','2024-09-17 17:26:34'),(36,'Lote','Santa Teresa',9,'2','Eirunepe;AM','XX','752169','2024-09-17 17:26:34'),(37,'Condominio','Vila Prudente',22,'4','Curitiba;PR','XX','716151','2024-09-17 17:26:34'),(38,'Lote','Pinheiros',11,'9','Lagoa Santa;MG','XX','762756','2024-09-17 17:26:34'),(39,'Condominio','Itaim Bibi',42,'5','Manaus;AM','XX','765497','2024-09-17 17:26:34'),(40,'Rua','Moema',3,'5','Caruaru;PE','XX','795958','2024-09-17 17:26:34'),(41,'Lote','Leblon',100,'9','Ponta Grossa;PR','XX','715166','2024-09-17 17:26:34'),(42,'Lote','Copacabana',68,'5','Aracaju;SE','XX','705353','2024-09-17 17:26:34'),(43,'Apartamento','Barra da Tijuca',45,'2','Eirunepe;AM','XX','710347','2024-09-17 17:26:34'),(44,'Rua','Pinheiros',84,'6','Teresina;PI','XX','720260','2024-09-17 17:26:34'),(45,'Quadra','Vila Mariana',7,'1','Florianopolis;SC','XX','798143','2024-09-17 17:26:34'),(46,'Condominio','Barra da Tijuca',91,'S N','Sobral;CE','XX','768669','2024-09-17 17:26:34'),(47,'Rua','Copacabana',30,'3','Palmas;TO','XX','770986','2024-09-17 17:26:34'),(48,'Rua','Glria',7,'Rua','Sao Luis;MA','XX','728823','2024-09-17 17:26:34'),(49,'Condominio','Vila Prudente',39,'10','Sao Paulo;SP','XX','728181','2024-09-17 17:26:34'),(50,'Condominio','Santana',72,'6','Teresina;PI','XX','707128','2024-09-17 17:26:34'),(51,'Quadra','Vila Madalena',63,'9','Santa Maria;RS','XX','713627','2024-09-17 17:26:34'),(52,'Rua','Lapa',100,'8','Palmas;TO','XX','724298','2024-09-17 17:26:34'),(53,'Lote','Vila Olmpia',36,'7','Manaus;AM','XX','786324','2024-09-17 17:26:34'),(54,'Apartamento','Pinheiros',99,'1','Fortaleza;CE','XX','795558','2024-09-17 17:26:34'),(55,'Rua','Jardim ngela.',27,'2','Belem;PA','XX','754126','2024-09-17 17:26:34'),(56,'Rua','Barra Funda',2,'Rua','Belo Horizonte;MG','XX','791869','2024-09-17 17:26:34'),(57,'Condominio','Rio Comprido',8,'7','Braganca Paulista;SP','XX','789022','2024-09-17 17:26:34'),(58,'Apartamento','Vila Mariana',11,'9','Acu;RN','XX','735154','2024-09-17 17:26:34'),(59,'Rua','Repblica',56,'10','Nova Iguacu;RJ','XX','799662','2024-09-17 17:26:34'),(60,'Quadra','Vila Andrade',29,'2','Florianopolis;SC','XX','703574','2024-09-17 17:26:34'),(61,'Quadra','Higienpolis',88,'8','Aracaju;SE','XX','790937','2024-09-17 17:26:34'),(62,'Quadra','Rio Comprido',71,'6','Rio de Janeiro;RJ','XX','785615','2024-09-17 17:26:34'),(63,'Quadra','Higienpolis',35,'7','Santarem;PA','XX','789739','2024-09-17 17:26:34'),(64,'Quadra','Jardim Paulista',95,'1','Porto Velho;RO','XX','726029','2024-09-17 17:26:34'),(65,'Condominio','Laranjeiras',41,'4','Nova Iguacu;RJ','XX','747525','2024-09-17 17:26:34'),(66,'Rua','Moema',79,'10','Rio de Janeiro;RJ','XX','773363','2024-09-17 17:26:34'),(67,'Condominio','Jardins',56,'S N','Fortaleza;CE','XX','786457','2024-09-17 17:26:34'),(68,'Quadra','Lagoa',7,'7','Itapipoca;CE','XX','752114','2024-09-17 17:26:34'),(69,'Lote','Cambuci',90,'S N','Recife;PE','XX','776211','2024-09-17 17:26:34'),(70,'Apartamento','Vila Madalena',77,'6','Santarem;PA','XX','787487','2024-09-17 17:26:34'),(71,'Quadra','Santana',7,'9','Cuiaba;MT','XX','707691','2024-09-17 17:26:34'),(72,'Condominio','Vila Ema',93,'S N','Juazeiro do Norte;CE','XX','704747','2024-09-17 17:26:34'),(73,'Rua','Vila Mariana',38,'6','Aparecida de Goiania;GO','XX','764174','2024-09-17 17:26:34'),(74,'Lote','Botafogo',22,'5','Rio Branco;AC','XX','751894','2024-09-17 17:26:34'),(75,'Apartamento','Itaim Bibi',20,'Rua','Olinda;PE','XX','774386','2024-09-17 17:26:34'),(76,'Rua','Jardim Paulista',1,'7','Manaus;AM','XX','799681','2024-09-17 17:26:34'),(77,'Rua','Vila Andrade',67,'Rua','Natal;RN','XX','794634','2024-09-17 17:26:34'),(78,'Condominio','Ipanema',17,'1','Dourados;MS','XX','725170','2024-09-17 17:26:34'),(79,'Rua','Glria',2,'S N','Santarem;PA','XX','749550','2024-09-17 17:26:34'),(80,'Rua','Centro',28,'4','Acu;RN','XX','745182','2024-09-17 17:26:34'),(81,'Quadra','Catete',20,'1','Ponta Grossa;PR','XX','796143','2024-09-17 17:26:34'),(82,'Quadra','Botafogo',20,'1','Porto Velho;RO','XX','760212','2024-09-17 17:26:34'),(83,'Rua','Copacabana',85,'4','Santa Maria;RS','XX','758233','2024-09-17 17:26:34'),(84,'Rua','Tatuap',26,'8','Uberlandia;MG','XX','727058','2024-09-17 17:26:34'),(85,'Quadra','Santa Ceclia',31,'6','Maceio;AL','XX','795219','2024-09-17 17:26:34'),(86,'Quadra','Liberdade',20,'10','Fortaleza;CE','XX','770817','2024-09-17 17:26:34'),(87,'Rua','Jardim Paulista',45,'1','Salvador;BA','XX','796206','2024-09-17 17:26:34'),(88,'Apartamento','Pacaembu',94,'7','Acu;RN','XX','738603','2024-09-17 17:26:34'),(89,'Lote','Cambuci',19,'Rua','Palmas;TO','XX','792114','2024-09-17 17:26:34'),(90,'Condominio','Jardins',45,'7','Maraba;PA','XX','720501','2024-09-17 17:26:34'),(91,'Quadra','Jardins',73,'9','Recife;PE','XX','766227','2024-09-17 17:26:34'),(92,'Condominio','So Conrado',71,'6','Teresina;PI','XX','791534','2024-09-17 17:26:34'),(93,'Lote','Pinheiros',79,'8','Manaus;AM','XX','739150','2024-09-17 17:26:34'),(94,'Quadra','Vila Mariana',10,'8','Fortaleza;CE','XX','774015','2024-09-17 17:26:34'),(95,'Quadra','Copacabana',76,'Rua','Salvador;BA','XX','722962','2024-09-17 17:26:34'),(96,'Apartamento','Jardins',11,'1','Ponta Grossa;PR','XX','789826','2024-09-17 17:26:34'),(97,'Rua','Glria',31,'7','Braganca Paulista;SP','XX','713845','2024-09-17 17:26:34'),(98,'Lote','Tatuap',82,'7','Sobral;CE','XX','790772','2024-09-17 17:26:34'),(99,'Lote','Vila Andrade',93,'7','Olinda;PE','XX','756400','2024-09-17 17:26:34'),(100,'Condominio','Higienpolis',67,'4','Barreiras;BA','XX','741650','2024-09-17 17:26:34'),(101,'Quadra','Moema',79,'S N','Sao Goncalo;RJ','XX','741096','2024-09-17 17:26:34'),(102,'Quadra','Consolao',34,'Rua','Vitoria;ES','XX','775085','2024-09-17 17:26:34'),(103,'Condominio','Aclimao',73,'S N','Sao Paulo;SP','XX','722025','2024-09-17 17:26:34'),(104,'Condominio','Capo Redondo',82,'7','Linhares;ES','XX','703709','2024-09-17 17:26:34'),(105,'Condominio','Consolao',74,'9','Santa Maria;RS','XX','770932','2024-09-17 17:26:34'),(106,'Lote','Bixiga',31,'10','Santarem;PA','XX','772551','2024-09-17 17:26:34'),(107,'Condominio','Flamengo',50,'S N','Florianopolis;SC','XX','791290','2024-09-17 17:26:34'),(108,'Apartamento','Laranjeiras',54,'S N','Eirunepe;AM','XX','749137','2024-09-17 17:26:34'),(109,'Apartamento','Santana',15,'5','Olinda;PE','XX','799984','2024-09-17 17:26:34'),(110,'Apartamento','Lapa',70,'8','Dourados;MS','XX','720381','2024-09-17 17:26:34'),(111,'Rua','Parque do Carmo',53,'2','Maraba;PA','XX','716113','2024-09-17 17:26:34'),(112,'Apartamento','Bixiga',71,'3','Lagoa Santa;MG','XX','766441','2024-09-17 17:26:34'),(113,'Apartamento','Consolao',86,'6','Aparecida de Goiania;GO','XX','767130','2024-09-17 17:26:34'),(114,'Apartamento','Leblon',27,'4','Uberlandia;MG','XX','705232','2024-09-17 17:26:34'),(115,'Quadra','Vila Mariana',76,'6','Campo Grande;MS','XX','797199','2024-09-17 17:26:34'),(116,'Condominio','Santa Ceclia',71,'4','Nova Iguacu;RJ','XX','736578','2024-09-17 17:26:34'),(117,'Condominio','Consolao',89,'6','Porto Velho;RO','XX','796270','2024-09-17 17:26:34'),(118,'Condominio','Perdizes',66,'3','Braganca Paulista;SP','XX','776635','2024-09-17 17:26:34'),(119,'Rua','Flamengo',88,'Rua','Dourados;MS','XX','706055','2024-09-17 17:26:34'),(120,'Lote','Centro',11,'4','Aparecida de Goiania;GO','XX','717302','2024-09-17 17:26:34'),(121,'Condominio','Tatuap',43,'6','Braganca Paulista;SP','XX','716362','2024-09-17 17:26:34'),(122,'Condominio','Santa Teresa',47,'6','Caruaru;PE','XX','725068','2024-09-17 17:26:34'),(123,'Rua','Ipanema',99,'9','Rio Branco;AC','XX','717117','2024-09-17 17:26:34'),(124,'Rua','Barra da Tijuca',36,'8','Maceio;AL','XX','702486','2024-09-17 17:26:34'),(125,'Lote','Consolao',16,'1','Olinda;PE','XX','770315','2024-09-17 17:26:34'),(126,'Lote','Liberdade',56,'10','Aracaju;SE','XX','773844','2024-09-17 17:26:34'),(127,'Quadra','Flamengo',11,'6','Aracaju;SE','XX','793383','2024-09-17 17:26:34'),(128,'Rua','Parque do Carmo',11,'3','Sao Goncalo;RJ','XX','786438','2024-09-17 17:26:34'),(129,'Condominio','Barra Funda',39,'2','Caruaru;PE','XX','791259','2024-09-17 17:26:34'),(130,'Rua','Repblica',18,'S N','Joao Pessoa;PB','XX','734256','2024-09-17 17:26:34'),(131,'Quadra','Santa Ceclia',81,'6','Itapipoca;CE','XX','798392','2024-09-17 17:26:34'),(132,'Condominio','Liberdade',39,'Rua','Rio Branco;AC','XX','788164','2024-09-17 17:26:34'),(133,'Apartamento','Repblica',49,'S N','Olinda;PE','XX','761449','2024-09-17 17:26:34'),(134,'Quadra','Santa Teresa',54,'6','Acu;RN','XX','776158','2024-09-17 17:26:34'),(135,'Condominio','Parque do Carmo',53,'9','Palmas;TO','XX','730487','2024-09-17 17:26:34'),(136,'Apartamento','Consolao',97,'9','Linhares;ES','XX','772864','2024-09-17 17:26:34'),(137,'Condominio','Vila Olmpia',31,'1','Maraba;PA','XX','750722','2024-09-17 17:26:34'),(138,'Quadra','Itaim Bibi',84,'6','Natal;RN','XX','744889','2024-09-17 17:26:34'),(139,'Apartamento','Santa Ceclia',66,'10','Juazeiro do Norte;CE','XX','754277','2024-09-17 17:26:34'),(140,'Quadra','Rio Comprido',54,'1','Quixada;CE','XX','734330','2024-09-17 17:26:34'),(141,'Lote','Laranjeiras',63,'2','Vilhena;RO','XX','757704','2024-09-17 17:26:34'),(142,'Apartamento','Tatuap',60,'10','Olinda;PE','XX','790340','2024-09-17 17:26:34'),(143,'Rua','Lagoa',17,'6','Caruaru;PE','XX','724539','2024-09-17 17:26:34'),(144,'Rua','Vila Madalena',48,'10','Joao Pessoa;PB','XX','728141','2024-09-17 17:26:34'),(145,'Apartamento','Itaim Bibi',47,'3','Teresina;PI','XX','730765','2024-09-17 17:26:34'),(146,'Apartamento','Copacabana',7,'9','Sao Goncalo;RJ','XX','717260','2024-09-17 17:26:34'),(147,'Apartamento','Centro',18,'8','Barreiras;BA','XX','713985','2024-09-17 17:26:34'),(148,'Lote','Santa Teresa',37,'Rua','Aparecida de Goiania;GO','XX','782510','2024-09-17 17:26:34'),(149,'Condominio','Barra da Tijuca',30,'2','Natal;RN','XX','766743','2024-09-17 17:26:34'),(150,'Lote','Higienpolis',53,'8','Braganca Paulista;SP','XX','751610','2024-09-17 17:26:34'),(151,'Quadra','Barra Funda',13,'4','Fortaleza;CE','XX','774996','2024-09-17 17:26:34'),(152,'Lote','Pinheiros',18,'Rua','Teresina;PI','XX','766533','2024-09-17 17:26:34'),(153,'Condominio','Jardins',60,'5','Manaus;AM','XX','721983','2024-09-17 17:26:34'),(154,'Condominio','Rio Comprido',1,'2','Itapipoca;CE','XX','739764','2024-09-17 17:26:34'),(155,'Lote','Botafogo',63,'2','Natal;RN','XX','774743','2024-09-17 17:26:34'),(156,'Apartamento','Ipanema',67,'9','Maceio;AL','XX','792659','2024-09-17 17:26:34'),(157,'Condominio','Vila Madalena',1,'S N','Braganca Paulista;SP','XX','716593','2024-09-17 17:26:34'),(158,'Condominio','Barra Funda',93,'4','Campo Grande;MS','XX','743484','2024-09-17 17:26:34'),(159,'Rua','Pacaembu',76,'3','Santarem;PA','XX','714355','2024-09-17 17:26:34'),(160,'Rua','Perdizes',92,'3','Sobral;CE','XX','700739','2024-09-17 17:26:34'),(161,'Quadra','Lapa',42,'Rua','Ponta Grossa;PR','XX','781719','2024-09-17 17:26:34'),(162,'Quadra','Jardins',78,'2','Salvador;BA','XX','714087','2024-09-17 17:26:34'),(163,'Quadra','Santa Ceclia',85,'6','Linhares;ES','XX','774435','2024-09-17 17:26:34'),(164,'Apartamento','Itaim Bibi',31,'9','Teresina;PI','XX','789565','2024-09-17 17:26:34'),(165,'Condominio','Glria',39,'2','Uberlandia;MG','XX','786140','2024-09-17 17:26:34'),(166,'Rua','Vila Mariana',78,'9','Sao Paulo;SP','XX','763561','2024-09-17 17:26:34'),(167,'Rua','Pacaembu',78,'Rua','Dourados;MS','XX','791736','2024-09-17 17:26:34'),(168,'Rua','Laranjeiras',41,'9','Sao Luis;MA','XX','755320','2024-09-17 17:26:34'),(169,'Quadra','Perdizes',88,'1','Dourados;MS','XX','795534','2024-09-17 17:26:34'),(170,'Quadra','Santana',46,'1','Uberlandia;MG','XX','742358','2024-09-17 17:26:34'),(171,'Condominio','Capo Redondo',88,'10','Aparecida de Goiania;GO','XX','799935','2024-09-17 17:26:34'),(172,'Lote','Ipanema',34,'8','Natal;RN','XX','779031','2024-09-17 17:26:34'),(173,'Quadra','Vila Olmpia',80,'7','Rio de Janeiro;RJ','XX','736135','2024-09-17 17:26:34'),(174,'Apartamento','Santana',64,'8','Braganca Paulista;SP','XX','762068','2024-09-17 17:26:34'),(175,'Lote','Ipanema',4,'4','Maraba;PA','XX','760903','2024-09-17 17:26:34'),(176,'Lote','Vila Andrade',53,'10','Curitiba;PR','XX','745961','2024-09-17 17:26:34'),(177,'Quadra','Rio Comprido',51,'9','Vilhena;RO','XX','771851','2024-09-17 17:26:34'),(178,'Apartamento','Aclimao',93,'9','Barreiras;BA','XX','780219','2024-09-17 17:26:34'),(179,'Condominio','Santa Ceclia',45,'6','Acu;RN','XX','750299','2024-09-17 17:26:34'),(180,'Rua','Santana',83,'3','Maraba;PA','XX','701868','2024-09-17 17:26:34'),(181,'Condominio','Vila Ema',50,'4','Ponta Grossa;PR','XX','700443','2024-09-17 17:26:34'),(182,'Lote','Capo Redondo',52,'3','Joao Pessoa;PB','XX','700657','2024-09-17 17:26:34'),(183,'Condominio','Cambuci',79,'Rua','Dourados;MS','XX','754659','2024-09-17 17:26:34'),(184,'Apartamento','So Conrado',85,'2','Santa Maria;RS','XX','713877','2024-09-17 17:26:34'),(185,'Condominio','Santana',30,'10','Belem;PA','XX','766174','2024-09-17 17:26:34'),(186,'Lote','Moema',65,'Rua','Linhares;ES','XX','752119','2024-09-17 17:26:34'),(187,'Apartamento','So Conrado',91,'7','Olinda;PE','XX','730015','2024-09-17 17:26:34'),(188,'Rua','Flamengo',22,'4','Campo Grande;MS','XX','736785','2024-09-17 17:26:34'),(189,'Lote','Capo Redondo',67,'1','Barreiras;BA','XX','762585','2024-09-17 17:26:34'),(190,'Lote','Parque do Carmo',28,'Rua','Eirunepe;AM','XX','765687','2024-09-17 17:26:34'),(191,'Apartamento','Catete',84,'8','Campo Grande;MS','XX','736811','2024-09-17 17:26:34'),(192,'Quadra','Capo Redondo',1,'6','Joao Pessoa;PB','XX','720272','2024-09-17 17:26:34'),(193,'Lote','Capo Redondo',66,'2','Lagoa Santa;MG','XX','751678','2024-09-17 17:26:34'),(194,'Condominio','Bixiga',48,'6','Joao Pessoa;PB','XX','737453','2024-09-17 17:26:34'),(195,'Condominio','Repblica',97,'3','Vilhena;RO','XX','752248','2024-09-17 17:26:34'),(196,'Quadra','Vila Prudente',52,'8','Campo Grande;MS','XX','759420','2024-09-17 17:26:34'),(197,'Condominio','Copacabana',84,'1','Eirunepe;AM','XX','754538','2024-09-17 17:26:34'),(198,'Lote','Vila Ema',53,'3','Sao Goncalo;RJ','XX','729407','2024-09-17 17:26:34'),(199,'Rua','Pinheiros',34,'1','Caruaru;PE','XX','736492','2024-09-17 17:26:34'),(200,'Apartamento','Centro',54,'4','Juazeiro do Norte;CE','XX','717458','2024-09-17 17:26:34'),(201,'Condominio','Aclimao',69,'5','Brasilia;DF','XX','725577','2024-09-17 17:26:34'),(202,'Apartamento','Barra da Tijuca',41,'2','Florianopolis;SC','XX','761964','2024-09-17 17:26:34'),(203,'Apartamento','Cambuci',69,'3','Santa Maria;RS','XX','783602','2024-09-17 17:26:34'),(204,'Condominio','Leblon',81,'8','Lagoa Santa;MG','XX','748163','2024-09-17 17:26:34'),(205,'Rua','Cambuci',6,'3','Aracaju;SE','XX','701506','2024-09-17 17:26:34'),(206,'Rua','Barra da Tijuca',35,'1','Acu;RN','XX','709362','2024-09-17 17:26:34'),(207,'Condominio','Flamengo',26,'5','Aparecida de Goiania;GO','XX','717551','2024-09-17 17:26:34'),(208,'Apartamento','Centro',30,'7','Lagoa Santa;MG','XX','774347','2024-09-17 17:26:34'),(209,'Lote','So Conrado',69,'9','Santa Maria;RS','XX','764020','2024-09-17 17:26:34'),(210,'Quadra','Rio Comprido',59,'1','Barreiras;BA','XX','786272','2024-09-17 17:26:34'),(211,'Quadra','Higienpolis',100,'4','Fortaleza;CE','XX','786438','2024-09-17 17:26:34'),(212,'Apartamento','Botafogo',30,'2','Maceio;AL','XX','741434','2024-09-17 17:26:34'),(213,'Lote','Pacaembu',71,'4','Rio Branco;AC','XX','795001','2024-09-17 17:26:34'),(214,'Apartamento','Santa Ceclia',23,'10','Vitoria;ES','XX','745713','2024-09-17 17:26:34'),(215,'Condominio','Vila Olmpia',5,'4','Montes Claros;MG','XX','721279','2024-09-17 17:26:34'),(216,'Lote','Jardins',36,'6','Palmas;TO','XX','786940','2024-09-17 17:26:34'),(217,'Quadra','Catete',39,'Rua','Joao Pessoa;PB','XX','729637','2024-09-17 17:26:34'),(218,'Condominio','Lapa',13,'8','Acu;RN','XX','763980','2024-09-17 17:26:34'),(219,'Quadra','Flamengo',37,'3','Linhares;ES','XX','739193','2024-09-17 17:26:34'),(220,'Apartamento','Tatuap',36,'7','Rio Branco;AC','XX','795407','2024-09-17 17:26:34'),(221,'Condominio','Vila Madalena',59,'10','Linhares;ES','XX','782096','2024-09-17 17:26:34'),(222,'Apartamento','Jardim Paulista',27,'5','Santarem;PA','XX','712558','2024-09-17 17:26:34'),(223,'Lote','Vila Prudente',31,'1','Acu;RN','XX','711178','2024-09-17 17:26:34'),(224,'Quadra','So Conrado',18,'6','Caruaru;PE','XX','712791','2024-09-17 17:26:34'),(225,'Quadra','Vila Madalena',71,'3','Goiania;GO','XX','727992','2024-09-17 17:26:34'),(226,'Rua','Pinheiros',80,'9','Recife;PE','XX','749219','2024-09-17 17:26:34'),(227,'Rua','Liberdade',80,'Rua','Goiania;GO','XX','728052','2024-09-17 17:26:34'),(228,'Lote','Jardim ngela.',40,'1','Ponta Grossa;PR','XX','791851','2024-09-17 17:26:34'),(229,'Lote','Jardim ngela.',17,'9','Salvador;BA','XX','770531','2024-09-17 17:26:34'),(230,'Lote','Lagoa',82,'1','Salvador;BA','XX','745748','2024-09-17 17:26:34'),(231,'Quadra','Vila Olmpia',55,'7','Sao Paulo;SP','XX','795124','2024-09-17 17:26:34'),(232,'Quadra','Botafogo',98,'5','Uberlandia;MG','XX','721549','2024-09-17 17:26:34'),(233,'Quadra','Higienpolis',84,'3','Recife;PE','XX','778643','2024-09-17 17:26:34'),(234,'Rua','So Conrado',99,'9','Quixada;CE','XX','762019','2024-09-17 17:26:34'),(235,'Apartamento','Catete',38,'2','Florianopolis;SC','XX','794669','2024-09-17 17:26:34'),(236,'Rua','Pinheiros',95,'2','Vilhena;RO','XX','752903','2024-09-17 17:26:34'),(237,'Quadra','Vila Mariana',51,'S N','Vilhena;RO','XX','726471','2024-09-17 17:26:34'),(238,'Quadra','Cambuci',15,'3','Belem;PA','XX','720997','2024-09-17 17:26:34'),(239,'Condominio','Catete',23,'7','Linhares;ES','XX','704264','2024-09-17 17:26:34'),(240,'Lote','Centro',92,'Rua','Recife;PE','XX','701191','2024-09-17 17:26:34'),(241,'Lote','Bixiga',8,'7','Sao Goncalo;RJ','XX','798843','2024-09-17 17:26:34'),(242,'Apartamento','Botafogo',4,'Rua','Campo Grande;MS','XX','731494','2024-09-17 17:26:34'),(243,'Apartamento','Santa Teresa',57,'7','Lagoa Santa;MG','XX','760778','2024-09-17 17:26:34'),(244,'Condominio','Moema',30,'7','Vitoria;ES','XX','707174','2024-09-17 17:26:34'),(245,'Quadra','Pacaembu',30,'2','Porto Alegre;RS','XX','756088','2024-09-17 17:26:34'),(246,'Apartamento','Pinheiros',88,'9','Boa Vista;RR','XX','777987','2024-09-17 17:26:34'),(247,'Condominio','Lapa',80,'2','Teresina;PI','XX','790875','2024-09-17 17:26:34'),(248,'Apartamento','Rio Comprido',84,'4','Linhares;ES','XX','758775','2024-09-17 17:26:34'),(249,'Rua','Vila Prudente',96,'6','Eirunepe;AM','XX','784043','2024-09-17 17:26:34'),(250,'Lote','Santana',45,'3','Sao Paulo;SP','XX','794174','2024-09-17 17:26:34'),(251,'Rua','Vila Ema',22,'5','Aracaju;SE','XX','703293','2024-09-17 17:26:34'),(252,'Lote','Barra Funda',28,'5','Teresina;PI','XX','706471','2024-09-17 17:26:34'),(253,'Condominio','Santa Teresa',68,'7','Recife;PE','XX','745184','2024-09-17 17:26:34'),(254,'Rua','Bixiga',27,'7','Brasilia;DF','XX','723192','2024-09-17 17:26:34'),(255,'Apartamento','Botafogo',94,'6','Caruaru;PE','XX','733050','2024-09-17 17:26:34'),(256,'Lote','Rio Comprido',93,'6','Porto Alegre;RS','XX','718403','2024-09-17 17:26:34'),(257,'Apartamento','Santana',2,'9','Campo Grande;MS','XX','792414','2024-09-17 17:26:34'),(258,'Quadra','Itaim Bibi',2,'6','Quixada;CE','XX','763662','2024-09-17 17:26:34'),(259,'Condominio','Bixiga',41,'10','Porto Alegre;RS','XX','722217','2024-09-17 17:26:34'),(260,'Rua','Centro',8,'7','Olinda;PE','XX','746078','2024-09-17 17:26:34'),(261,'Quadra','Pacaembu',59,'10','Belo Horizonte;MG','XX','765566','2024-09-17 17:26:34'),(262,'Quadra','Rio Comprido',83,'3','Curitiba;PR','XX','792606','2024-09-17 17:26:34'),(263,'Rua','Barra Funda',32,'1','Uberlandia;MG','XX','737759','2024-09-17 17:26:34'),(264,'Condominio','Lagoa',57,'7','Nova Iguacu;RJ','XX','768670','2024-09-17 17:26:34'),(265,'Lote','Perdizes',27,'4','Fortaleza;CE','XX','784055','2024-09-17 17:26:34'),(266,'Rua','Laranjeiras',73,'3','Natal;RN','XX','725813','2024-09-17 17:26:34'),(267,'Rua','Santa Ceclia',86,'3','Ponta Grossa;PR','XX','731290','2024-09-17 17:26:34'),(268,'Apartamento','Capo Redondo',84,'3','Linhares;ES','XX','714863','2024-09-17 17:26:34'),(269,'Quadra','Lapa',85,'1','Teresina;PI','XX','735059','2024-09-17 17:26:34'),(270,'Apartamento','Liberdade',47,'7','Sao Goncalo;RJ','XX','786595','2024-09-17 17:26:34'),(271,'Apartamento','Leblon',90,'7','Fortaleza;CE','XX','746901','2024-09-17 17:26:34'),(272,'Apartamento','Vila Prudente',29,'2','Montes Claros;MG','XX','713572','2024-09-17 17:26:34'),(273,'Apartamento','Santa Ceclia',16,'5','Vilhena;RO','XX','747062','2024-09-17 17:26:34'),(274,'Lote','Jardim Paulista',78,'10','Porto Alegre;RS','XX','755422','2024-09-17 17:26:34'),(275,'Rua','Moema',26,'8','Sao Luis;MA','XX','711367','2024-09-17 17:26:34'),(276,'Condominio','Glria',94,'4','Olinda;PE','XX','785849','2024-09-17 17:26:34'),(277,'Lote','Santa Teresa',34,'5','Vitoria;ES','XX','701728','2024-09-17 17:26:34'),(278,'Condominio','Bixiga',72,'S N','Sobral;CE','XX','733435','2024-09-17 17:26:34'),(279,'Condominio','Vila Ema',94,'2','Rio Branco;AC','XX','759113','2024-09-17 17:26:34'),(280,'Lote','Jardins',66,'10','Sao Goncalo;RJ','XX','739102','2024-09-17 17:26:34'),(281,'Quadra','Capo Redondo',3,'3','Porto Velho;RO','XX','754745','2024-09-17 17:26:34'),(282,'Apartamento','Liberdade',59,'Rua','Uberlandia;MG','XX','765671','2024-09-17 17:26:34'),(283,'Quadra','Repblica',25,'2','Acu;RN','XX','776837','2024-09-17 17:26:34'),(284,'Lote','Glria',94,'7','Salvador;BA','XX','706369','2024-09-17 17:26:34'),(285,'Lote','Barra Funda',80,'2','Rio de Janeiro;RJ','XX','791595','2024-09-17 17:26:34'),(286,'Rua','Tatuap',83,'3','Porto Alegre;RS','XX','731583','2024-09-17 17:26:34'),(287,'Condominio','Flamengo',94,'S N','Maraba;PA','XX','745402','2024-09-17 17:26:34'),(288,'Condominio','Santa Ceclia',3,'3','Belem;PA','XX','778102','2024-09-17 17:26:34'),(289,'Lote','Laranjeiras',1,'1','Montes Claros;MG','XX','795527','2024-09-17 17:26:34'),(290,'Lote','Santana',61,'9','Linhares;ES','XX','714513','2024-09-17 17:26:34'),(291,'Quadra','Botafogo',10,'3','Ponta Grossa;PR','XX','701093','2024-09-17 17:26:34'),(292,'Condominio','Vila Madalena',98,'9','Dourados;MS','XX','746428','2024-09-17 17:26:34'),(293,'Rua','Tatuap',17,'2','Ponta Grossa;PR','XX','744435','2024-09-17 17:26:34'),(294,'Condominio','Santana',69,'Rua','Uberlandia;MG','XX','706425','2024-09-17 17:26:34'),(295,'Quadra','Vila Andrade',72,'6','Uberlandia;MG','XX','732407','2024-09-17 17:26:34'),(296,'Rua','Vila Mariana',85,'6','Sao Luis;MA','XX','700489','2024-09-17 17:26:34'),(297,'Apartamento','Rio Comprido',45,'3','Boa Vista;RR','XX','778237','2024-09-17 17:26:34'),(298,'Apartamento','Santana',75,'2','Sao Luis;MA','XX','704232','2024-09-17 17:26:34'),(299,'Apartamento','Consolao',40,'8','Maceio;AL','XX','794517','2024-09-17 17:26:34'),(300,'Lote','Vila Andrade',6,'2','Natal;RN','XX','753478','2024-09-17 17:26:34'),(301,'Rua','Catete',79,'3','Sao Paulo;SP','XX','736766','2024-09-17 17:26:34'),(302,'Quadra','Liberdade',66,'8','Uberlandia;MG','XX','777567','2024-09-17 17:26:34'),(303,'Lote','Lagoa',70,'S N','Caruaru;PE','XX','728096','2024-09-17 17:26:34'),(304,'Rua','So Conrado',41,'9','Aparecida de Goiania;GO','XX','724453','2024-09-17 17:26:34'),(305,'Quadra','Vila Prudente',18,'Rua','Cuiaba;MT','XX','728338','2024-09-17 17:26:34'),(306,'Lote','Consolao',7,'7','Campo Grande;MS','XX','741667','2024-09-17 17:26:34'),(307,'Lote','Vila Olmpia',55,'9','Lagoa Santa;MG','XX','739806','2024-09-17 17:26:34'),(308,'Quadra','Vila Madalena',59,'1','Porto Velho;RO','XX','764779','2024-09-17 17:26:34'),(309,'Rua','Consolao',81,'8','Caruaru;PE','XX','701054','2024-09-17 17:26:34'),(310,'Condominio','Repblica',74,'8','Recife;PE','XX','786224','2024-09-17 17:26:34'),(311,'Lote','Cambuci',21,'8','Lagoa Santa;MG','XX','727641','2024-09-17 17:26:34'),(312,'Condominio','Santa Teresa',83,'7','Joao Pessoa;PB','XX','705640','2024-09-17 17:26:34'),(313,'Lote','Itaim Bibi',47,'8','Olinda;PE','XX','726638','2024-09-17 17:26:34'),(314,'Rua','Glria',53,'9','Santarem;PA','XX','728436','2024-09-17 17:26:34'),(315,'Lote','Bixiga',63,'5','Rio Branco;AC','XX','726017','2024-09-17 17:26:34'),(316,'Quadra','Aclimao',2,'10','Recife;PE','XX','716035','2024-09-17 17:26:34'),(317,'Lote','Laranjeiras',15,'9','Campo Grande;MS','XX','705302','2024-09-17 17:26:34'),(318,'Rua','Lapa',42,'5','Fortaleza;CE','XX','730501','2024-09-17 17:26:34'),(319,'Rua','Glria',50,'1','Braganca Paulista;SP','XX','704012','2024-09-17 17:26:34'),(320,'Quadra','Pinheiros',60,'7','Sao Luis;MA','XX','705541','2024-09-17 17:26:34'),(321,'Rua','Vila Ema',68,'S N','Sao Luis;MA','XX','728024','2024-09-17 17:26:34'),(322,'Lote','Repblica',55,'5','Brasilia;DF','XX','772145','2024-09-17 17:26:34'),(323,'Apartamento','Capo Redondo',55,'S N','Lagoa Santa;MG','XX','795270','2024-09-17 17:26:34'),(324,'Condominio','Copacabana',53,'1','Linhares;ES','XX','780596','2024-09-17 17:26:34'),(325,'Condominio','Bixiga',96,'S N','Dourados;MS','XX','788605','2024-09-17 17:26:34'),(326,'Rua','Vila Madalena',56,'2','Recife;PE','XX','772797','2024-09-17 17:26:34'),(327,'Condominio','Perdizes',74,'4','Vilhena;RO','XX','707778','2024-09-17 17:26:34'),(328,'Quadra','Higienpolis',33,'S N','Rio de Janeiro;RJ','XX','732264','2024-09-17 17:26:34'),(329,'Apartamento','Consolao',14,'Rua','Caruaru;PE','XX','731825','2024-09-17 17:26:34'),(330,'Apartamento','So Conrado',27,'8','Curitiba;PR','XX','740553','2024-09-17 17:26:34'),(331,'Apartamento','Pinheiros',44,'2','Teresina;PI','XX','757812','2024-09-17 17:26:34'),(332,'Quadra','Jardim Paulista',90,'6','Vilhena;RO','XX','727998','2024-09-17 17:26:34'),(333,'Quadra','Aclimao',5,'Rua','Vitoria;ES','XX','729479','2024-09-17 17:26:34'),(334,'Quadra','Vila Ema',30,'S N','Boa Vista;RR','XX','750502','2024-09-17 17:26:34'),(335,'Quadra','Santa Ceclia',99,'7','Ponta Grossa;PR','XX','720986','2024-09-17 17:26:34'),(336,'Lote','Jardim ngela.',99,'1','Sobral;CE','XX','724003','2024-09-17 17:26:34'),(337,'Lote','Pacaembu',37,'2','Maraba;PA','XX','771646','2024-09-17 17:26:34'),(338,'Apartamento','Perdizes',27,'7','Nova Iguacu;RJ','XX','731772','2024-09-17 17:26:34'),(339,'Rua','Cambuci',62,'8','Santa Maria;RS','XX','718262','2024-09-17 17:26:34'),(340,'Lote','Higienpolis',55,'8','Rio Branco;AC','XX','735549','2024-09-17 17:26:34'),(341,'Condominio','Santana',68,'10','Cuiaba;MT','XX','747940','2024-09-17 17:26:34'),(342,'Lote','Parque do Carmo',63,'3','Sao Goncalo;RJ','XX','749833','2024-09-17 17:26:34'),(343,'Rua','Botafogo',77,'7','Itapipoca;CE','XX','759215','2024-09-17 17:26:34'),(344,'Lote','Jardim ngela.',6,'4','Montes Claros;MG','XX','796035','2024-09-17 17:26:34'),(345,'Rua','Botafogo',70,'10','Boa Vista;RR','XX','737642','2024-09-17 17:26:34'),(346,'Apartamento','Botafogo',55,'4','Braganca Paulista;SP','XX','794076','2024-09-17 17:26:34'),(347,'Condominio','Laranjeiras',27,'3','Sao Luis;MA','XX','702460','2024-09-17 17:26:34'),(348,'Condominio','Ipanema',95,'5','Juazeiro do Norte;CE','XX','758215','2024-09-17 17:26:34'),(349,'Lote','Vila Olmpia',61,'Rua','Boa Vista;RR','XX','764378','2024-09-17 17:26:34'),(350,'Condominio','Cambuci',21,'2','Barreiras;BA','XX','774466','2024-09-17 17:26:34'),(351,'Quadra','Lapa',61,'8','Eirunepe;AM','XX','767370','2024-09-17 17:26:34'),(352,'Rua','Centro',16,'5','Nova Iguacu;RJ','XX','768308','2024-09-17 17:26:34'),(353,'Quadra','Santa Ceclia',36,'Rua','Rio Branco;AC','XX','765322','2024-09-17 17:26:34'),(354,'Lote','Vila Mariana',53,'10','Linhares;ES','XX','795464','2024-09-17 17:26:34'),(355,'Rua','Parque do Carmo',65,'2','Aracaju;SE','XX','710418','2024-09-17 17:26:34'),(356,'Rua','Glria',76,'10','Sao Luis;MA','XX','784212','2024-09-17 17:26:34'),(357,'Condominio','Santa Teresa',54,'S N','Brasilia;DF','XX','726574','2024-09-17 17:26:34'),(358,'Condominio','Lagoa',18,'Rua','Vitoria;ES','XX','711874','2024-09-17 17:26:34'),(359,'Condominio','Leblon',26,'1','Vitoria;ES','XX','708489','2024-09-17 17:26:34'),(360,'Quadra','Cambuci',15,'Rua','Natal;RN','XX','754680','2024-09-17 17:26:34'),(361,'Rua','Catete',89,'5','Caruaru;PE','XX','779360','2024-09-17 17:26:34'),(362,'Rua','Pacaembu',69,'6','Palmas;TO','XX','737593','2024-09-17 17:26:34'),(363,'Condominio','Lagoa',68,'Rua','Barreiras;BA','XX','727519','2024-09-17 17:26:34'),(364,'Lote','Parque do Carmo',49,'6','Juazeiro do Norte;CE','XX','738696','2024-09-17 17:26:34'),(365,'Condominio','Jardins',77,'7','Florianopolis;SC','XX','763789','2024-09-17 17:26:34'),(366,'Apartamento','Jardim ngela.',71,'2','Caruaru;PE','XX','736207','2024-09-17 17:26:34'),(367,'Lote','Jardim Paulista',97,'3','Palmas;TO','XX','753575','2024-09-17 17:26:34'),(368,'Apartamento','Leblon',99,'Rua','Palmas;TO','XX','779045','2024-09-17 17:26:34'),(369,'Rua','Santana',76,'9','Ponta Grossa;PR','XX','778609','2024-09-17 17:26:34'),(370,'Lote','Flamengo',62,'Rua','Caruaru;PE','XX','701063','2024-09-17 17:26:34'),(371,'Quadra','Botafogo',52,'S N','Belo Horizonte;MG','XX','733476','2024-09-17 17:26:34'),(372,'Quadra','Rio Comprido',83,'5','Sao Goncalo;RJ','XX','713852','2024-09-17 17:26:34'),(373,'Quadra','Bixiga',74,'S N','Uberlandia;MG','XX','731518','2024-09-17 17:26:34'),(374,'Lote','Vila Andrade',38,'8','Vilhena;RO','XX','783762','2024-09-17 17:26:34'),(375,'Condominio','Vila Ema',79,'1','Itapipoca;CE','XX','798010','2024-09-17 17:26:34'),(376,'Lote','Laranjeiras',57,'3','Salvador;BA','XX','766259','2024-09-17 17:26:34'),(377,'Rua','Centro',97,'9','Porto Velho;RO','XX','783511','2024-09-17 17:26:34'),(378,'Condominio','Santa Teresa',30,'S N','Curitiba;PR','XX','728194','2024-09-17 17:26:34'),(379,'Condominio','Flamengo',75,'7','Nova Iguacu;RJ','XX','774763','2024-09-17 17:26:34'),(380,'Rua','Barra Funda',83,'10','Recife;PE','XX','788307','2024-09-17 17:26:34'),(381,'Lote','Aclimao',53,'10','Manaus;AM','XX','720417','2024-09-17 17:26:34'),(382,'Lote','Santa Teresa',13,'2','Lagoa Santa;MG','XX','718019','2024-09-17 17:26:34'),(383,'Quadra','Bixiga',79,'S N','Palmas;TO','XX','760118','2024-09-17 17:26:34'),(384,'Rua','Capo Redondo',34,'5','Lagoa Santa;MG','XX','717179','2024-09-17 17:26:34'),(385,'Lote','So Conrado',59,'S N','Rio Branco;AC','XX','779690','2024-09-17 17:26:34'),(386,'Rua','Santa Ceclia',94,'Rua','Juazeiro do Norte;CE','XX','764072','2024-09-17 17:26:34'),(387,'Condominio','Repblica',100,'10','Santarem;PA','XX','759106','2024-09-17 17:26:34'),(388,'Quadra','Pinheiros',4,'2','Palmas;TO','XX','731579','2024-09-17 17:26:34'),(389,'Condominio','Jardins',61,'4','Juazeiro do Norte;CE','XX','739479','2024-09-17 17:26:34'),(390,'Apartamento','Barra Funda',8,'10','Barreiras;BA','XX','757817','2024-09-17 17:26:34'),(391,'Apartamento','Lapa',62,'5','Salvador;BA','XX','789242','2024-09-17 17:26:34'),(392,'Apartamento','Bixiga',2,'10','Linhares;ES','XX','711323','2024-09-17 17:26:34'),(393,'Apartamento','Santa Teresa',46,'Rua','Eirunepe;AM','XX','777894','2024-09-17 17:26:34'),(394,'Condominio','Consolao',93,'9','Manaus;AM','XX','717460','2024-09-17 17:26:34'),(395,'Apartamento','Botafogo',3,'5','Caruaru;PE','XX','733363','2024-09-17 17:26:34'),(396,'Rua','Higienpolis',78,'7','Lagoa Santa;MG','XX','739904','2024-09-17 17:26:34'),(397,'Condominio','Pacaembu',60,'10','Caruaru;PE','XX','774284','2024-09-17 17:26:34'),(398,'Apartamento','Laranjeiras',78,'1','Barreiras;BA','XX','706322','2024-09-17 17:26:34'),(399,'Rua','Barra da Tijuca',13,'2','Belo Horizonte;MG','XX','738031','2024-09-17 17:26:34'),(400,'Rua','Vila Mariana',13,'8','Braganca Paulista;SP','XX','721958','2024-09-17 17:26:34'),(401,'Quadra','Consolao',1,'6','Maceio;AL','XX','765937','2024-09-17 17:26:34'),(402,'Quadra','Capo Redondo',17,'6','Manaus;AM','XX','774575','2024-09-17 17:26:34'),(403,'Apartamento','Pacaembu',33,'8','Montes Claros;MG','XX','713534','2024-09-17 17:26:34'),(404,'Apartamento','Cambuci',28,'Rua','Manaus;AM','XX','719831','2024-09-17 17:26:34'),(405,'Rua','Glria',88,'Rua','Caruaru;PE','XX','711314','2024-09-17 17:26:34'),(406,'Quadra','Pacaembu',9,'9','Salvador;BA','XX','743586','2024-09-17 17:26:34'),(407,'Rua','Barra da Tijuca',97,'10','Barreiras;BA','XX','769889','2024-09-17 17:26:34'),(408,'Rua','Botafogo',87,'10','Manaus;AM','XX','789669','2024-09-17 17:26:34'),(409,'Rua','Leblon',46,'2','Belem;PA','XX','777614','2024-09-17 17:26:34'),(410,'Lote','Jardins',78,'9','Vitoria;ES','XX','799301','2024-09-17 17:26:34'),(411,'Quadra','Barra Funda',32,'Rua','Porto Alegre;RS','XX','722141','2024-09-17 17:26:34'),(412,'Quadra','Vila Olmpia',18,'7','Cuiaba;MT','XX','720694','2024-09-17 17:26:34'),(413,'Rua','Itaim Bibi',42,'2','Curitiba;PR','XX','768949','2024-09-17 17:26:34'),(414,'Apartamento','Vila Ema',11,'9','Teresina;PI','XX','749501','2024-09-17 17:26:34'),(415,'Condominio','Consolao',84,'7','Barreiras;BA','XX','731360','2024-09-17 17:26:34'),(416,'Quadra','Santa Ceclia',70,'S N','Acu;RN','XX','795469','2024-09-17 17:26:34'),(417,'Lote','Copacabana',94,'10','Sao Luis;MA','XX','768893','2024-09-17 17:26:34'),(418,'Lote','Lapa',96,'9','Braganca Paulista;SP','XX','763463','2024-09-17 17:26:34'),(419,'Quadra','Santa Teresa',97,'5','Eirunepe;AM','XX','770368','2024-09-17 17:26:34'),(420,'Lote','Itaim Bibi',63,'5','Belem;PA','XX','789691','2024-09-17 17:26:34'),(421,'Apartamento','Higienpolis',50,'2','Barreiras;BA','XX','706676','2024-09-17 17:26:34'),(422,'Condominio','Jardim ngela.',39,'5','Natal;RN','XX','799118','2024-09-17 17:26:34'),(423,'Lote','Santa Ceclia',20,'6','Natal;RN','XX','725013','2024-09-17 17:26:34'),(424,'Rua','Rio Comprido',51,'1','Manaus;AM','XX','776529','2024-09-17 17:26:34'),(425,'Condominio','Cambuci',81,'S N','Natal;RN','XX','787517','2024-09-17 17:26:34'),(426,'Rua','Itaim Bibi',23,'3','Sao Luis;MA','XX','725608','2024-09-17 17:26:34'),(427,'Lote','Jardins',39,'S N','Florianopolis;SC','XX','700888','2024-09-17 17:26:34'),(428,'Lote','Leblon',89,'9','Brasilia;DF','XX','715174','2024-09-17 17:26:34'),(429,'Condominio','Ipanema',58,'3','Santarem;PA','XX','737099','2024-09-17 17:26:34'),(430,'Rua','Aclimao',36,'9','Florianopolis;SC','XX','703738','2024-09-17 17:26:34'),(431,'Condominio','Pacaembu',79,'2','Eirunepe;AM','XX','775980','2024-09-17 17:26:34'),(432,'Rua','Pinheiros',15,'9','Braganca Paulista;SP','XX','763270','2024-09-17 17:26:34'),(433,'Lote','Copacabana',7,'7','Braganca Paulista;SP','XX','770879','2024-09-17 17:26:34'),(434,'Rua','So Conrado',98,'10','Brasilia;DF','XX','735357','2024-09-17 17:26:34'),(435,'Lote','Vila Mariana',33,'S N','Dourados;MS','XX','791173','2024-09-17 17:26:34'),(436,'Lote','Santa Teresa',71,'7','Linhares;ES','XX','729971','2024-09-17 17:26:34'),(437,'Quadra','Bixiga',45,'9','Belem;PA','XX','763751','2024-09-17 17:26:34'),(438,'Quadra','Leblon',65,'2','Sao Paulo;SP','XX','751745','2024-09-17 17:26:34'),(439,'Condominio','Vila Andrade',30,'4','Cuiaba;MT','XX','735230','2024-09-17 17:26:34'),(440,'Condominio','Flamengo',71,'S N','Recife;PE','XX','793653','2024-09-17 17:26:34'),(441,'Lote','Liberdade',55,'8','Acu;RN','XX','770240','2024-09-17 17:26:34'),(442,'Lote','Aclimao',76,'Rua','Brasilia;DF','XX','761043','2024-09-17 17:26:34'),(443,'Condominio','Tatuap',8,'10','Sobral;CE','XX','728707','2024-09-17 17:26:34'),(444,'Condominio','Pinheiros',12,'Rua','Salvador;BA','XX','724340','2024-09-17 17:26:34'),(445,'Rua','Leblon',45,'1','Joao Pessoa;PB','XX','735616','2024-09-17 17:26:34'),(446,'Apartamento','Catete',80,'1','Eirunepe;AM','XX','710256','2024-09-17 17:26:34'),(447,'Condominio','Liberdade',17,'6','Sobral;CE','XX','780035','2024-09-17 17:26:34'),(448,'Rua','Leblon',18,'S N','Curitiba;PR','XX','789307','2024-09-17 17:26:34'),(449,'Quadra','Santa Ceclia',67,'Rua','Aracaju;SE','XX','738763','2024-09-17 17:26:34'),(450,'Quadra','Flamengo',74,'9','Porto Velho;RO','XX','763819','2024-09-17 17:26:34'),(451,'Rua','Consolao',74,'S N','Porto Alegre;RS','XX','751973','2024-09-17 17:26:34'),(452,'Apartamento','Moema',45,'6','Goiania;GO','XX','706896','2024-09-17 17:26:34'),(453,'Condominio','Rio Comprido',100,'5','Salvador;BA','XX','720145','2024-09-17 17:26:34'),(454,'Condominio','Consolao',86,'1','Santa Maria;RS','XX','761712','2024-09-17 17:26:34'),(455,'Lote','Vila Prudente',54,'9','Cuiaba;MT','XX','785135','2024-09-17 17:26:34'),(456,'Apartamento','Santa Teresa',19,'9','Brasilia;DF','XX','739138','2024-09-17 17:26:34'),(457,'Condominio','Barra Funda',20,'2','Brasilia;DF','XX','744250','2024-09-17 17:26:34'),(458,'Condominio','Vila Andrade',54,'9','Sao Luis;MA','XX','742559','2024-09-17 17:26:34'),(459,'Quadra','Barra Funda',78,'6','Natal;RN','XX','703626','2024-09-17 17:26:34'),(460,'Apartamento','Vila Prudente',71,'S N','Recife;PE','XX','774761','2024-09-17 17:26:34'),(461,'Lote','Parque do Carmo',92,'9','Olinda;PE','XX','798301','2024-09-17 17:26:35'),(462,'Apartamento','Parque do Carmo',48,'Rua','Nova Iguacu;RJ','XX','788805','2024-09-17 17:26:35'),(463,'Lote','Vila Prudente',91,'2','Sao Goncalo;RJ','XX','731657','2024-09-17 17:26:35'),(464,'Condominio','Laranjeiras',56,'10','Montes Claros;MG','XX','758435','2024-09-17 17:26:35'),(465,'Quadra','Higienpolis',49,'7','Santarem;PA','XX','792908','2024-09-17 17:26:35'),(466,'Condominio','Santana',78,'S N','Aracaju;SE','XX','795407','2024-09-17 17:26:35'),(467,'Apartamento','Pacaembu',75,'5','Uberlandia;MG','XX','762254','2024-09-17 17:26:35'),(468,'Apartamento','Lapa',66,'8','Itapipoca;CE','XX','714677','2024-09-17 17:26:35'),(469,'Condominio','Perdizes',41,'Rua','Maceio;AL','XX','788669','2024-09-17 17:26:35'),(470,'Lote','Lagoa',53,'1','Florianopolis;SC','XX','772597','2024-09-17 17:26:35'),(471,'Quadra','Barra Funda',70,'5','Juazeiro do Norte;CE','XX','726403','2024-09-17 17:26:35'),(472,'Lote','Repblica',9,'2','Maraba;PA','XX','754807','2024-09-17 17:26:35'),(473,'Lote','Rio Comprido',16,'S N','Juazeiro do Norte;CE','XX','742508','2024-09-17 17:26:35'),(474,'Apartamento','Barra Funda',28,'8','Braganca Paulista;SP','XX','747145','2024-09-17 17:26:35'),(475,'Condominio','Vila Prudente',89,'8','Teresina;PI','XX','752201','2024-09-17 17:26:35'),(476,'Lote','Barra da Tijuca',13,'7','Sobral;CE','XX','715643','2024-09-17 17:26:35'),(477,'Apartamento','Santa Ceclia',8,'5','Juazeiro do Norte;CE','XX','796459','2024-09-17 17:26:35'),(478,'Apartamento','Jardins',82,'S N','Boa Vista;RR','XX','795578','2024-09-17 17:26:35'),(479,'Condominio','Ipanema',55,'6','Teresina;PI','XX','739357','2024-09-17 17:26:35'),(480,'Rua','Botafogo',4,'6','Quixada;CE','XX','743794','2024-09-17 17:26:35'),(481,'Apartamento','Aclimao',27,'8','Aracaju;SE','XX','779024','2024-09-17 17:26:35'),(482,'Apartamento','Liberdade',55,'S N','Belo Horizonte;MG','XX','796141','2024-09-17 17:26:35'),(483,'Apartamento','Copacabana',70,'10','Juazeiro do Norte;CE','XX','792851','2024-09-17 17:26:35'),(484,'Lote','Pinheiros',94,'S N','Natal;RN','XX','704835','2024-09-17 17:26:35'),(485,'Condominio','Santa Ceclia',92,'9','Natal;RN','XX','775106','2024-09-17 17:26:35'),(486,'Lote','Higienpolis',65,'3','Santarem;PA','XX','736987','2024-09-17 17:26:35'),(487,'Rua','Catete',33,'6','Lagoa Santa;MG','XX','713637','2024-09-17 17:26:35'),(488,'Lote','Lagoa',69,'6','Sao Goncalo;RJ','XX','738691','2024-09-17 17:26:35'),(489,'Rua','Santa Teresa',5,'S N','Acu;RN','XX','711166','2024-09-17 17:26:35'),(490,'Rua','Cambuci',31,'S N','Florianopolis;SC','XX','799091','2024-09-17 17:26:35'),(491,'Rua','Botafogo',41,'8','Natal;RN','XX','705685','2024-09-17 17:26:35'),(492,'Apartamento','Jardim ngela.',1,'4','Uberlandia;MG','XX','777304','2024-09-17 17:26:35'),(493,'Rua','Jardim Paulista',32,'5','Joao Pessoa;PB','XX','735990','2024-09-17 17:26:35'),(494,'Rua','Vila Madalena',100,'1','Caruaru;PE','XX','730447','2024-09-17 17:26:35'),(495,'Lote','Glria',83,'6','Rio Branco;AC','XX','756017','2024-09-17 17:26:35'),(496,'Condominio','Jardim Paulista',42,'4','Teresina;PI','XX','700330','2024-09-17 17:26:35'),(497,'Apartamento','Cambuci',2,'1','Sao Paulo;SP','XX','707456','2024-09-17 17:26:35'),(498,'Quadra','So Conrado',88,'10','Teresina;PI','XX','728397','2024-09-17 17:26:35'),(499,'Apartamento','Tatuap',27,'S N','Braganca Paulista;SP','XX','762163','2024-09-17 17:26:35'),(500,'Condominio','So Conrado',3,'7','Uberlandia;MG','XX','782836','2024-09-17 17:26:35'),(501,'Rua','Vila Mariana',64,'8','Rio de Janeiro;RJ','XX','768883','2024-09-17 17:26:35'),(502,'Apartamento','Jardim Paulista',87,'2','Natal;RN','XX','796622','2024-09-17 17:26:35'),(503,'Quadra','Vila Olmpia',41,'9','Olinda;PE','XX','729987','2024-09-17 17:26:35'),(504,'Condominio','Liberdade',56,'5','Natal;RN','XX','739435','2024-09-17 17:26:35'),(505,'Rua','Rio Comprido',91,'6','Boa Vista;RR','XX','771623','2024-09-17 17:26:35'),(506,'Condominio','Tatuap',9,'8','Eirunepe;AM','XX','739869','2024-09-17 17:26:35'),(507,'Lote','Cambuci',42,'2','Juazeiro do Norte;CE','XX','744052','2024-09-17 17:26:35'),(508,'Rua','Barra Funda',90,'5','Acu;RN','XX','710558','2024-09-17 17:26:35'),(509,'Condominio','Itaim Bibi',35,'6','Vilhena;RO','XX','797408','2024-09-17 17:26:35'),(510,'Condominio','Cambuci',98,'7','Brasilia;DF','XX','734386','2024-09-17 17:26:35'),(511,'Apartamento','Vila Prudente',1,'7','Sao Paulo;SP','XX','734825','2024-09-17 17:26:35'),(512,'Lote','Liberdade',16,'8','Rio de Janeiro;RJ','XX','727031','2024-09-17 17:26:35'),(513,'Quadra','Jardins',93,'Rua','Manaus;AM','XX','747615','2024-09-17 17:26:35'),(514,'Rua','Lapa',84,'1','Campo Grande;MS','XX','712287','2024-09-17 17:26:35'),(515,'Lote','Rio Comprido',30,'Rua','Teresina;PI','XX','746219','2024-09-17 17:26:35'),(516,'Apartamento','Ipanema',59,'1','Sao Paulo;SP','XX','719521','2024-09-17 17:26:35'),(517,'Condominio','Leblon',4,'9','Fortaleza;CE','XX','750264','2024-09-17 17:26:35'),(518,'Quadra','Cambuci',4,'5','Nova Iguacu;RJ','XX','723233','2024-09-17 17:26:35'),(519,'Quadra','Centro',18,'Rua','Fortaleza;CE','XX','774240','2024-09-17 17:26:35'),(520,'Lote','Jardim Paulista',79,'5','Recife;PE','XX','774781','2024-09-17 17:26:35'),(521,'Rua','Consolao',14,'Rua','Fortaleza;CE','XX','710513','2024-09-17 17:26:35'),(522,'Quadra','So Conrado',72,'10','Porto Alegre;RS','XX','790928','2024-09-17 17:26:35'),(523,'Rua','Repblica',8,'4','Teresina;PI','XX','755460','2024-09-17 17:26:35'),(524,'Lote','Jardim Paulista',1,'1','Cuiaba;MT','XX','749474','2024-09-17 17:26:35'),(525,'Lote','Cambuci',34,'5','Vilhena;RO','XX','743428','2024-09-17 17:26:35'),(526,'Quadra','Santa Ceclia',34,'10','Lagoa Santa;MG','XX','717815','2024-09-17 17:26:35'),(527,'Quadra','Repblica',26,'10','Manaus;AM','XX','717082','2024-09-17 17:26:35'),(528,'Condominio','Parque do Carmo',97,'8','Recife;PE','XX','769342','2024-09-17 17:26:35'),(529,'Rua','Perdizes',1,'5','Ponta Grossa;PR','XX','791999','2024-09-17 17:26:35'),(530,'Rua','Parque do Carmo',66,'10','Sao Goncalo;RJ','XX','729488','2024-09-17 17:26:35'),(531,'Rua','Lagoa',63,'3','Linhares;ES','XX','777131','2024-09-17 17:26:35'),(532,'Lote','Jardins',44,'3','Olinda;PE','XX','748561','2024-09-17 17:26:35'),(533,'Rua','Pinheiros',71,'9','Vilhena;RO','XX','731171','2024-09-17 17:26:35'),(534,'Apartamento','Higienpolis',69,'6','Vilhena;RO','XX','727135','2024-09-17 17:26:35'),(535,'Lote','Rio Comprido',49,'6','Rio de Janeiro;RJ','XX','726574','2024-09-17 17:26:35'),(536,'Apartamento','Santa Ceclia',85,'1','Aracaju;SE','XX','755854','2024-09-17 17:26:35'),(537,'Lote','Vila Olmpia',72,'7','Sao Paulo;SP','XX','718000','2024-09-17 17:26:35'),(538,'Lote','Rio Comprido',30,'8','Porto Alegre;RS','XX','742747','2024-09-17 17:26:35'),(539,'Apartamento','Ipanema',46,'8','Belem;PA','XX','763618','2024-09-17 17:26:35'),(540,'Quadra','Pinheiros',8,'8','Maraba;PA','XX','714949','2024-09-17 17:26:35'),(541,'Lote','Laranjeiras',39,'5','Recife;PE','XX','793257','2024-09-17 17:26:35'),(542,'Rua','Bixiga',82,'10','Caruaru;PE','XX','775192','2024-09-17 17:26:35'),(543,'Quadra','Pinheiros',76,'6','Salvador;BA','XX','778475','2024-09-17 17:26:35'),(544,'Rua','Vila Olmpia',96,'7','Salvador;BA','XX','741436','2024-09-17 17:26:35'),(545,'Condominio','Vila Mariana',77,'8','Natal;RN','XX','758035','2024-09-17 17:26:35'),(546,'Quadra','Vila Andrade',80,'8','Recife;PE','XX','735431','2024-09-17 17:26:35'),(547,'Rua','Vila Mariana',58,'8','Juazeiro do Norte;CE','XX','756687','2024-09-17 17:26:35'),(548,'Lote','Vila Madalena',42,'S N','Campo Grande;MS','XX','713059','2024-09-17 17:26:35'),(549,'Quadra','Consolao',59,'4','Santa Maria;RS','XX','711307','2024-09-17 17:26:35'),(550,'Apartamento','Consolao',64,'1','Santarem;PA','XX','781317','2024-09-17 17:26:35'),(551,'Condominio','Rio Comprido',36,'10','Itapipoca;CE','XX','759169','2024-09-17 17:26:35'),(552,'Apartamento','Parque do Carmo',24,'3','Salvador;BA','XX','726188','2024-09-17 17:26:35'),(553,'Rua','Centro',55,'7','Palmas;TO','XX','724556','2024-09-17 17:26:35'),(554,'Lote','Botafogo',9,'3','Porto Velho;RO','XX','767209','2024-09-17 17:26:35'),(555,'Rua','Vila Prudente',38,'1','Teresina;PI','XX','771287','2024-09-17 17:26:35'),(556,'Apartamento','Consolao',48,'Rua','Aracaju;SE','XX','780582','2024-09-17 17:26:35'),(557,'Rua','Moema',35,'2','Cuiaba;MT','XX','740904','2024-09-17 17:26:35'),(558,'Apartamento','Centro',43,'1','Montes Claros;MG','XX','720618','2024-09-17 17:26:35'),(559,'Quadra','Lagoa',28,'4','Curitiba;PR','XX','736359','2024-09-17 17:26:35'),(560,'Apartamento','Botafogo',12,'6','Quixada;CE','XX','711200','2024-09-17 17:26:35'),(561,'Rua','Aclimao',83,'5','Sao Luis;MA','XX','739703','2024-09-17 17:26:35'),(562,'Lote','Flamengo',58,'9','Curitiba;PR','XX','749767','2024-09-17 17:26:35'),(563,'Quadra','Itaim Bibi',40,'5','Vilhena;RO','XX','717064','2024-09-17 17:26:35'),(564,'Apartamento','Jardins',31,'Rua','Rio de Janeiro;RJ','XX','735239','2024-09-17 17:26:35'),(565,'Apartamento','Leblon',35,'3','Aparecida de Goiania;GO','XX','737037','2024-09-17 17:26:35'),(566,'Lote','Flamengo',3,'7','Santa Maria;RS','XX','722544','2024-09-17 17:26:35'),(567,'Apartamento','Bixiga',40,'7','Boa Vista;RR','XX','730131','2024-09-17 17:26:35'),(568,'Lote','Botafogo',33,'6','Cuiaba;MT','XX','748364','2024-09-17 17:26:35'),(569,'Lote','Aclimao',30,'1','Porto Velho;RO','XX','720485','2024-09-17 17:26:35'),(570,'Rua','Jardim Paulista',37,'2','Uberlandia;MG','XX','754896','2024-09-17 17:26:35'),(571,'Quadra','Pinheiros',47,'Rua','Manaus;AM','XX','726822','2024-09-17 17:26:35'),(572,'Apartamento','Laranjeiras',15,'3','Juazeiro do Norte;CE','XX','769763','2024-09-17 17:26:35'),(573,'Lote','Lagoa',93,'7','Ponta Grossa;PR','XX','721691','2024-09-17 17:26:35'),(574,'Apartamento','Consolao',81,'5','Palmas;TO','XX','775125','2024-09-17 17:26:35'),(575,'Apartamento','Glria',57,'S N','Joao Pessoa;PB','XX','708808','2024-09-17 17:26:35'),(576,'Apartamento','Liberdade',28,'8','Rio de Janeiro;RJ','XX','705841','2024-09-17 17:26:35'),(577,'Lote','Barra da Tijuca',10,'4','Goiania;GO','XX','707313','2024-09-17 17:26:35'),(578,'Rua','Botafogo',40,'Rua','Cuiaba;MT','XX','762714','2024-09-17 17:26:35'),(579,'Lote','Barra da Tijuca',61,'5','Eirunepe;AM','XX','754071','2024-09-17 17:26:35'),(580,'Lote','Jardim Paulista',16,'3','Curitiba;PR','XX','781857','2024-09-17 17:26:35'),(581,'Quadra','Tatuap',83,'4','Curitiba;PR','XX','753878','2024-09-17 17:26:35'),(582,'Lote','Ipanema',57,'8','Belo Horizonte;MG','XX','782651','2024-09-17 17:26:35'),(583,'Lote','Cambuci',89,'4','Joao Pessoa;PB','XX','785410','2024-09-17 17:26:35'),(584,'Rua','Higienpolis',3,'1','Maraba;PA','XX','719657','2024-09-17 17:26:35'),(585,'Lote','Itaim Bibi',31,'7','Lagoa Santa;MG','XX','798701','2024-09-17 17:26:35'),(586,'Lote','Tatuap',68,'10','Natal;RN','XX','789147','2024-09-17 17:26:35'),(587,'Apartamento','Lapa',82,'1','Belem;PA','XX','773422','2024-09-17 17:26:35'),(588,'Rua','Cambuci',76,'10','Montes Claros;MG','XX','721166','2024-09-17 17:26:35'),(589,'Condominio','Repblica',67,'6','Manaus;AM','XX','759110','2024-09-17 17:26:35'),(590,'Apartamento','Vila Madalena',87,'7','Santarem;PA','XX','720377','2024-09-17 17:26:35'),(591,'Lote','Higienpolis',5,'2','Sao Paulo;SP','XX','732163','2024-09-17 17:26:35'),(592,'Quadra','Centro',31,'2','Sobral;CE','XX','714714','2024-09-17 17:26:35'),(593,'Condominio','Lagoa',51,'1','Joao Pessoa;PB','XX','731608','2024-09-17 17:26:35'),(594,'Apartamento','Barra Funda',96,'S N','Cuiaba;MT','XX','760234','2024-09-17 17:26:35'),(595,'Rua','Liberdade',43,'6','Palmas;TO','XX','761483','2024-09-17 17:26:35'),(596,'Apartamento','Perdizes',60,'2','Itapipoca;CE','XX','715394','2024-09-17 17:26:35'),(597,'Quadra','Lapa',38,'2','Dourados;MS','XX','707899','2024-09-17 17:26:35'),(598,'Rua','Laranjeiras',55,'10','Goiania;GO','XX','748106','2024-09-17 17:26:35'),(599,'Lote','Capo Redondo',94,'Rua','Lagoa Santa;MG','XX','747500','2024-09-17 17:26:35'),(600,'Quadra','Jardim ngela.',39,'S N','Fortaleza;CE','XX','705478','2024-09-17 17:26:35'),(601,'Lote','Parque do Carmo',7,'Rua','Recife;PE','XX','737445','2024-09-17 17:26:35'),(602,'Apartamento','Consolao',64,'9','Montes Claros;MG','XX','771957','2024-09-17 17:26:35'),(603,'Apartamento','Capo Redondo',65,'2','Belo Horizonte;MG','XX','757549','2024-09-17 17:26:35'),(604,'Apartamento','Santa Teresa',30,'S N','Palmas;TO','XX','713834','2024-09-17 17:26:35'),(605,'Rua','Higienpolis',73,'2','Nova Iguacu;RJ','XX','798430','2024-09-17 17:26:35'),(606,'Rua','Botafogo',34,'8','Caruaru;PE','XX','727227','2024-09-17 17:26:35'),(607,'Rua','Vila Prudente',53,'2','Joao Pessoa;PB','XX','790991','2024-09-17 17:26:35'),(608,'Condominio','Consolao',80,'S N','Sao Luis;MA','XX','771354','2024-09-17 17:26:35'),(609,'Rua','Santana',12,'7','Sao Goncalo;RJ','XX','762485','2024-09-17 17:26:35'),(610,'Apartamento','Jardins',81,'Rua','Manaus;AM','XX','720227','2024-09-17 17:26:35'),(611,'Apartamento','Perdizes',96,'2','Maceio;AL','XX','791435','2024-09-17 17:26:35'),(612,'Apartamento','Catete',86,'5','Fortaleza;CE','XX','744340','2024-09-17 17:26:35'),(613,'Rua','Vila Ema',73,'S N','Caruaru;PE','XX','759714','2024-09-17 17:26:35'),(614,'Condominio','Santa Ceclia',48,'7','Goiania;GO','XX','790391','2024-09-17 17:26:35'),(615,'Lote','Flamengo',32,'4','Sobral;CE','XX','774106','2024-09-17 17:26:35'),(616,'Rua','Laranjeiras',26,'1','Caruaru;PE','XX','723835','2024-09-17 17:26:35'),(617,'Lote','Cambuci',74,'Rua','Vitoria;ES','XX','712649','2024-09-17 17:26:35'),(618,'Rua','Cambuci',61,'Rua','Belem;PA','XX','788391','2024-09-17 17:26:35'),(619,'Apartamento','Flamengo',3,'4','Rio Branco;AC','XX','752977','2024-09-17 17:26:35'),(620,'Quadra','Higienpolis',100,'1','Fortaleza;CE','XX','701637','2024-09-17 17:26:35'),(621,'Lote','Centro',3,'8','Rio Branco;AC','XX','710278','2024-09-17 17:26:35'),(622,'Rua','Parque do Carmo',33,'S N','Aparecida de Goiania;GO','XX','770365','2024-09-17 17:26:35'),(623,'Apartamento','Santa Ceclia',61,'5','Lagoa Santa;MG','XX','704526','2024-09-17 17:26:35'),(624,'Rua','Santa Teresa',5,'S N','Fortaleza;CE','XX','764132','2024-09-17 17:26:35'),(625,'Lote','Botafogo',75,'5','Nova Iguacu;RJ','XX','707170','2024-09-17 17:26:35'),(626,'Rua','Consolao',96,'8','Rio de Janeiro;RJ','XX','746287','2024-09-17 17:26:35'),(627,'Quadra','Tatuap',12,'3','Nova Iguacu;RJ','XX','765508','2024-09-17 17:26:35'),(628,'Apartamento','Vila Prudente',52,'5','Aparecida de Goiania;GO','XX','701946','2024-09-17 17:26:35'),(629,'Lote','Vila Ema',49,'8','Sobral;CE','XX','725456','2024-09-17 17:26:35'),(630,'Apartamento','Barra da Tijuca',32,'10','Itapipoca;CE','XX','754285','2024-09-17 17:26:35'),(631,'Rua','Jardins',48,'S N','Sobral;CE','XX','743497','2024-09-17 17:26:35'),(632,'Rua','Repblica',17,'10','Olinda;PE','XX','799082','2024-09-17 17:26:35'),(633,'Condominio','Consolao',46,'1','Manaus;AM','XX','739736','2024-09-17 17:26:35'),(634,'Rua','Aclimao',46,'8','Sobral;CE','XX','765963','2024-09-17 17:26:35'),(635,'Apartamento','Vila Olmpia',29,'1','Maraba;PA','XX','753139','2024-09-17 17:26:35'),(636,'Apartamento','Vila Andrade',7,'7','Linhares;ES','XX','756727','2024-09-17 17:26:35'),(637,'Lote','Consolao',54,'4','Nova Iguacu;RJ','XX','780257','2024-09-17 17:26:35'),(638,'Apartamento','Botafogo',10,'Rua','Barreiras;BA','XX','794750','2024-09-17 17:26:35'),(639,'Quadra','Perdizes',13,'2','Quixada;CE','XX','735871','2024-09-17 17:26:35'),(640,'Condominio','So Conrado',13,'6','Fortaleza;CE','XX','775912','2024-09-17 17:26:35'),(641,'Apartamento','Vila Ema',69,'9','Quixada;CE','XX','768808','2024-09-17 17:26:35'),(642,'Condominio','Vila Mariana',69,'6','Linhares;ES','XX','775292','2024-09-17 17:26:35'),(643,'Rua','Copacabana',28,'6','Belem;PA','XX','744696','2024-09-17 17:26:35'),(644,'Rua','Barra Funda',42,'10','Joao Pessoa;PB','XX','710955','2024-09-17 17:26:35'),(645,'Rua','Vila Andrade',41,'1','Belo Horizonte;MG','XX','756773','2024-09-17 17:26:35'),(646,'Apartamento','Perdizes',28,'6','Campo Grande;MS','XX','705738','2024-09-17 17:26:35'),(647,'Apartamento','Higienpolis',22,'9','Boa Vista;RR','XX','748691','2024-09-17 17:26:35'),(648,'Apartamento','Jardim ngela.',1,'4','Porto Alegre;RS','XX','723736','2024-09-17 17:26:35'),(649,'Quadra','Santa Teresa',48,'7','Porto Velho;RO','XX','776074','2024-09-17 17:26:35'),(650,'Lote','Consolao',59,'3','Montes Claros;MG','XX','752440','2024-09-17 17:26:35'),(651,'Quadra','Capo Redondo',45,'5','Campo Grande;MS','XX','710081','2024-09-17 17:26:35'),(652,'Lote','Moema',16,'S N','Boa Vista;RR','XX','740939','2024-09-17 17:26:35'),(653,'Apartamento','Vila Andrade',22,'9','Braganca Paulista;SP','XX','716546','2024-09-17 17:26:35'),(654,'Apartamento','Barra Funda',1,'4','Santarem;PA','XX','763791','2024-09-17 17:26:35'),(655,'Apartamento','Parque do Carmo',66,'4','Linhares;ES','XX','765567','2024-09-17 17:26:35'),(656,'Apartamento','Santa Ceclia',74,'6','Sao Luis;MA','XX','788824','2024-09-17 17:26:35'),(657,'Lote','Jardins',61,'2','Recife;PE','XX','722525','2024-09-17 17:26:35'),(658,'Quadra','Barra Funda',83,'10','Vilhena;RO','XX','735578','2024-09-17 17:26:35'),(659,'Apartamento','Jardim Paulista',82,'Rua','Sao Goncalo;RJ','XX','776748','2024-09-17 17:26:35'),(660,'Condominio','Repblica',20,'9','Recife;PE','XX','741628','2024-09-17 17:26:35'),(661,'Lote','Vila Mariana',79,'S N','Vitoria;ES','XX','767639','2024-09-17 17:26:35'),(662,'Condominio','So Conrado',84,'6','Lagoa Santa;MG','XX','774176','2024-09-17 17:26:35'),(663,'Rua','Perdizes',53,'9','Nova Iguacu;RJ','XX','714165','2024-09-17 17:26:35'),(664,'Lote','Bixiga',94,'2','Maraba;PA','XX','777784','2024-09-17 17:26:35'),(665,'Lote','Jardim ngela.',15,'10','Campo Grande;MS','XX','719398','2024-09-17 17:26:35'),(666,'Lote','Lagoa',96,'9','Juazeiro do Norte;CE','XX','727096','2024-09-17 17:26:35'),(667,'Rua','Vila Madalena',92,'S N','Campo Grande;MS','XX','790498','2024-09-17 17:26:35'),(668,'Quadra','Moema',3,'9','Natal;RN','XX','731730','2024-09-17 17:26:35'),(669,'Rua','Vila Mariana',15,'9','Uberlandia;MG','XX','749945','2024-09-17 17:26:35'),(670,'Lote','Vila Prudente',71,'2','Braganca Paulista;SP','XX','711727','2024-09-17 17:26:35'),(671,'Condominio','Liberdade',57,'2','Olinda;PE','XX','713790','2024-09-17 17:26:35'),(672,'Lote','Vila Madalena',52,'S N','Uberlandia;MG','XX','776252','2024-09-17 17:26:35'),(673,'Lote','Barra Funda',67,'3','Recife;PE','XX','797406','2024-09-17 17:26:35'),(674,'Lote','Perdizes',82,'S N','Teresina;PI','XX','720752','2024-09-17 17:26:35'),(675,'Condominio','Catete',10,'3','Florianopolis;SC','XX','787767','2024-09-17 17:26:35'),(676,'Rua','Barra da Tijuca',85,'3','Caruaru;PE','XX','787894','2024-09-17 17:26:35'),(677,'Quadra','Laranjeiras',47,'5','Itapipoca;CE','XX','738630','2024-09-17 17:26:35'),(678,'Rua','Ipanema',63,'1','Cuiaba;MT','XX','705149','2024-09-17 17:26:35'),(679,'Apartamento','Barra Funda',29,'6','Florianopolis;SC','XX','709650','2024-09-17 17:26:35'),(680,'Lote','Jardins',40,'4','Lagoa Santa;MG','XX','766178','2024-09-17 17:26:35'),(681,'Condominio','Perdizes',12,'4','Juazeiro do Norte;CE','XX','755809','2024-09-17 17:26:35'),(682,'Condominio','Higienpolis',92,'10','Braganca Paulista;SP','XX','782923','2024-09-17 17:26:35'),(683,'Condominio','Cambuci',40,'4','Olinda;PE','XX','745663','2024-09-17 17:26:35'),(684,'Lote','Barra da Tijuca',53,'1','Belo Horizonte;MG','XX','796532','2024-09-17 17:26:35'),(685,'Rua','Parque do Carmo',88,'5','Quixada;CE','XX','736754','2024-09-17 17:26:35'),(686,'Condominio','Barra da Tijuca',39,'6','Campo Grande;MS','XX','729976','2024-09-17 17:26:35'),(687,'Quadra','Parque do Carmo',84,'2','Nova Iguacu;RJ','XX','784854','2024-09-17 17:26:35'),(688,'Apartamento','Moema',15,'5','Uberlandia;MG','XX','774443','2024-09-17 17:26:35'),(689,'Condominio','Rio Comprido',26,'9','Belo Horizonte;MG','XX','768731','2024-09-17 17:26:35'),(690,'Rua','Centro',35,'3','Manaus;AM','XX','709378','2024-09-17 17:26:35'),(691,'Condominio','Rio Comprido',18,'10','Linhares;ES','XX','700928','2024-09-17 17:26:35'),(692,'Rua','Botafogo',69,'Rua','Sao Luis;MA','XX','788653','2024-09-17 17:26:35'),(693,'Rua','Moema',26,'7','Sao Paulo;SP','XX','731542','2024-09-17 17:26:35'),(694,'Rua','Catete',12,'1','Santarem;PA','XX','703763','2024-09-17 17:26:35'),(695,'Apartamento','Barra da Tijuca',53,'7','Porto Velho;RO','XX','723401','2024-09-17 17:26:35'),(696,'Rua','Botafogo',46,'3','Itapipoca;CE','XX','772962','2024-09-17 17:26:35'),(697,'Quadra','Centro',100,'3','Florianopolis;SC','XX','700314','2024-09-17 17:26:35'),(698,'Rua','Glria',40,'2','Fortaleza;CE','XX','779193','2024-09-17 17:26:35'),(699,'Quadra','Centro',72,'6','Itapipoca;CE','XX','763717','2024-09-17 17:26:35'),(700,'Lote','So Conrado',53,'9','Sao Goncalo;RJ','XX','767658','2024-09-17 17:26:35'),(701,'Lote','Vila Prudente',60,'7','Aracaju;SE','XX','712176','2024-09-17 17:26:35'),(702,'Condominio','Pinheiros',11,'4','Curitiba;PR','XX','764309','2024-09-17 17:26:35'),(703,'Rua','Bixiga',45,'6','Montes Claros;MG','XX','721073','2024-09-17 17:26:35'),(704,'Rua','Barra da Tijuca',76,'8','Quixada;CE','XX','741819','2024-09-17 17:26:35'),(705,'Rua','Moema',69,'8','Caruaru;PE','XX','740708','2024-09-17 17:26:35'),(706,'Lote','Consolao',99,'2','Caruaru;PE','XX','741515','2024-09-17 17:26:35'),(707,'Quadra','So Conrado',88,'5','Santarem;PA','XX','737606','2024-09-17 17:26:35'),(708,'Apartamento','Vila Madalena',59,'5','Aparecida de Goiania;GO','XX','789249','2024-09-17 17:26:35'),(709,'Apartamento','Barra da Tijuca',93,'9','Sao Paulo;SP','XX','798616','2024-09-17 17:26:35'),(710,'Quadra','Glria',88,'2','Cuiaba;MT','XX','774795','2024-09-17 17:26:35'),(711,'Apartamento','Centro',75,'9','Acu;RN','XX','793335','2024-09-17 17:26:35'),(712,'Condominio','Glria',83,'5','Brasilia;DF','XX','727709','2024-09-17 17:26:35'),(713,'Apartamento','Santa Ceclia',95,'5','Lagoa Santa;MG','XX','787581','2024-09-17 17:26:35'),(714,'Lote','Vila Mariana',44,'3','Aparecida de Goiania;GO','XX','788110','2024-09-17 17:26:35'),(715,'Condominio','Higienpolis',78,'3','Santa Maria;RS','XX','752838','2024-09-17 17:26:35'),(716,'Apartamento','Cambuci',43,'3','Nova Iguacu;RJ','XX','730048','2024-09-17 17:26:35'),(717,'Quadra','Consolao',68,'S N','Caruaru;PE','XX','736450','2024-09-17 17:26:35'),(718,'Rua','Tatuap',56,'6','Manaus;AM','XX','742628','2024-09-17 17:26:35'),(719,'Quadra','Perdizes',11,'Rua','Lagoa Santa;MG','XX','706697','2024-09-17 17:26:35'),(720,'Apartamento','Bixiga',85,'3','Campo Grande;MS','XX','769556','2024-09-17 17:26:35'),(721,'Lote','Capo Redondo',83,'S N','Belo Horizonte;MG','XX','771207','2024-09-17 17:26:35'),(722,'Lote','Higienpolis',21,'3','Porto Alegre;RS','XX','755617','2024-09-17 17:26:35'),(723,'Lote','Tatuap',23,'4','Dourados;MS','XX','780630','2024-09-17 17:26:35'),(724,'Condominio','Santa Ceclia',46,'3','Salvador;BA','XX','727144','2024-09-17 17:26:35'),(725,'Apartamento','Perdizes',33,'10','Nova Iguacu;RJ','XX','784683','2024-09-17 17:26:35'),(726,'Apartamento','Vila Olmpia',32,'9','Aracaju;SE','XX','719243','2024-09-17 17:26:35'),(727,'Apartamento','Pacaembu',29,'4','Montes Claros;MG','XX','775787','2024-09-17 17:26:35'),(728,'Condominio','Vila Olmpia',55,'2','Ponta Grossa;PR','XX','780562','2024-09-17 17:26:35'),(729,'Quadra','Santa Teresa',59,'7','Brasilia;DF','XX','745489','2024-09-17 17:26:35'),(730,'Rua','Vila Mariana',13,'5','Rio Branco;AC','XX','717272','2024-09-17 17:26:35'),(731,'Quadra','Barra da Tijuca',75,'S N','Palmas;TO','XX','793225','2024-09-17 17:26:35'),(732,'Lote','Leblon',61,'S N','Natal;RN','XX','761925','2024-09-17 17:26:35'),(733,'Rua','Leblon',77,'2','Porto Alegre;RS','XX','707322','2024-09-17 17:26:35'),(734,'Condominio','Rio Comprido',81,'2','Curitiba;PR','XX','737060','2024-09-17 17:26:35'),(735,'Lote','Perdizes',98,'9','Caruaru;PE','XX','758220','2024-09-17 17:26:35'),(736,'Condominio','Botafogo',52,'9','Rio de Janeiro;RJ','XX','720514','2024-09-17 17:26:35'),(737,'Rua','Tatuap',40,'5','Teresina;PI','XX','715785','2024-09-17 17:26:35'),(738,'Condominio','Repblica',60,'3','Teresina;PI','XX','762831','2024-09-17 17:26:35'),(739,'Condominio','Jardins',99,'9','Florianopolis;SC','XX','701456','2024-09-17 17:26:35'),(740,'Lote','Jardim Paulista',11,'4','Sobral;CE','XX','793236','2024-09-17 17:26:35'),(741,'Lote','Catete',14,'7','Goiania;GO','XX','768150','2024-09-17 17:26:35'),(742,'Rua','Santa Ceclia',4,'4','Dourados;MS','XX','706235','2024-09-17 17:26:35'),(743,'Lote','Vila Madalena',57,'6','Olinda;PE','XX','722774','2024-09-17 17:26:35'),(744,'Rua','Vila Andrade',22,'Rua','Montes Claros;MG','XX','704712','2024-09-17 17:26:35'),(745,'Condominio','Liberdade',69,'5','Sao Paulo;SP','XX','794831','2024-09-17 17:26:35'),(746,'Condominio','Jardim ngela.',35,'S N','Cuiaba;MT','XX','719500','2024-09-17 17:26:35'),(747,'Condominio','Pinheiros',37,'5','Aracaju;SE','XX','792308','2024-09-17 17:26:35'),(748,'Apartamento','Perdizes',52,'6','Florianopolis;SC','XX','704054','2024-09-17 17:26:35'),(749,'Condominio','Jardins',92,'5','Goiania;GO','XX','739331','2024-09-17 17:26:35'),(750,'Lote','Jardim ngela.',64,'6','Olinda;PE','XX','741496','2024-09-17 17:26:35'),(751,'Rua','Consolao',54,'10','Natal;RN','XX','708414','2024-09-17 17:26:35'),(752,'Lote','Moema',63,'4','Nova Iguacu;RJ','XX','700539','2024-09-17 17:26:35'),(753,'Apartamento','Lapa',6,'5','Rio de Janeiro;RJ','XX','781176','2024-09-17 17:26:35'),(754,'Quadra','Leblon',75,'5','Itapipoca;CE','XX','780036','2024-09-17 17:26:35'),(755,'Rua','Moema',87,'9','Rio Branco;AC','XX','701976','2024-09-17 17:26:35'),(756,'Lote','Santa Ceclia',9,'8','Nova Iguacu;RJ','XX','739075','2024-09-17 17:26:35'),(757,'Rua','Ipanema',81,'8','Dourados;MS','XX','709271','2024-09-17 17:26:35'),(758,'Apartamento','Rio Comprido',1,'10','Lagoa Santa;MG','XX','713882','2024-09-17 17:26:35'),(759,'Rua','Perdizes',56,'9','Florianopolis;SC','XX','752794','2024-09-17 17:26:35'),(760,'Lote','Jardim Paulista',90,'3','Maraba;PA','XX','705834','2024-09-17 17:26:35'),(761,'Rua','Consolao',16,'5','Sao Paulo;SP','XX','743403','2024-09-17 17:26:35'),(762,'Condominio','Leblon',93,'10','Fortaleza;CE','XX','756633','2024-09-17 17:26:35'),(763,'Condominio','Lapa',7,'7','Olinda;PE','XX','744824','2024-09-17 17:26:35'),(764,'Condominio','Santa Teresa',53,'4','Juazeiro do Norte;CE','XX','739973','2024-09-17 17:26:35'),(765,'Apartamento','Jardins',83,'7','Juazeiro do Norte;CE','XX','771392','2024-09-17 17:26:35'),(766,'Apartamento','Catete',62,'4','Manaus;AM','XX','754030','2024-09-17 17:26:35'),(767,'Rua','Rio Comprido',12,'2','Sao Paulo;SP','XX','751458','2024-09-17 17:26:35'),(768,'Apartamento','Pacaembu',90,'7','Belem;PA','XX','783057','2024-09-17 17:26:35'),(769,'Rua','Jardim Paulista',49,'3','Brasilia;DF','XX','766623','2024-09-17 17:26:35'),(770,'Apartamento','Higienpolis',53,'S N','Itapipoca;CE','XX','723669','2024-09-17 17:26:35'),(771,'Quadra','Jardim ngela.',73,'Rua','Aparecida de Goiania;GO','XX','749359','2024-09-17 17:26:35'),(772,'Apartamento','Consolao',93,'5','Aracaju;SE','XX','704601','2024-09-17 17:26:35'),(773,'Condominio','Flamengo',99,'6','Belem;PA','XX','701458','2024-09-17 17:26:35'),(774,'Quadra','Lagoa',32,'7','Montes Claros;MG','XX','782566','2024-09-17 17:26:35'),(775,'Apartamento','Jardim Paulista',28,'10','Salvador;BA','XX','725291','2024-09-17 17:26:35'),(776,'Rua','Lagoa',82,'3','Nova Iguacu;RJ','XX','790640','2024-09-17 17:26:35'),(777,'Apartamento','Copacabana',39,'2','Vitoria;ES','XX','752084','2024-09-17 17:26:35'),(778,'Quadra','Barra Funda',22,'6','Rio Branco;AC','XX','785094','2024-09-17 17:26:35'),(779,'Apartamento','Santa Teresa',56,'6','Natal;RN','XX','787076','2024-09-17 17:26:35'),(780,'Quadra','Rio Comprido',87,'8','Belem;PA','XX','732537','2024-09-17 17:26:35'),(781,'Condominio','Repblica',84,'3','Rio de Janeiro;RJ','XX','718816','2024-09-17 17:26:35'),(782,'Lote','Laranjeiras',74,'8','Teresina;PI','XX','797855','2024-09-17 17:26:35'),(783,'Quadra','Flamengo',79,'2','Sao Luis;MA','XX','788941','2024-09-17 17:26:35'),(784,'Condominio','Higienpolis',10,'6','Linhares;ES','XX','729570','2024-09-17 17:26:35'),(785,'Condominio','Bixiga',6,'7','Goiania;GO','XX','780460','2024-09-17 17:26:35'),(786,'Apartamento','Centro',7,'7','Rio Branco;AC','XX','790274','2024-09-17 17:26:35'),(787,'Condominio','Lagoa',18,'Rua','Uberlandia;MG','XX','738650','2024-09-17 17:26:35'),(788,'Rua','Rio Comprido',53,'10','Quixada;CE','XX','779895','2024-09-17 17:26:35'),(789,'Apartamento','Jardim ngela.',70,'3','Sao Goncalo;RJ','XX','743960','2024-09-17 17:26:35'),(790,'Rua','Jardim ngela.',21,'1','Lagoa Santa;MG','XX','714295','2024-09-17 17:26:35'),(791,'Lote','Parque do Carmo',59,'3','Santarem;PA','XX','705278','2024-09-17 17:26:35'),(792,'Rua','Repblica',44,'10','Maraba;PA','XX','738877','2024-09-17 17:26:35'),(793,'Condominio','Consolao',89,'9','Rio de Janeiro;RJ','XX','796638','2024-09-17 17:26:35'),(794,'Rua','Centro',6,'8','Uberlandia;MG','XX','745980','2024-09-17 17:26:35'),(795,'Rua','Itaim Bibi',14,'S N','Eirunepe;AM','XX','705775','2024-09-17 17:26:35'),(796,'Apartamento','Jardim Paulista',72,'3','Eirunepe;AM','XX','723301','2024-09-17 17:26:35'),(797,'Condominio','Lapa',61,'4','Rio Branco;AC','XX','798098','2024-09-17 17:26:35'),(798,'Apartamento','Vila Mariana',68,'6','Aracaju;SE','XX','704615','2024-09-17 17:26:35'),(799,'Apartamento','Ipanema',19,'3','Olinda;PE','XX','796744','2024-09-17 17:26:35'),(800,'Rua','Leblon',95,'6','Belo Horizonte;MG','XX','793947','2024-09-17 17:26:35'),(801,'Lote','Catete',26,'10','Barreiras;BA','XX','703659','2024-09-17 17:26:35'),(802,'Apartamento','Pinheiros',47,'S N','Sao Goncalo;RJ','XX','710922','2024-09-17 17:26:35'),(803,'Rua','Botafogo',66,'10','Curitiba;PR','XX','799619','2024-09-17 17:26:35'),(804,'Lote','Botafogo',88,'10','Maraba;PA','XX','703728','2024-09-17 17:26:35'),(805,'Rua','Vila Andrade',64,'2','Boa Vista;RR','XX','734288','2024-09-17 17:26:35'),(806,'Condominio','Itaim Bibi',13,'3','Fortaleza;CE','XX','701473','2024-09-17 17:26:35'),(807,'Lote','Repblica',15,'5','Quixada;CE','XX','717733','2024-09-17 17:26:35'),(808,'Apartamento','Leblon',31,'4','Lagoa Santa;MG','XX','777540','2024-09-17 17:26:35'),(809,'Condominio','Higienpolis',1,'Rua','Porto Alegre;RS','XX','753729','2024-09-17 17:26:35'),(810,'Lote','Jardim Paulista',19,'3','Caruaru;PE','XX','742510','2024-09-17 17:26:35'),(811,'Condominio','Botafogo',96,'4','Lagoa Santa;MG','XX','700452','2024-09-17 17:26:35'),(812,'Apartamento','Vila Mariana',59,'8','Teresina;PI','XX','770444','2024-09-17 17:26:35'),(813,'Rua','So Conrado',13,'2','Salvador;BA','XX','717991','2024-09-17 17:26:35'),(814,'Quadra','Laranjeiras',6,'7','Joao Pessoa;PB','XX','757814','2024-09-17 17:26:35'),(815,'Apartamento','Bixiga',27,'S N','Santarem;PA','XX','705952','2024-09-17 17:26:35'),(816,'Quadra','Jardim ngela.',92,'3','Sao Luis;MA','XX','719813','2024-09-17 17:26:35'),(817,'Condominio','Itaim Bibi',97,'1','Brasilia;DF','XX','700640','2024-09-17 17:26:35'),(818,'Quadra','Santana',65,'S N','Sao Goncalo;RJ','XX','785602','2024-09-17 17:26:35'),(819,'Rua','Jardim Paulista',93,'6','Barreiras;BA','XX','748451','2024-09-17 17:26:35'),(820,'Condominio','Vila Ema',26,'1','Uberlandia;MG','XX','704391','2024-09-17 17:26:35'),(821,'Quadra','Moema',22,'7','Recife;PE','XX','753701','2024-09-17 17:26:35'),(822,'Apartamento','Capo Redondo',27,'8','Porto Alegre;RS','XX','710827','2024-09-17 17:26:35'),(823,'Apartamento','Vila Ema',28,'3','Caruaru;PE','XX','708936','2024-09-17 17:26:35'),(824,'Apartamento','Leblon',24,'3','Sao Paulo;SP','XX','733887','2024-09-17 17:26:35'),(825,'Lote','Botafogo',5,'4','Santa Maria;RS','XX','790745','2024-09-17 17:26:35'),(826,'Quadra','Vila Olmpia',100,'Rua','Joao Pessoa;PB','XX','743981','2024-09-17 17:26:35'),(827,'Lote','Tatuap',15,'S N','Aracaju;SE','XX','765112','2024-09-17 17:26:35'),(828,'Rua','Pacaembu',69,'3','Barreiras;BA','XX','725546','2024-09-17 17:26:35'),(829,'Lote','Santana',15,'10','Goiania;GO','XX','787539','2024-09-17 17:26:35'),(830,'Condominio','Pacaembu',91,'1','Cuiaba;MT','XX','759175','2024-09-17 17:26:35'),(831,'Condominio','Cambuci',69,'8','Aparecida de Goiania;GO','XX','746280','2024-09-17 17:26:35'),(832,'Lote','Santa Ceclia',81,'10','Palmas;TO','XX','738705','2024-09-17 17:26:35'),(833,'Lote','Santana',87,'5','Boa Vista;RR','XX','701336','2024-09-17 17:26:35'),(834,'Lote','Ipanema',36,'S N','Sao Luis;MA','XX','796549','2024-09-17 17:26:35'),(835,'Quadra','Jardins',5,'8','Caruaru;PE','XX','751001','2024-09-17 17:26:35'),(836,'Condominio','Aclimao',91,'9','Palmas;TO','XX','729083','2024-09-17 17:26:35'),(837,'Quadra','Vila Prudente',92,'7','Fortaleza;CE','XX','775400','2024-09-17 17:26:35'),(838,'Condominio','Ipanema',72,'8','Eirunepe;AM','XX','758139','2024-09-17 17:26:35'),(839,'Lote','Laranjeiras',60,'2','Olinda;PE','XX','710231','2024-09-17 17:26:35'),(840,'Rua','Copacabana',26,'5','Santa Maria;RS','XX','738268','2024-09-17 17:26:35'),(841,'Apartamento','Capo Redondo',90,'8','Salvador;BA','XX','784781','2024-09-17 17:26:35'),(842,'Condominio','Parque do Carmo',69,'9','Palmas;TO','XX','741326','2024-09-17 17:26:35'),(843,'Lote','Rio Comprido',72,'7','Sao Paulo;SP','XX','741688','2024-09-17 17:26:35'),(844,'Apartamento','Pacaembu',55,'S N','Barreiras;BA','XX','791704','2024-09-17 17:26:35'),(845,'Condominio','Rio Comprido',90,'Rua','Uberlandia;MG','XX','743324','2024-09-17 17:26:35'),(846,'Lote','Capo Redondo',47,'7','Aparecida de Goiania;GO','XX','789468','2024-09-17 17:26:35'),(847,'Apartamento','Santana',43,'7','Sao Paulo;SP','XX','745293','2024-09-17 17:26:35'),(848,'Rua','Parque do Carmo',55,'1','Vilhena;RO','XX','773237','2024-09-17 17:26:35'),(849,'Apartamento','Parque do Carmo',77,'Rua','Brasilia;DF','XX','759784','2024-09-17 17:26:35'),(850,'Apartamento','Santa Ceclia',28,'5','Ponta Grossa;PR','XX','770246','2024-09-17 17:26:35'),(851,'Lote','Jardins',11,'8','Rio de Janeiro;RJ','XX','743630','2024-09-17 17:26:35'),(852,'Apartamento','Jardim Paulista',41,'6','Goiania;GO','XX','744326','2024-09-17 17:26:35'),(853,'Apartamento','Aclimao',7,'S N','Aparecida de Goiania;GO','XX','748452','2024-09-17 17:26:35'),(854,'Quadra','Jardins',64,'8','Florianopolis;SC','XX','752103','2024-09-17 17:26:35'),(855,'Quadra','So Conrado',89,'Rua','Sao Paulo;SP','XX','791222','2024-09-17 17:26:35'),(856,'Rua','Pacaembu',29,'8','Eirunepe;AM','XX','786493','2024-09-17 17:26:35'),(857,'Lote','Pacaembu',33,'10','Sao Luis;MA','XX','704070','2024-09-17 17:26:35'),(858,'Lote','Botafogo',87,'3','Recife;PE','XX','754037','2024-09-17 17:26:35'),(859,'Condominio','Ipanema',65,'6','Porto Velho;RO','XX','785252','2024-09-17 17:26:35'),(860,'Quadra','Jardim Paulista',58,'8','Cuiaba;MT','XX','725682','2024-09-17 17:26:35'),(861,'Condominio','Vila Olmpia',78,'7','Barreiras;BA','XX','731826','2024-09-17 17:26:35'),(862,'Lote','Catete',20,'7','Uberlandia;MG','XX','750346','2024-09-17 17:26:35'),(863,'Condominio','Cambuci',70,'8','Brasilia;DF','XX','782773','2024-09-17 17:26:35'),(864,'Condominio','Aclimao',59,'1','Joao Pessoa;PB','XX','728846','2024-09-17 17:26:35'),(865,'Rua','Flamengo',16,'9','Porto Velho;RO','XX','789224','2024-09-17 17:26:35'),(866,'Lote','Bixiga',94,'9','Maceio;AL','XX','717916','2024-09-17 17:26:35'),(867,'Quadra','Centro',1,'Rua','Vitoria;ES','XX','774879','2024-09-17 17:26:35'),(868,'Lote','Liberdade',80,'9','Boa Vista;RR','XX','766650','2024-09-17 17:26:35'),(869,'Apartamento','Pinheiros',91,'8','Linhares;ES','XX','732624','2024-09-17 17:26:35'),(870,'Apartamento','Copacabana',21,'8','Rio Branco;AC','XX','759521','2024-09-17 17:26:35'),(871,'Quadra','Bixiga',3,'7','Maraba;PA','XX','770262','2024-09-17 17:26:35'),(872,'Lote','Botafogo',3,'10','Rio de Janeiro;RJ','XX','733107','2024-09-17 17:26:35'),(873,'Rua','Consolao',14,'7','Cuiaba;MT','XX','734787','2024-09-17 17:26:35'),(874,'Rua','Botafogo',20,'6','Cuiaba;MT','XX','739734','2024-09-17 17:26:35'),(875,'Quadra','Vila Madalena',34,'9','Aracaju;SE','XX','710795','2024-09-17 17:26:35'),(876,'Condominio','Pinheiros',88,'6','Sao Goncalo;RJ','XX','741257','2024-09-17 17:26:35'),(877,'Apartamento','So Conrado',70,'S N','Lagoa Santa;MG','XX','702259','2024-09-17 17:26:35'),(878,'Lote','Santa Ceclia',66,'3','Sao Paulo;SP','XX','777776','2024-09-17 17:26:35'),(879,'Apartamento','Vila Prudente',23,'1','Caruaru;PE','XX','732644','2024-09-17 17:26:35'),(880,'Condominio','Itaim Bibi',21,'Rua','Linhares;ES','XX','792380','2024-09-17 17:26:35'),(881,'Lote','Higienpolis',27,'2','Fortaleza;CE','XX','790722','2024-09-17 17:26:35'),(882,'Lote','Barra Funda',14,'6','Recife;PE','XX','770762','2024-09-17 17:26:35'),(883,'Apartamento','Lagoa',37,'1','Dourados;MS','XX','723188','2024-09-17 17:26:35'),(884,'Quadra','Parque do Carmo',56,'6','Boa Vista;RR','XX','701004','2024-09-17 17:26:35'),(885,'Lote','Lapa',17,'1','Ponta Grossa;PR','XX','755808','2024-09-17 17:26:35'),(886,'Rua','Centro',69,'1','Ponta Grossa;PR','XX','763690','2024-09-17 17:26:35'),(887,'Rua','Itaim Bibi',69,'5','Boa Vista;RR','XX','728145','2024-09-17 17:26:35'),(888,'Apartamento','Lagoa',32,'3','Vitoria;ES','XX','761492','2024-09-17 17:26:35'),(889,'Condominio','Jardins',19,'7','Maraba;PA','XX','744302','2024-09-17 17:26:35'),(890,'Apartamento','Repblica',44,'10','Joao Pessoa;PB','XX','771855','2024-09-17 17:26:35'),(891,'Quadra','Itaim Bibi',91,'5','Salvador;BA','XX','753918','2024-09-17 17:26:35'),(892,'Lote','Santana',31,'4','Cuiaba;MT','XX','718499','2024-09-17 17:26:35'),(893,'Rua','Consolao',92,'7','Fortaleza;CE','XX','778075','2024-09-17 17:26:35'),(894,'Lote','Vila Andrade',5,'6','Itapipoca;CE','XX','783883','2024-09-17 17:26:35'),(895,'Quadra','Jardins',26,'9','Vitoria;ES','XX','718946','2024-09-17 17:26:35'),(896,'Rua','So Conrado',67,'1','Barreiras;BA','XX','736627','2024-09-17 17:26:35'),(897,'Apartamento','Vila Ema',70,'S N','Juazeiro do Norte;CE','XX','762774','2024-09-17 17:26:35'),(898,'Lote','So Conrado',79,'10','Dourados;MS','XX','762984','2024-09-17 17:26:35'),(899,'Rua','Barra da Tijuca',22,'1','Sao Luis;MA','XX','799235','2024-09-17 17:26:35'),(900,'Rua','Barra da Tijuca',41,'9','Salvador;BA','XX','768955','2024-09-17 17:26:35'),(901,'Rua','Consolao',24,'Rua','Santa Maria;RS','XX','744728','2024-09-17 17:26:35'),(902,'Lote','Santa Ceclia',54,'2','Uberlandia;MG','XX','726465','2024-09-17 17:26:35'),(903,'Rua','Liberdade',34,'7','Rio de Janeiro;RJ','XX','746200','2024-09-17 17:26:35'),(904,'Condominio','Vila Madalena',18,'5','Dourados;MS','XX','704344','2024-09-17 17:26:35'),(905,'Rua','Pinheiros',57,'10','Lagoa Santa;MG','XX','711733','2024-09-17 17:26:35'),(906,'Apartamento','Leblon',33,'1','Palmas;TO','XX','776107','2024-09-17 17:26:35'),(907,'Quadra','Leblon',8,'5','Porto Alegre;RS','XX','755761','2024-09-17 17:26:35'),(908,'Condominio','Flamengo',10,'7','Sobral;CE','XX','767251','2024-09-17 17:26:35'),(909,'Rua','Lapa',20,'1','Braganca Paulista;SP','XX','730946','2024-09-17 17:26:35'),(910,'Lote','Pinheiros',7,'1','Belem;PA','XX','763685','2024-09-17 17:26:35'),(911,'Rua','Santa Teresa',67,'4','Lagoa Santa;MG','XX','704299','2024-09-17 17:26:35'),(912,'Quadra','Itaim Bibi',15,'5','Porto Velho;RO','XX','730934','2024-09-17 17:26:35'),(913,'Apartamento','Parque do Carmo',52,'7','Vitoria;ES','XX','797139','2024-09-17 17:26:35'),(914,'Apartamento','Consolao',31,'6','Porto Velho;RO','XX','795454','2024-09-17 17:26:35'),(915,'Condominio','Moema',54,'8','Eirunepe;AM','XX','791846','2024-09-17 17:26:35'),(916,'Apartamento','Barra da Tijuca',69,'9','Porto Alegre;RS','XX','784141','2024-09-17 17:26:35'),(917,'Condominio','Aclimao',28,'2','Porto Velho;RO','XX','759861','2024-09-17 17:26:35'),(918,'Quadra','Bixiga',17,'2','Teresina;PI','XX','772858','2024-09-17 17:26:35'),(919,'Apartamento','Parque do Carmo',73,'10','Santa Maria;RS','XX','709274','2024-09-17 17:26:35'),(920,'Lote','Itaim Bibi',19,'2','Vitoria;ES','XX','763897','2024-09-17 17:26:35'),(921,'Lote','Higienpolis',51,'5','Sao Luis;MA','XX','770003','2024-09-17 17:26:35'),(922,'Quadra','Pacaembu',14,'2','Eirunepe;AM','XX','774351','2024-09-17 17:26:35'),(923,'Lote','Jardim ngela.',33,'4','Santarem;PA','XX','762062','2024-09-17 17:26:35'),(924,'Quadra','Copacabana',66,'6','Braganca Paulista;SP','XX','733838','2024-09-17 17:26:35'),(925,'Apartamento','Vila Mariana',45,'S N','Maceio;AL','XX','797503','2024-09-17 17:26:35'),(926,'Quadra','Capo Redondo',9,'3','Acu;RN','XX','792629','2024-09-17 17:26:35'),(927,'Apartamento','So Conrado',55,'Rua','Campo Grande;MS','XX','707687','2024-09-17 17:26:35'),(928,'Quadra','Perdizes',13,'7','Eirunepe;AM','XX','706108','2024-09-17 17:26:35'),(929,'Apartamento','Bixiga',15,'6','Nova Iguacu;RJ','XX','755509','2024-09-17 17:26:35'),(930,'Apartamento','Flamengo',70,'Rua','Campo Grande;MS','XX','708721','2024-09-17 17:26:35'),(931,'Condominio','Higienpolis',19,'9','Sobral;CE','XX','769121','2024-09-17 17:26:35'),(932,'Rua','Catete',50,'7','Joao Pessoa;PB','XX','767025','2024-09-17 17:26:35'),(933,'Condominio','Jardim ngela.',15,'4','Boa Vista;RR','XX','722445','2024-09-17 17:26:35'),(934,'Lote','Pacaembu',71,'3','Aparecida de Goiania;GO','XX','765696','2024-09-17 17:26:35'),(935,'Lote','Glria',68,'S N','Caruaru;PE','XX','739278','2024-09-17 17:26:35'),(936,'Quadra','Centro',29,'5','Quixada;CE','XX','703951','2024-09-17 17:26:35'),(937,'Apartamento','Vila Ema',57,'6','Curitiba;PR','XX','766441','2024-09-17 17:26:35'),(938,'Lote','Barra da Tijuca',73,'Rua','Florianopolis;SC','XX','749995','2024-09-17 17:26:35'),(939,'Rua','Repblica',21,'Rua','Porto Alegre;RS','XX','781012','2024-09-17 17:26:35'),(940,'Condominio','Vila Ema',38,'6','Santa Maria;RS','XX','774927','2024-09-17 17:26:35'),(941,'Apartamento','Capo Redondo',67,'8','Sao Paulo;SP','XX','783391','2024-09-17 17:26:35'),(942,'Lote','Consolao',78,'S N','Manaus;AM','XX','794558','2024-09-17 17:26:35'),(943,'Rua','Lagoa',36,'10','Olinda;PE','XX','755250','2024-09-17 17:26:35'),(944,'Apartamento','Vila Mariana',24,'9','Maceio;AL','XX','762548','2024-09-17 17:26:35'),(945,'Quadra','Liberdade',48,'2','Ponta Grossa;PR','XX','753631','2024-09-17 17:26:35'),(946,'Rua','Santa Teresa',48,'3','Eirunepe;AM','XX','723358','2024-09-17 17:26:35'),(947,'Lote','Rio Comprido',86,'3','Olinda;PE','XX','738384','2024-09-17 17:26:35'),(948,'Rua','So Conrado',32,'4','Rio Branco;AC','XX','746321','2024-09-17 17:26:35'),(949,'Apartamento','Vila Prudente',29,'3','Aparecida de Goiania;GO','XX','785998','2024-09-17 17:26:35'),(950,'Lote','Rio Comprido',46,'1','Goiania;GO','XX','755850','2024-09-17 17:26:35'),(951,'Rua','Santa Ceclia',68,'7','Porto Velho;RO','XX','768818','2024-09-17 17:26:35'),(952,'Apartamento','Liberdade',70,'2','Manaus;AM','XX','798811','2024-09-17 17:26:35'),(953,'Rua','Barra Funda',24,'Rua','Maceio;AL','XX','799404','2024-09-17 17:26:35'),(954,'Rua','Laranjeiras',49,'4','Aparecida de Goiania;GO','XX','703847','2024-09-17 17:26:35'),(955,'Rua','Glria',87,'4','Acu;RN','XX','739575','2024-09-17 17:26:35'),(956,'Lote','Pacaembu',73,'8','Olinda;PE','XX','730503','2024-09-17 17:26:35'),(957,'Apartamento','Vila Madalena',72,'9','Itapipoca;CE','XX','775972','2024-09-17 17:26:35'),(958,'Rua','Tatuap',26,'2','Salvador;BA','XX','705822','2024-09-17 17:26:35'),(959,'Lote','Vila Andrade',74,'8','Teresina;PI','XX','784657','2024-09-17 17:26:35'),(960,'Condominio','Santa Teresa',10,'1','Teresina;PI','XX','786618','2024-09-17 17:26:35'),(961,'Lote','Barra da Tijuca',3,'4','Eirunepe;AM','XX','710901','2024-09-17 17:26:35'),(962,'Condominio','Itaim Bibi',9,'2','Itapipoca;CE','XX','731085','2024-09-17 17:26:35'),(963,'Rua','Jardim Paulista',21,'3','Fortaleza;CE','XX','731397','2024-09-17 17:26:35'),(964,'Apartamento','Santana',21,'5','Cuiaba;MT','XX','734848','2024-09-17 17:26:35'),(965,'Quadra','Consolao',94,'3','Olinda;PE','XX','701740','2024-09-17 17:26:35'),(966,'Condominio','Consolao',67,'9','Caruaru;PE','XX','731372','2024-09-17 17:26:35'),(967,'Lote','Botafogo',65,'10','Nova Iguacu;RJ','XX','704199','2024-09-17 17:26:35'),(968,'Condominio','Cambuci',6,'10','Itapipoca;CE','XX','713463','2024-09-17 17:26:35'),(969,'Apartamento','Liberdade',63,'9','Aracaju;SE','XX','795739','2024-09-17 17:26:35'),(970,'Lote','Vila Madalena',19,'4','Aparecida de Goiania;GO','XX','781746','2024-09-17 17:26:35'),(971,'Apartamento','Jardim Paulista',6,'S N','Rio de Janeiro;RJ','XX','703607','2024-09-17 17:26:35'),(972,'Apartamento','Consolao',9,'Rua','Olinda;PE','XX','738443','2024-09-17 17:26:35'),(973,'Lote','Cambuci',43,'6','Aracaju;SE','XX','782293','2024-09-17 17:26:35'),(974,'Rua','Flamengo',97,'8','Maraba;PA','XX','777598','2024-09-17 17:26:35'),(975,'Apartamento','Barra Funda',57,'1','Uberlandia;MG','XX','793790','2024-09-17 17:26:35'),(976,'Quadra','Glria',28,'3','Recife;PE','XX','729432','2024-09-17 17:26:35'),(977,'Condominio','Jardim Paulista',75,'8','Santa Maria;RS','XX','730409','2024-09-17 17:26:35'),(978,'Quadra','Laranjeiras',21,'5','Campo Grande;MS','XX','723861','2024-09-17 17:26:35'),(979,'Lote','Flamengo',20,'8','Montes Claros;MG','XX','755890','2024-09-17 17:26:35'),(980,'Lote','Copacabana',27,'4','Porto Velho;RO','XX','755922','2024-09-17 17:26:35'),(981,'Quadra','Jardim ngela.',44,'6','Sao Goncalo;RJ','XX','748265','2024-09-17 17:26:35'),(982,'Quadra','Barra Funda',39,'7','Braganca Paulista;SP','XX','726416','2024-09-17 17:26:35'),(983,'Apartamento','Glria',65,'2','Salvador;BA','XX','739174','2024-09-17 17:26:35'),(984,'Apartamento','Tatuap',5,'3','Cuiaba;MT','XX','715639','2024-09-17 17:26:35'),(985,'Lote','Vila Olmpia',100,'5','Porto Velho;RO','XX','776988','2024-09-17 17:26:35'),(986,'Rua','Perdizes',32,'3','Uberlandia;MG','XX','761257','2024-09-17 17:26:35'),(987,'Lote','Moema',54,'2','Salvador;BA','XX','710998','2024-09-17 17:26:35'),(988,'Rua','Laranjeiras',6,'Rua','Fortaleza;CE','XX','740864','2024-09-17 17:26:35'),(989,'Apartamento','Ipanema',21,'2','Juazeiro do Norte;CE','XX','726898','2024-09-17 17:26:35'),(990,'Apartamento','Bixiga',100,'10','Juazeiro do Norte;CE','XX','720291','2024-09-17 17:26:35'),(991,'Lote','Vila Ema',7,'9','Teresina;PI','XX','714766','2024-09-17 17:26:35'),(992,'Quadra','Parque do Carmo',93,'2','Barreiras;BA','XX','774188','2024-09-17 17:26:35'),(993,'Condominio','Pacaembu',38,'7','Quixada;CE','XX','769388','2024-09-17 17:26:35'),(994,'Apartamento','Aclimao',65,'7','Salvador;BA','XX','757193','2024-09-17 17:26:35'),(995,'Rua','Copacabana',98,'2','Brasilia;DF','XX','718091','2024-09-17 17:26:35'),(996,'Lote','Laranjeiras',22,'3','Rio de Janeiro;RJ','XX','766300','2024-09-17 17:26:35'),(997,'Quadra','Santana',93,'9','Aparecida de Goiania;GO','XX','733431','2024-09-17 17:26:35'),(998,'Lote','Barra da Tijuca',91,'4','Dourados;MS','XX','705840','2024-09-17 17:26:35'),(999,'Lote','Catete',94,'4','Florianopolis;SC','XX','736862','2024-09-17 17:26:35'),(1000,'Lote','Laranjeiras',9,'8','Curitiba;PR','XX','772739','2024-09-17 17:26:35');
/*!40000 ALTER TABLE `enderecos` ENABLE KEYS */;
UNLOCK TABLES;

--
-- Table structure for table `fabricantes`
--

DROP TABLE IF EXISTS `fabricantes`;
/*!40101 SET @saved_cs_client     = @@character_set_client */;
/*!50503 SET character_set_client = utf8mb4 */;
CREATE TABLE `fabricantes` (
  `id` int NOT NULL AUTO_INCREMENT,
  `nome` varchar(45) NOT NULL,
  `data_criacao` datetime NOT NULL DEFAULT CURRENT_TIMESTAMP,
  PRIMARY KEY (`id`)
) ENGINE=InnoDB AUTO_INCREMENT=16 DEFAULT CHARSET=utf8mb3;
/*!40101 SET character_set_client = @saved_cs_client */;

--
-- Dumping data for table `fabricantes`
--

LOCK TABLES `fabricantes` WRITE;
/*!40000 ALTER TABLE `fabricantes` DISABLE KEYS */;
INSERT INTO `fabricantes` VALUES (1,'Pfizer','2024-09-17 17:26:39'),(2,'Novartis','2024-09-17 17:26:39'),(3,'Sanofi','2024-09-17 17:26:39'),(4,'Bayer','2024-09-17 17:26:39'),(5,'GlaxoSmithKline','2024-09-17 17:26:39'),(6,'Johnson & Johnson','2024-09-17 17:26:39'),(7,'AstraZeneca','2024-09-17 17:26:39'),(8,'Merck & Co.','2024-09-17 17:26:39'),(9,'AbbVie','2024-09-17 17:26:39'),(10,'Eli Lilly and Company','2024-09-17 17:26:39'),(11,'Amgen','2024-09-17 17:26:39'),(12,'Bristol-Myers Squibb','2024-09-17 17:26:39'),(13,'Roche','2024-09-17 17:26:39'),(14,'Gilead Sciences','2024-09-17 17:26:39'),(15,'Novo Nordisk','2024-09-17 17:26:39');
/*!40000 ALTER TABLE `fabricantes` ENABLE KEYS */;
UNLOCK TABLES;

--
-- Table structure for table `medicos`
--

DROP TABLE IF EXISTS `medicos`;
/*!40101 SET @saved_cs_client     = @@character_set_client */;
/*!50503 SET character_set_client = utf8mb4 */;
CREATE TABLE `medicos` (
  `id` int NOT NULL AUTO_INCREMENT,
  `nome` varchar(50) NOT NULL,
  `crm` varchar(15) NOT NULL,
  `data_criacao` datetime NOT NULL DEFAULT CURRENT_TIMESTAMP,
  PRIMARY KEY (`id`)
) ENGINE=InnoDB AUTO_INCREMENT=101 DEFAULT CHARSET=utf8mb3;
/*!40101 SET character_set_client = @saved_cs_client */;

--
-- Dumping data for table `medicos`
--

LOCK TABLES `medicos` WRITE;
/*!40000 ALTER TABLE `medicos` DISABLE KEYS */;
INSERT INTO `medicos` VALUES (1,'Dr. Joo Silva','CRM10001','2024-09-17 17:39:15'),(2,'Dra. Maria Souza','CRM10002','2024-09-17 17:39:15'),(3,'Dr. Pedro Oliveira','CRM10003','2024-09-17 17:39:15'),(4,'Dra. Ana Costa','CRM10004','2024-09-17 17:39:15'),(5,'Dr. Carlos Pereira','CRM10005','2024-09-17 17:39:15'),(6,'Dra. Juliana Alves','CRM10006','2024-09-17 17:39:15'),(7,'Dr. Marcos Santos','CRM10007','2024-09-17 17:39:15'),(8,'Dra. Fernanda Lima','CRM10008','2024-09-17 17:39:15'),(9,'Dr. Ricardo Fernandes','CRM10009','2024-09-17 17:39:15'),(10,'Dra. Carolina Borges','CRM10010','2024-09-17 17:39:15'),(11,'Dr. Paulo Azevedo','CRM10011','2024-09-17 17:39:15'),(12,'Dra. Letcia Gomes','CRM10012','2024-09-17 17:39:15'),(13,'Dr. Felipe Martins','CRM10013','2024-09-17 17:39:15'),(14,'Dra. Patrcia Barros','CRM10014','2024-09-17 17:39:15'),(15,'Dr. Lucas Rocha','CRM10015','2024-09-17 17:39:15'),(16,'Dra. Beatriz Mendes','CRM10016','2024-09-17 17:39:15'),(17,'Dr. Gustavo Carvalho','CRM10017','2024-09-17 17:39:15'),(18,'Dra. Camila Ribeiro','CRM10018','2024-09-17 17:39:15'),(19,'Dr. Rafael Cardoso','CRM10019','2024-09-17 17:39:15'),(20,'Dra. Larissa Moreira','CRM10020','2024-09-17 17:39:15'),(21,'Dr. Tiago Nunes','CRM10021','2024-09-17 17:39:15'),(22,'Dra. Gabriela Freitas','CRM10022','2024-09-17 17:39:15'),(23,'Dr. Andr Teixeira','CRM10023','2024-09-17 17:39:15'),(24,'Dra. Renata Cunha','CRM10024','2024-09-17 17:39:15'),(25,'Dr. Eduardo Vieira','CRM10025','2024-09-17 17:39:15'),(26,'Dra. Vanessa Moraes','CRM10026','2024-09-17 17:39:15'),(27,'Dr. Fernando Arajo','CRM10027','2024-09-17 17:39:15'),(28,'Dra. Luana Neves','CRM10028','2024-09-17 17:39:15'),(29,'Dr. Rodrigo Monteiro','CRM10029','2024-09-17 17:39:15'),(30,'Dra. Aline Dias','CRM10030','2024-09-17 17:39:15'),(31,'Dr. Bruno Pires','CRM10031','2024-09-17 17:39:15'),(32,'Dra. Tatiana Souza','CRM10032','2024-09-17 17:39:15'),(33,'Dr. Leonardo Simes','CRM10033','2024-09-17 17:39:15'),(34,'Dra. Mariana Batista','CRM10034','2024-09-17 17:39:15'),(35,'Dr. Alexandre Lopes','CRM10035','2024-09-17 17:39:15'),(36,'Dra. Thas Almeida','CRM10036','2024-09-17 17:39:15'),(37,'Dr. Igor Correia','CRM10037','2024-09-17 17:39:15'),(38,'Dra. Cludia Reis','CRM10038','2024-09-17 17:39:15'),(39,'Dr. Victor Silva','CRM10039','2024-09-17 17:39:15'),(40,'Dra. Sabrina Ferreira','CRM10040','2024-09-17 17:39:15'),(41,'Dr. Samuel Mendes','CRM10041','2024-09-17 17:39:15'),(42,'Dra. Bruna Costa','CRM10042','2024-09-17 17:39:15'),(43,'Dr. Fbio Barreto','CRM10043','2024-09-17 17:39:15'),(44,'Dra. Adriana Campos','CRM10044','2024-09-17 17:39:15'),(45,'Dr. Guilherme Fonseca','CRM10045','2024-09-17 17:39:15'),(46,'Dra. Natlia Pimentel','CRM10046','2024-09-17 17:39:15'),(47,'Dr. Diego Martins','CRM10047','2024-09-17 17:39:15'),(48,'Dra. Roberta Tavares','CRM10048','2024-09-17 17:39:15'),(49,'Dr. Henrique Gonalves','CRM10049','2024-09-17 17:39:15'),(50,'Dra. Elisa Ramos','CRM10050','2024-09-17 17:39:15'),(51,'Dr. Joo Silva','CRM10001','2024-09-17 17:39:20'),(52,'Dra. Maria Souza','CRM10002','2024-09-17 17:39:20'),(53,'Dr. Pedro Oliveira','CRM10003','2024-09-17 17:39:20'),(54,'Dra. Ana Costa','CRM10004','2024-09-17 17:39:20'),(55,'Dr. Carlos Pereira','CRM10005','2024-09-17 17:39:20'),(56,'Dra. Juliana Alves','CRM10006','2024-09-17 17:39:20'),(57,'Dr. Marcos Santos','CRM10007','2024-09-17 17:39:20'),(58,'Dra. Fernanda Lima','CRM10008','2024-09-17 17:39:20'),(59,'Dr. Ricardo Fernandes','CRM10009','2024-09-17 17:39:20'),(60,'Dra. Carolina Borges','CRM10010','2024-09-17 17:39:20'),(61,'Dr. Paulo Azevedo','CRM10011','2024-09-17 17:39:20'),(62,'Dra. Letcia Gomes','CRM10012','2024-09-17 17:39:20'),(63,'Dr. Felipe Martins','CRM10013','2024-09-17 17:39:20'),(64,'Dra. Patrcia Barros','CRM10014','2024-09-17 17:39:20'),(65,'Dr. Lucas Rocha','CRM10015','2024-09-17 17:39:20'),(66,'Dra. Beatriz Mendes','CRM10016','2024-09-17 17:39:20'),(67,'Dr. Gustavo Carvalho','CRM10017','2024-09-17 17:39:20'),(68,'Dra. Camila Ribeiro','CRM10018','2024-09-17 17:39:20'),(69,'Dr. Rafael Cardoso','CRM10019','2024-09-17 17:39:20'),(70,'Dra. Larissa Moreira','CRM10020','2024-09-17 17:39:20'),(71,'Dr. Tiago Nunes','CRM10021','2024-09-17 17:39:20'),(72,'Dra. Gabriela Freitas','CRM10022','2024-09-17 17:39:20'),(73,'Dr. Andr Teixeira','CRM10023','2024-09-17 17:39:20'),(74,'Dra. Renata Cunha','CRM10024','2024-09-17 17:39:20'),(75,'Dr. Eduardo Vieira','CRM10025','2024-09-17 17:39:20'),(76,'Dra. Vanessa Moraes','CRM10026','2024-09-17 17:39:20'),(77,'Dr. Fernando Arajo','CRM10027','2024-09-17 17:39:20'),(78,'Dra. Luana Neves','CRM10028','2024-09-17 17:39:20'),(79,'Dr. Rodrigo Monteiro','CRM10029','2024-09-17 17:39:20'),(80,'Dra. Aline Dias','CRM10030','2024-09-17 17:39:20'),(81,'Dr. Bruno Pires','CRM10031','2024-09-17 17:39:20'),(82,'Dra. Tatiana Souza','CRM10032','2024-09-17 17:39:20'),(83,'Dr. Leonardo Simes','CRM10033','2024-09-17 17:39:20'),(84,'Dra. Mariana Batista','CRM10034','2024-09-17 17:39:20'),(85,'Dr. Alexandre Lopes','CRM10035','2024-09-17 17:39:20'),(86,'Dra. Thas Almeida','CRM10036','2024-09-17 17:39:20'),(87,'Dr. Igor Correia','CRM10037','2024-09-17 17:39:20'),(88,'Dra. Cludia Reis','CRM10038','2024-09-17 17:39:20'),(89,'Dr. Victor Silva','CRM10039','2024-09-17 17:39:20'),(90,'Dra. Sabrina Ferreira','CRM10040','2024-09-17 17:39:20'),(91,'Dr. Samuel Mendes','CRM10041','2024-09-17 17:39:20'),(92,'Dra. Bruna Costa','CRM10042','2024-09-17 17:39:20'),(93,'Dr. Fbio Barreto','CRM10043','2024-09-17 17:39:20'),(94,'Dra. Adriana Campos','CRM10044','2024-09-17 17:39:20'),(95,'Dr. Guilherme Fonseca','CRM10045','2024-09-17 17:39:20'),(96,'Dra. Natlia Pimentel','CRM10046','2024-09-17 17:39:20'),(97,'Dr. Diego Martins','CRM10047','2024-09-17 17:39:20'),(98,'Dra. Roberta Tavares','CRM10048','2024-09-17 17:39:20'),(99,'Dr. Henrique Gonalves','CRM10049','2024-09-17 17:39:20'),(100,'Dra. Elisa Ramos','CRM10050','2024-09-17 17:39:20');
/*!40000 ALTER TABLE `medicos` ENABLE KEYS */;
UNLOCK TABLES;

--
-- Table structure for table `produtos`
--

DROP TABLE IF EXISTS `produtos`;
/*!40101 SET @saved_cs_client     = @@character_set_client */;
/*!50503 SET character_set_client = utf8mb4 */;
CREATE TABLE `produtos` (
  `id` int NOT NULL AUTO_INCREMENT,
  `nome` varchar(45) NOT NULL,
  `descricao` varchar(45) NOT NULL,
  `valor` decimal(10,2) NOT NULL,
  `data_criacao` datetime NOT NULL DEFAULT CURRENT_TIMESTAMP,
  `fabricantes_id` int NOT NULL,
  `tipos_produtos_id` int NOT NULL,
  PRIMARY KEY (`id`),
  KEY `fk_produtos_fabricantes1_idx` (`fabricantes_id`),
  KEY `fk_produtos_tipos_produtos1_idx` (`tipos_produtos_id`),
  CONSTRAINT `fk_produtos_fabricantes1` FOREIGN KEY (`fabricantes_id`) REFERENCES `fabricantes` (`id`),
  CONSTRAINT `fk_produtos_tipos_produtos1` FOREIGN KEY (`tipos_produtos_id`) REFERENCES `tipos_produtos` (`id`)
) ENGINE=InnoDB AUTO_INCREMENT=78 DEFAULT CHARSET=utf8mb3;
/*!40101 SET character_set_client = @saved_cs_client */;

--
-- Dumping data for table `produtos`
--

LOCK TABLES `produtos` WRITE;
/*!40000 ALTER TABLE `produtos` DISABLE KEYS */;
INSERT INTO `produtos` VALUES (1,'Paracetamol','Analgsico',12.50,'2024-09-17 17:26:39',1,1),(2,'Dipirona','Analgsico',10.00,'2024-09-17 17:26:39',2,1),(3,'Ibuprofeno','Anti-inflamatrio',15.75,'2024-09-17 17:26:39',3,1),(4,'Amoxicilina','Antibitico',20.00,'2024-09-17 17:26:39',4,1),(5,'Cefalexina','Antibitico',18.50,'2024-09-17 17:26:39',5,1),(6,'Vitamina C','Suplemento Vitamnico',25.00,'2024-09-17 17:26:39',6,3),(7,'Vitamina D','Suplemento Vitamnico',22.00,'2024-09-17 17:26:39',7,3),(8,'Multivitamnico','Suplemento Vitamnico',30.00,'2024-09-17 17:26:39',8,3),(9,'Shampoo X','Cosmtico Capilar',18.00,'2024-09-17 17:26:39',9,2),(10,'Condicionador Y','Cosmtico Capilar',20.00,'2024-09-17 17:26:39',10,2),(11,'Mscara Z','Cosmtico Capilar',25.00,'2024-09-17 17:26:39',11,2),(12,'Sabonete Lquido','Higiene Pessoal',10.00,'2024-09-17 17:26:39',12,4),(13,'Desodorante Roll-on','Higiene Pessoal',12.50,'2024-09-17 17:26:39',13,4),(14,'lcool em Gel','Higiene Pessoal',8.00,'2024-09-17 17:26:39',14,4),(15,'Aloe Vera Gel','Produto Natural',15.00,'2024-09-17 17:26:39',15,5),(16,'leo de Coco','Produto Natural',20.00,'2024-09-17 17:26:39',1,5),(17,'Ch de Camomila','Produto Natural',12.00,'2024-09-17 17:26:39',2,5),(18,'Termmetro Digital','Equipamento Hospitalar',45.00,'2024-09-17 17:26:39',3,6),(19,'Pulsoximetro','Equipamento Hospitalar',75.00,'2024-09-17 17:26:39',4,6),(20,'Eletrocardigrafo','Equipamento Hospitalar',500.00,'2024-09-17 17:26:39',5,6),(21,'lcool 70%','Antissptico',5.00,'2024-09-17 17:26:39',6,7),(22,'Iodo','Antissptico',7.00,'2024-09-17 17:26:39',7,7),(23,'Clorexidina','Antissptico',12.00,'2024-09-17 17:26:39',8,7),(24,'Pomada para Cortes','Pomada',18.00,'2024-09-17 17:26:39',9,15),(25,'Pomada Anti-inflamatria','Pomada',22.00,'2024-09-17 17:26:39',10,15),(26,'Pomada para Dor Muscular','Pomada',20.00,'2024-09-17 17:26:39',11,15),(27,'Creme Hidratante','Creme Dermatolgico',30.00,'2024-09-17 17:26:39',12,14),(28,'Creme Anti-envelhecimento','Creme Dermatolgico',45.00,'2024-09-17 17:26:39',13,14),(29,'Creme para Eczema','Creme Dermatolgico',35.00,'2024-09-17 17:26:39',14,14),(30,'Loo Hidratante','Loo',25.00,'2024-09-17 17:26:39',15,16),(31,'Loo para Queimaduras','Loo',20.00,'2024-09-17 17:26:39',1,16),(32,'Loo Adstringente','Loo',22.00,'2024-09-17 17:26:39',2,16),(33,'Vitamina C','Vitamina',25.00,'2024-09-17 17:26:39',3,17),(34,'Vitamina B12','Vitamina',18.00,'2024-09-17 17:26:39',4,17),(35,'Vitamina E','Vitamina',22.00,'2024-09-17 17:26:39',5,17),(36,'Magnsio','Mineral',15.00,'2024-09-17 17:26:39',6,18),(37,'Clcio','Mineral',20.00,'2024-09-17 17:26:39',7,18),(38,'Ferro','Mineral',17.00,'2024-09-17 17:26:39',8,18),(39,'Shampoo Hidratante','Produto para Cuidados com os Cabelos',22.00,'2024-09-17 17:26:39',9,19),(40,'Condicionador Anti-quebra','Produto para Cuidados com os Cabelos',25.00,'2024-09-17 17:26:39',10,19),(41,'Mscara Reconstrutora','Produto para Cuidados com os Cabelos',30.00,'2024-09-17 17:26:39',11,19),(42,'Creme Facial','Produto para Cuidados com a Pele',28.00,'2024-09-17 17:26:39',12,20),(43,'Tnico Facial','Produto para Cuidados com a Pele',22.00,'2024-09-17 17:26:39',13,20),(44,'Emulso Anti-acne','Produto para Cuidados com a Pele',24.00,'2024-09-17 17:26:39',14,20),(45,'Protetor Solar Fator 30','Protetor Solar',35.00,'2024-09-17 17:26:39',15,21),(46,'Protetor Solar Fator 50','Protetor Solar',40.00,'2024-09-17 17:26:39',1,21),(47,'Protetor Solar Fator 15','Protetor Solar',25.00,'2024-09-17 17:26:39',2,21),(48,'Antissptico Bucal Clorexidina','Antissptico Bucal',15.00,'2024-09-17 17:26:39',3,22),(49,'Antissptico Bucal lcool','Antissptico Bucal',10.00,'2024-09-17 17:26:39',4,22),(50,'Antissptico Bucal leo de Coco','Antissptico Bucal',12.00,'2024-09-17 17:26:39',5,22),(51,'Clareador Dental Kit','Clareador Dental',60.00,'2024-09-17 17:26:39',6,23),(52,'Pasta Clareadora','Clareador Dental',20.00,'2024-09-17 17:26:39',7,23),(53,'Emulso Clareadora','Clareador Dental',25.00,'2024-09-17 17:26:39',8,23),(54,'Hidratante Corporal','Hidratante',30.00,'2024-09-17 17:26:39',9,24),(55,'Hidratante Facial','Hidratante',28.00,'2024-09-17 17:26:39',10,24),(56,'Hidratante para Mos','Hidratante',15.00,'2024-09-17 17:26:39',11,24),(57,'Emulso Hidratante','Emulso',30.00,'2024-09-17 17:26:39',12,25),(58,'Emulso Anti-envelhecimento','Emulso',35.00,'2024-09-17 17:26:39',13,25),(59,'Emulso Protetora','Emulso',32.00,'2024-09-17 17:26:39',14,25),(60,'Xarope para Tosse','Xarope',18.00,'2024-09-17 17:26:39',15,26),(61,'Xarope para Garganta','Xarope',20.00,'2024-09-17 17:26:39',1,26),(62,'Xarope Expectorante','Xarope',22.00,'2024-09-17 17:26:39',2,26),(63,'Gel para Cabelos','Gel',15.00,'2024-09-17 17:26:39',3,27),(64,'Gel Desinfetante','Gel',12.00,'2024-09-17 17:26:39',4,27),(65,'Gel para Dor Muscular','Gel',18.00,'2024-09-17 17:26:39',5,27),(66,'Lente de Contato Diria','Lentes de Contato',35.00,'2024-09-17 17:26:39',6,28),(67,'Lente de Contato Mensal','Lentes de Contato',70.00,'2024-09-17 17:26:39',7,28),(68,'Lente de Contato Trica','Lentes de Contato',85.00,'2024-09-17 17:26:39',8,28),(69,'Curativo Adesivo','Curativos',5.00,'2024-09-17 17:26:39',9,29),(70,'Curativo Transparente','Curativos',8.00,'2024-09-17 17:26:39',10,29),(71,'Curativo para Queimaduras','Curativos',12.00,'2024-09-17 17:26:39',11,29),(72,'Monitor de Presso','Equipamentos de Monitoramento',80.00,'2024-09-17 17:26:39',12,30),(73,'Medidor de Glicose','Equipamentos de Monitoramento',45.00,'2024-09-17 17:26:39',13,30),(74,'Pulsoximetro','Equipamentos de Monitoramento',60.00,'2024-09-17 17:26:39',14,30),(75,'Kit de Primeiros Socorros','Produtos de Primeiros Socorros',50.00,'2024-09-17 17:26:39',15,31),(76,'Desfibrilador','Produtos de Primeiros Socorros',1200.00,'2024-09-17 17:26:39',1,31),(77,'Atadura de Gaze','Produtos de Primeiros Socorros',10.00,'2024-09-17 17:26:39',2,31);
/*!40000 ALTER TABLE `produtos` ENABLE KEYS */;
UNLOCK TABLES;

--
-- Table structure for table `produtos_compras`
--

DROP TABLE IF EXISTS `produtos_compras`;
/*!40101 SET @saved_cs_client     = @@character_set_client */;
/*!50503 SET character_set_client = utf8mb4 */;
CREATE TABLE `produtos_compras` (
  `id` int NOT NULL AUTO_INCREMENT,
  `quantidade` int NOT NULL,
  `data_criacao` datetime NOT NULL DEFAULT CURRENT_TIMESTAMP,
  `compras_id` int NOT NULL,
  `produtos_id` int NOT NULL,
  PRIMARY KEY (`id`),
  KEY `fk_compras_has_produtos_produtos1_idx` (`produtos_id`),
  KEY `fk_compras_has_produtos_compras1_idx` (`compras_id`),
  CONSTRAINT `fk_compras_has_produtos_compras1` FOREIGN KEY (`compras_id`) REFERENCES `compras` (`id`),
  CONSTRAINT `fk_compras_has_produtos_produtos1` FOREIGN KEY (`produtos_id`) REFERENCES `produtos` (`id`)
) ENGINE=InnoDB AUTO_INCREMENT=1001 DEFAULT CHARSET=utf8mb3;
/*!40101 SET character_set_client = @saved_cs_client */;

--
-- Dumping data for table `produtos_compras`
--

LOCK TABLES `produtos_compras` WRITE;
/*!40000 ALTER TABLE `produtos_compras` DISABLE KEYS */;
INSERT INTO `produtos_compras` VALUES (1,1,'2024-09-17 17:26:39',627,35),(2,4,'2024-09-17 17:26:39',269,11),(3,9,'2024-09-17 17:26:39',18,6),(4,1,'2024-09-17 17:26:39',459,9),(5,5,'2024-09-17 17:26:39',170,4),(6,3,'2024-09-17 17:26:39',371,66),(7,6,'2024-09-17 17:26:39',644,16),(8,9,'2024-09-17 17:26:39',44,14),(9,4,'2024-09-17 17:26:39',392,75),(10,4,'2024-09-17 17:26:39',656,64),(11,10,'2024-09-17 17:26:39',430,1),(12,2,'2024-09-17 17:26:39',7,49),(13,1,'2024-09-17 17:26:39',200,64),(14,9,'2024-09-17 17:26:39',596,15),(15,6,'2024-09-17 17:26:39',237,28),(16,5,'2024-09-17 17:26:39',588,11),(17,5,'2024-09-17 17:26:39',450,47),(18,8,'2024-09-17 17:26:39',259,18),(19,1,'2024-09-17 17:26:39',62,49),(20,10,'2024-09-17 17:26:39',416,27),(21,2,'2024-09-17 17:26:39',763,34),(22,2,'2024-09-17 17:26:39',174,68),(23,10,'2024-09-17 17:26:39',630,8),(24,3,'2024-09-17 17:26:39',371,70),(25,6,'2024-09-17 17:26:39',288,27),(26,4,'2024-09-17 17:26:39',238,74),(27,2,'2024-09-17 17:26:39',742,54),(28,2,'2024-09-17 17:26:39',267,46),(29,3,'2024-09-17 17:26:39',757,35),(30,6,'2024-09-17 17:26:39',603,25),(31,2,'2024-09-17 17:26:39',137,21),(32,5,'2024-09-17 17:26:39',629,9),(33,6,'2024-09-17 17:26:39',317,36),(34,9,'2024-09-17 17:26:39',440,9),(35,2,'2024-09-17 17:26:39',244,48),(36,8,'2024-09-17 17:26:39',49,5),(37,5,'2024-09-17 17:26:39',95,60),(38,8,'2024-09-17 17:26:39',181,74),(39,6,'2024-09-17 17:26:39',277,22),(40,5,'2024-09-17 17:26:39',173,67),(41,10,'2024-09-17 17:26:39',130,55),(42,7,'2024-09-17 17:26:39',161,16),(43,2,'2024-09-17 17:26:39',733,66),(44,6,'2024-09-17 17:26:39',14,50),(45,6,'2024-09-17 17:26:39',3,50),(46,1,'2024-09-17 17:26:39',475,20),(47,2,'2024-09-17 17:26:39',258,18),(48,10,'2024-09-17 17:26:39',554,68),(49,2,'2024-09-17 17:26:39',358,38),(50,8,'2024-09-17 17:26:39',364,27),(51,9,'2024-09-17 17:26:39',339,53),(52,1,'2024-09-17 17:26:39',656,63),(53,3,'2024-09-17 17:26:39',669,69),(54,6,'2024-09-17 17:26:39',470,35),(55,2,'2024-09-17 17:26:39',322,32),(56,9,'2024-09-17 17:26:39',346,30),(57,4,'2024-09-17 17:26:39',127,52),(58,8,'2024-09-17 17:26:39',454,18),(59,2,'2024-09-17 17:26:39',17,12),(60,9,'2024-09-17 17:26:39',329,52),(61,9,'2024-09-17 17:26:39',405,72),(62,9,'2024-09-17 17:26:39',699,20),(63,1,'2024-09-17 17:26:39',368,37),(64,8,'2024-09-17 17:26:39',467,70),(65,6,'2024-09-17 17:26:39',222,28),(66,10,'2024-09-17 17:26:39',741,43),(67,4,'2024-09-17 17:26:39',709,11),(68,3,'2024-09-17 17:26:39',270,40),(69,10,'2024-09-17 17:26:39',541,51),(70,3,'2024-09-17 17:26:39',734,51),(71,9,'2024-09-17 17:26:39',417,53),(72,4,'2024-09-17 17:26:39',62,54),(73,9,'2024-09-17 17:26:39',541,29),(74,9,'2024-09-17 17:26:39',110,77),(75,10,'2024-09-17 17:26:39',308,3),(76,9,'2024-09-17 17:26:39',577,29),(77,2,'2024-09-17 17:26:39',449,59),(78,9,'2024-09-17 17:26:39',302,13),(79,6,'2024-09-17 17:26:39',37,44),(80,10,'2024-09-17 17:26:39',717,11),(81,3,'2024-09-17 17:26:39',687,59),(82,7,'2024-09-17 17:26:39',301,27),(83,8,'2024-09-17 17:26:39',519,7),(84,3,'2024-09-17 17:26:39',326,66),(85,3,'2024-09-17 17:26:39',353,14),(86,8,'2024-09-17 17:26:39',754,68),(87,6,'2024-09-17 17:26:39',605,37),(88,6,'2024-09-17 17:26:39',423,33),(89,5,'2024-09-17 17:26:39',661,29),(90,3,'2024-09-17 17:26:39',671,30),(91,1,'2024-09-17 17:26:39',763,24),(92,7,'2024-09-17 17:26:39',631,52),(93,3,'2024-09-17 17:26:39',250,20),(94,9,'2024-09-17 17:26:39',50,60),(95,1,'2024-09-17 17:26:39',760,60),(96,7,'2024-09-17 17:26:39',54,16),(97,7,'2024-09-17 17:26:39',587,73),(98,3,'2024-09-17 17:26:39',563,32),(99,7,'2024-09-17 17:26:39',629,39),(100,10,'2024-09-17 17:26:39',45,70),(101,9,'2024-09-17 17:26:39',71,63),(102,6,'2024-09-17 17:26:39',746,12),(103,9,'2024-09-17 17:26:39',712,33),(104,4,'2024-09-17 17:26:39',686,4),(105,4,'2024-09-17 17:26:39',428,68),(106,5,'2024-09-17 17:26:39',493,6),(107,4,'2024-09-17 17:26:39',696,53),(108,5,'2024-09-17 17:26:39',12,66),(109,9,'2024-09-17 17:26:39',655,59),(110,1,'2024-09-17 17:26:39',178,41),(111,5,'2024-09-17 17:26:39',33,33),(112,6,'2024-09-17 17:26:39',713,20),(113,3,'2024-09-17 17:26:39',413,72),(114,6,'2024-09-17 17:26:39',594,45),(115,10,'2024-09-17 17:26:39',92,19),(116,4,'2024-09-17 17:26:39',89,43),(117,9,'2024-09-17 17:26:39',402,14),(118,5,'2024-09-17 17:26:39',287,13),(119,5,'2024-09-17 17:26:39',97,42),(120,8,'2024-09-17 17:26:39',375,16),(121,2,'2024-09-17 17:26:39',298,47),(122,10,'2024-09-17 17:26:39',126,26),(123,4,'2024-09-17 17:26:39',603,34),(124,2,'2024-09-17 17:26:39',727,10),(125,8,'2024-09-17 17:26:39',485,71),(126,6,'2024-09-17 17:26:39',706,26),(127,5,'2024-09-17 17:26:39',535,53),(128,4,'2024-09-17 17:26:39',495,74),(129,4,'2024-09-17 17:26:39',285,41),(130,9,'2024-09-17 17:26:39',704,76),(131,2,'2024-09-17 17:26:39',528,31),(132,8,'2024-09-17 17:26:39',397,11),(133,4,'2024-09-17 17:26:39',290,36),(134,5,'2024-09-17 17:26:39',718,74),(135,8,'2024-09-17 17:26:39',97,28),(136,8,'2024-09-17 17:26:39',428,73),(137,5,'2024-09-17 17:26:39',685,61),(138,1,'2024-09-17 17:26:39',250,5),(139,8,'2024-09-17 17:26:39',691,77),(140,9,'2024-09-17 17:26:39',114,2),(141,3,'2024-09-17 17:26:39',730,69),(142,7,'2024-09-17 17:26:39',571,76),(143,8,'2024-09-17 17:26:39',520,60),(144,5,'2024-09-17 17:26:39',599,33),(145,4,'2024-09-17 17:26:39',475,16),(146,5,'2024-09-17 17:26:39',393,26),(147,9,'2024-09-17 17:26:39',291,77),(148,3,'2024-09-17 17:26:39',116,59),(149,5,'2024-09-17 17:26:39',36,10),(150,6,'2024-09-17 17:26:39',3,24),(151,8,'2024-09-17 17:26:39',748,57),(152,7,'2024-09-17 17:26:39',131,35),(153,10,'2024-09-17 17:26:39',23,18),(154,4,'2024-09-17 17:26:39',701,32),(155,4,'2024-09-17 17:26:39',681,19),(156,4,'2024-09-17 17:26:39',295,54),(157,5,'2024-09-17 17:26:39',311,45),(158,3,'2024-09-17 17:26:39',242,8),(159,2,'2024-09-17 17:26:39',423,18),(160,9,'2024-09-17 17:26:39',711,41),(161,5,'2024-09-17 17:26:39',500,6),(162,3,'2024-09-17 17:26:39',723,42),(163,1,'2024-09-17 17:26:39',153,43),(164,3,'2024-09-17 17:26:39',239,7),(165,1,'2024-09-17 17:26:39',691,62),(166,10,'2024-09-17 17:26:39',44,24),(167,7,'2024-09-17 17:26:39',630,8),(168,6,'2024-09-17 17:26:39',74,42),(169,2,'2024-09-17 17:26:39',247,64),(170,6,'2024-09-17 17:26:39',100,76),(171,6,'2024-09-17 17:26:39',79,36),(172,3,'2024-09-17 17:26:39',302,3),(173,10,'2024-09-17 17:26:39',490,28),(174,7,'2024-09-17 17:26:39',161,42),(175,8,'2024-09-17 17:26:39',276,57),(176,6,'2024-09-17 17:26:39',439,45),(177,7,'2024-09-17 17:26:39',371,24),(178,3,'2024-09-17 17:26:39',511,60),(179,3,'2024-09-17 17:26:39',630,62),(180,1,'2024-09-17 17:26:39',731,56),(181,4,'2024-09-17 17:26:39',397,7),(182,3,'2024-09-17 17:26:39',195,70),(183,4,'2024-09-17 17:26:39',192,20),(184,1,'2024-09-17 17:26:39',639,32),(185,5,'2024-09-17 17:26:39',72,11),(186,9,'2024-09-17 17:26:39',333,35),(187,8,'2024-09-17 17:26:39',226,71),(188,8,'2024-09-17 17:26:39',409,12),(189,5,'2024-09-17 17:26:39',57,18),(190,7,'2024-09-17 17:26:39',284,21),(191,9,'2024-09-17 17:26:39',301,5),(192,4,'2024-09-17 17:26:39',231,76),(193,6,'2024-09-17 17:26:39',124,38),(194,7,'2024-09-17 17:26:39',613,52),(195,8,'2024-09-17 17:26:39',491,6),(196,10,'2024-09-17 17:26:39',595,21),(197,8,'2024-09-17 17:26:39',377,20),(198,1,'2024-09-17 17:26:39',727,29),(199,1,'2024-09-17 17:26:39',477,20),(200,7,'2024-09-17 17:26:39',620,13),(201,10,'2024-09-17 17:26:39',48,65),(202,3,'2024-09-17 17:26:39',539,53),(203,10,'2024-09-17 17:26:39',668,27),(204,2,'2024-09-17 17:26:39',696,26),(205,5,'2024-09-17 17:26:39',554,2),(206,4,'2024-09-17 17:26:39',354,22),(207,5,'2024-09-17 17:26:39',64,62),(208,7,'2024-09-17 17:26:39',121,24),(209,6,'2024-09-17 17:26:39',179,27),(210,10,'2024-09-17 17:26:39',535,77),(211,7,'2024-09-17 17:26:39',506,23),(212,1,'2024-09-17 17:26:39',277,16),(213,5,'2024-09-17 17:26:39',441,70),(214,4,'2024-09-17 17:26:39',105,34),(215,7,'2024-09-17 17:26:39',59,43),(216,7,'2024-09-17 17:26:39',38,69),(217,6,'2024-09-17 17:26:39',288,20),(218,1,'2024-09-17 17:26:39',90,70),(219,6,'2024-09-17 17:26:39',736,60),(220,8,'2024-09-17 17:26:39',280,72),(221,7,'2024-09-17 17:26:39',696,2),(222,4,'2024-09-17 17:26:39',399,1),(223,8,'2024-09-17 17:26:39',730,20),(224,2,'2024-09-17 17:26:39',124,23),(225,4,'2024-09-17 17:26:39',557,46),(226,9,'2024-09-17 17:26:39',341,43),(227,6,'2024-09-17 17:26:39',340,5),(228,6,'2024-09-17 17:26:39',3,6),(229,6,'2024-09-17 17:26:39',514,53),(230,4,'2024-09-17 17:26:39',491,1),(231,9,'2024-09-17 17:26:39',754,34),(232,4,'2024-09-17 17:26:39',79,34),(233,5,'2024-09-17 17:26:39',448,26),(234,3,'2024-09-17 17:26:39',763,39),(235,10,'2024-09-17 17:26:39',599,28),(236,4,'2024-09-17 17:26:39',750,17),(237,2,'2024-09-17 17:26:39',340,76),(238,9,'2024-09-17 17:26:39',532,10),(239,2,'2024-09-17 17:26:39',237,9),(240,10,'2024-09-17 17:26:39',416,47),(241,2,'2024-09-17 17:26:39',701,15),(242,6,'2024-09-17 17:26:39',464,14),(243,4,'2024-09-17 17:26:39',83,37),(244,9,'2024-09-17 17:26:39',734,32),(245,5,'2024-09-17 17:26:39',480,74),(246,4,'2024-09-17 17:26:39',576,55),(247,10,'2024-09-17 17:26:39',444,74),(248,1,'2024-09-17 17:26:39',425,17),(249,6,'2024-09-17 17:26:39',498,37),(250,2,'2024-09-17 17:26:39',411,7),(251,2,'2024-09-17 17:26:39',473,51),(252,1,'2024-09-17 17:26:39',455,72),(253,5,'2024-09-17 17:26:39',630,72),(254,10,'2024-09-17 17:26:39',552,55),(255,8,'2024-09-17 17:26:39',338,77),(256,7,'2024-09-17 17:26:39',310,4),(257,8,'2024-09-17 17:26:39',338,77),(258,4,'2024-09-17 17:26:39',401,53),(259,4,'2024-09-17 17:26:39',166,14),(260,1,'2024-09-17 17:26:39',546,33),(261,6,'2024-09-17 17:26:39',518,63),(262,6,'2024-09-17 17:26:39',532,10),(263,2,'2024-09-17 17:26:39',256,56),(264,1,'2024-09-17 17:26:39',530,5),(265,7,'2024-09-17 17:26:39',521,23),(266,6,'2024-09-17 17:26:39',340,1),(267,4,'2024-09-17 17:26:39',482,69),(268,4,'2024-09-17 17:26:39',686,33),(269,6,'2024-09-17 17:26:39',423,41),(270,4,'2024-09-17 17:26:39',543,3),(271,4,'2024-09-17 17:26:39',146,33),(272,5,'2024-09-17 17:26:39',733,3),(273,4,'2024-09-17 17:26:39',739,46),(274,1,'2024-09-17 17:26:39',467,60),(275,8,'2024-09-17 17:26:39',757,32),(276,10,'2024-09-17 17:26:39',281,59),(277,3,'2024-09-17 17:26:39',149,46),(278,4,'2024-09-17 17:26:39',347,50),(279,5,'2024-09-17 17:26:39',211,66),(280,7,'2024-09-17 17:26:39',344,36),(281,7,'2024-09-17 17:26:39',507,56),(282,2,'2024-09-17 17:26:39',379,54),(283,5,'2024-09-17 17:26:39',163,65),(284,3,'2024-09-17 17:26:39',556,53),(285,6,'2024-09-17 17:26:39',124,22),(286,6,'2024-09-17 17:26:39',576,4),(287,9,'2024-09-17 17:26:39',30,41),(288,6,'2024-09-17 17:26:39',310,65),(289,10,'2024-09-17 17:26:39',651,77),(290,3,'2024-09-17 17:26:39',635,74),(291,3,'2024-09-17 17:26:39',338,67),(292,5,'2024-09-17 17:26:39',255,26),(293,5,'2024-09-17 17:26:39',169,62),(294,10,'2024-09-17 17:26:39',193,51),(295,4,'2024-09-17 17:26:40',672,42),(296,1,'2024-09-17 17:26:40',302,21),(297,2,'2024-09-17 17:26:40',474,57),(298,4,'2024-09-17 17:26:40',509,26),(299,6,'2024-09-17 17:26:40',1,41),(300,6,'2024-09-17 17:26:40',550,53),(301,9,'2024-09-17 17:26:40',385,15),(302,5,'2024-09-17 17:26:40',315,73),(303,5,'2024-09-17 17:26:40',539,7),(304,1,'2024-09-17 17:26:40',511,68),(305,3,'2024-09-17 17:26:40',415,48),(306,10,'2024-09-17 17:26:40',317,77),(307,1,'2024-09-17 17:26:40',126,61),(308,1,'2024-09-17 17:26:40',43,2),(309,6,'2024-09-17 17:26:40',522,60),(310,9,'2024-09-17 17:26:40',284,16),(311,8,'2024-09-17 17:26:40',202,3),(312,6,'2024-09-17 17:26:40',594,55),(313,6,'2024-09-17 17:26:40',699,8),(314,3,'2024-09-17 17:26:40',56,2),(315,10,'2024-09-17 17:26:40',147,9),(316,1,'2024-09-17 17:26:40',233,62),(317,5,'2024-09-17 17:26:40',695,11),(318,6,'2024-09-17 17:26:40',381,2),(319,4,'2024-09-17 17:26:40',751,32),(320,4,'2024-09-17 17:26:40',137,37),(321,4,'2024-09-17 17:26:40',67,38),(322,4,'2024-09-17 17:26:40',538,50),(323,4,'2024-09-17 17:26:40',232,28),(324,10,'2024-09-17 17:26:40',82,6),(325,4,'2024-09-17 17:26:40',322,67),(326,1,'2024-09-17 17:26:40',675,41),(327,10,'2024-09-17 17:26:40',241,47),(328,10,'2024-09-17 17:26:40',507,71),(329,10,'2024-09-17 17:26:40',305,30),(330,4,'2024-09-17 17:26:40',714,1),(331,2,'2024-09-17 17:26:40',247,65),(332,5,'2024-09-17 17:26:40',469,34),(333,3,'2024-09-17 17:26:40',539,54),(334,7,'2024-09-17 17:26:40',726,27),(335,9,'2024-09-17 17:26:40',179,72),(336,5,'2024-09-17 17:26:40',356,34),(337,4,'2024-09-17 17:26:40',459,48),(338,4,'2024-09-17 17:26:40',352,37),(339,10,'2024-09-17 17:26:40',274,74),(340,4,'2024-09-17 17:26:40',74,48),(341,10,'2024-09-17 17:26:40',118,53),(342,6,'2024-09-17 17:26:40',91,57),(343,9,'2024-09-17 17:26:40',300,68),(344,7,'2024-09-17 17:26:40',470,19),(345,5,'2024-09-17 17:26:40',12,13),(346,4,'2024-09-17 17:26:40',190,74),(347,10,'2024-09-17 17:26:40',286,51),(348,8,'2024-09-17 17:26:40',693,41),(349,3,'2024-09-17 17:26:40',536,26),(350,7,'2024-09-17 17:26:40',509,41),(351,8,'2024-09-17 17:26:40',386,57),(352,10,'2024-09-17 17:26:40',331,69),(353,9,'2024-09-17 17:26:40',677,6),(354,5,'2024-09-17 17:26:40',684,8),(355,6,'2024-09-17 17:26:40',336,36),(356,10,'2024-09-17 17:26:40',584,59),(357,6,'2024-09-17 17:26:40',577,33),(358,9,'2024-09-17 17:26:40',652,25),(359,9,'2024-09-17 17:26:40',587,38),(360,7,'2024-09-17 17:26:40',210,7),(361,10,'2024-09-17 17:26:40',161,43),(362,8,'2024-09-17 17:26:40',488,27),(363,3,'2024-09-17 17:26:40',559,17),(364,6,'2024-09-17 17:26:40',426,26),(365,8,'2024-09-17 17:26:40',383,69),(366,4,'2024-09-17 17:26:40',460,20),(367,8,'2024-09-17 17:26:40',407,69),(368,2,'2024-09-17 17:26:40',560,51),(369,7,'2024-09-17 17:26:40',469,29),(370,10,'2024-09-17 17:26:40',724,21),(371,10,'2024-09-17 17:26:40',612,58),(372,9,'2024-09-17 17:26:40',296,73),(373,7,'2024-09-17 17:26:40',463,3),(374,8,'2024-09-17 17:26:40',363,48),(375,5,'2024-09-17 17:26:40',631,63),(376,10,'2024-09-17 17:26:40',107,55),(377,7,'2024-09-17 17:26:40',422,52),(378,2,'2024-09-17 17:26:40',714,58),(379,5,'2024-09-17 17:26:40',522,42),(380,9,'2024-09-17 17:26:40',741,62),(381,6,'2024-09-17 17:26:40',280,64),(382,1,'2024-09-17 17:26:40',123,38),(383,8,'2024-09-17 17:26:40',629,37),(384,4,'2024-09-17 17:26:40',598,6),(385,5,'2024-09-17 17:26:40',636,72),(386,9,'2024-09-17 17:26:40',326,68),(387,6,'2024-09-17 17:26:40',750,50),(388,8,'2024-09-17 17:26:40',132,42),(389,2,'2024-09-17 17:26:40',578,37),(390,4,'2024-09-17 17:26:40',242,24),(391,2,'2024-09-17 17:26:40',590,73),(392,3,'2024-09-17 17:26:40',542,69),(393,10,'2024-09-17 17:26:40',426,13),(394,1,'2024-09-17 17:26:40',257,75),(395,1,'2024-09-17 17:26:40',551,2),(396,4,'2024-09-17 17:26:40',199,65),(397,6,'2024-09-17 17:26:40',46,60),(398,5,'2024-09-17 17:26:40',621,70),(399,8,'2024-09-17 17:26:40',397,19),(400,9,'2024-09-17 17:26:40',493,73),(401,2,'2024-09-17 17:26:40',710,74),(402,9,'2024-09-17 17:26:40',333,29),(403,2,'2024-09-17 17:26:40',186,31),(404,4,'2024-09-17 17:26:40',147,38),(405,10,'2024-09-17 17:26:40',182,55),(406,9,'2024-09-17 17:26:40',193,27),(407,3,'2024-09-17 17:26:40',365,4),(408,7,'2024-09-17 17:26:40',103,55),(409,4,'2024-09-17 17:26:40',431,70),(410,7,'2024-09-17 17:26:40',729,27),(411,5,'2024-09-17 17:26:40',109,13),(412,8,'2024-09-17 17:26:40',315,69),(413,2,'2024-09-17 17:26:40',32,44),(414,7,'2024-09-17 17:26:40',616,66),(415,10,'2024-09-17 17:26:40',10,57),(416,5,'2024-09-17 17:26:40',298,24),(417,9,'2024-09-17 17:26:40',214,36),(418,1,'2024-09-17 17:26:40',233,41),(419,5,'2024-09-17 17:26:40',178,55),(420,1,'2024-09-17 17:26:40',481,14),(421,6,'2024-09-17 17:26:40',199,2),(422,3,'2024-09-17 17:26:40',138,51),(423,7,'2024-09-17 17:26:40',686,30),(424,6,'2024-09-17 17:26:40',692,48),(425,10,'2024-09-17 17:26:40',589,10),(426,8,'2024-09-17 17:26:40',618,34),(427,3,'2024-09-17 17:26:40',385,2),(428,2,'2024-09-17 17:26:40',596,15),(429,5,'2024-09-17 17:26:40',185,9),(430,7,'2024-09-17 17:26:40',138,33),(431,2,'2024-09-17 17:26:40',497,70),(432,7,'2024-09-17 17:26:40',442,8),(433,1,'2024-09-17 17:26:40',531,65),(434,7,'2024-09-17 17:26:40',666,38),(435,1,'2024-09-17 17:26:40',507,40),(436,8,'2024-09-17 17:26:40',704,16),(437,3,'2024-09-17 17:26:40',218,41),(438,10,'2024-09-17 17:26:40',415,32),(439,8,'2024-09-17 17:26:40',690,37),(440,9,'2024-09-17 17:26:40',506,45),(441,6,'2024-09-17 17:26:40',124,73),(442,3,'2024-09-17 17:26:40',320,61),(443,6,'2024-09-17 17:26:40',283,5),(444,2,'2024-09-17 17:26:40',672,32),(445,9,'2024-09-17 17:26:40',353,31),(446,5,'2024-09-17 17:26:40',11,42),(447,5,'2024-09-17 17:26:40',23,17),(448,3,'2024-09-17 17:26:40',39,16),(449,10,'2024-09-17 17:26:40',8,62),(450,5,'2024-09-17 17:26:40',418,49),(451,7,'2024-09-17 17:26:40',375,24),(452,1,'2024-09-17 17:26:40',274,60),(453,2,'2024-09-17 17:26:40',357,10),(454,10,'2024-09-17 17:26:40',200,6),(455,3,'2024-09-17 17:26:40',12,46),(456,4,'2024-09-17 17:26:40',647,62),(457,5,'2024-09-17 17:26:40',281,71),(458,6,'2024-09-17 17:26:40',148,39),(459,10,'2024-09-17 17:26:40',388,74),(460,9,'2024-09-17 17:26:40',243,29),(461,9,'2024-09-17 17:26:40',266,28),(462,10,'2024-09-17 17:26:40',320,70),(463,3,'2024-09-17 17:26:40',57,70),(464,5,'2024-09-17 17:26:40',477,14),(465,9,'2024-09-17 17:26:40',7,2),(466,6,'2024-09-17 17:26:40',51,20),(467,9,'2024-09-17 17:26:40',594,25),(468,3,'2024-09-17 17:26:40',653,20),(469,8,'2024-09-17 17:26:40',74,59),(470,2,'2024-09-17 17:26:40',262,1),(471,5,'2024-09-17 17:26:40',316,38),(472,8,'2024-09-17 17:26:40',487,46),(473,4,'2024-09-17 17:26:40',340,33),(474,10,'2024-09-17 17:26:40',145,26),(475,1,'2024-09-17 17:26:40',543,65),(476,6,'2024-09-17 17:26:40',84,24),(477,9,'2024-09-17 17:26:40',580,40),(478,4,'2024-09-17 17:26:40',4,49),(479,3,'2024-09-17 17:26:40',563,4),(480,7,'2024-09-17 17:26:40',603,50),(481,3,'2024-09-17 17:26:40',224,57),(482,5,'2024-09-17 17:26:40',301,71),(483,5,'2024-09-17 17:26:40',229,49),(484,8,'2024-09-17 17:26:40',484,13),(485,5,'2024-09-17 17:26:40',222,33),(486,7,'2024-09-17 17:26:40',642,57),(487,8,'2024-09-17 17:26:40',407,66),(488,6,'2024-09-17 17:26:40',157,46),(489,9,'2024-09-17 17:26:40',625,11),(490,9,'2024-09-17 17:26:40',177,4),(491,10,'2024-09-17 17:26:40',521,4),(492,5,'2024-09-17 17:26:40',137,21),(493,5,'2024-09-17 17:26:40',283,69),(494,5,'2024-09-17 17:26:40',625,28),(495,1,'2024-09-17 17:26:40',192,58),(496,1,'2024-09-17 17:26:40',91,70),(497,9,'2024-09-17 17:26:40',689,13),(498,8,'2024-09-17 17:26:40',353,68),(499,7,'2024-09-17 17:26:40',316,17),(500,8,'2024-09-17 17:26:40',292,35),(501,4,'2024-09-17 17:26:40',290,41),(502,7,'2024-09-17 17:26:40',433,74),(503,7,'2024-09-17 17:26:40',762,23),(504,4,'2024-09-17 17:26:40',199,66),(505,2,'2024-09-17 17:26:40',105,75),(506,5,'2024-09-17 17:26:40',61,53),(507,4,'2024-09-17 17:26:40',587,20),(508,7,'2024-09-17 17:26:40',178,62),(509,2,'2024-09-17 17:26:40',334,42),(510,9,'2024-09-17 17:26:40',470,51),(511,3,'2024-09-17 17:26:40',422,75),(512,9,'2024-09-17 17:26:40',740,23),(513,10,'2024-09-17 17:26:40',223,40),(514,8,'2024-09-17 17:26:40',91,57),(515,5,'2024-09-17 17:26:40',50,46),(516,7,'2024-09-17 17:26:40',327,33),(517,9,'2024-09-17 17:26:40',98,10),(518,4,'2024-09-17 17:26:40',231,29),(519,5,'2024-09-17 17:26:40',259,65),(520,10,'2024-09-17 17:26:40',618,65),(521,9,'2024-09-17 17:26:40',615,27),(522,10,'2024-09-17 17:26:40',107,71),(523,7,'2024-09-17 17:26:40',353,14),(524,6,'2024-09-17 17:26:40',453,45),(525,9,'2024-09-17 17:26:40',364,35),(526,9,'2024-09-17 17:26:40',298,50),(527,4,'2024-09-17 17:26:40',403,43),(528,3,'2024-09-17 17:26:40',47,29),(529,6,'2024-09-17 17:26:40',472,77),(530,6,'2024-09-17 17:26:40',364,74),(531,7,'2024-09-17 17:26:40',442,15),(532,2,'2024-09-17 17:26:40',545,20),(533,1,'2024-09-17 17:26:40',240,50),(534,1,'2024-09-17 17:26:40',94,9),(535,8,'2024-09-17 17:26:40',235,35),(536,4,'2024-09-17 17:26:40',364,56),(537,8,'2024-09-17 17:26:40',722,76),(538,1,'2024-09-17 17:26:40',34,77),(539,8,'2024-09-17 17:26:40',630,23),(540,10,'2024-09-17 17:26:40',701,12),(541,9,'2024-09-17 17:26:40',575,36),(542,6,'2024-09-17 17:26:40',250,48),(543,10,'2024-09-17 17:26:40',100,54),(544,10,'2024-09-17 17:26:40',610,70),(545,9,'2024-09-17 17:26:40',750,13),(546,4,'2024-09-17 17:26:40',692,37),(547,7,'2024-09-17 17:26:40',417,33),(548,1,'2024-09-17 17:26:40',51,73),(549,7,'2024-09-17 17:26:40',693,51),(550,4,'2024-09-17 17:26:40',460,24),(551,4,'2024-09-17 17:26:40',186,35),(552,4,'2024-09-17 17:26:40',327,28),(553,5,'2024-09-17 17:26:40',576,51),(554,10,'2024-09-17 17:26:40',502,62),(555,10,'2024-09-17 17:26:40',235,14),(556,7,'2024-09-17 17:26:40',558,71),(557,9,'2024-09-17 17:26:40',110,40),(558,2,'2024-09-17 17:26:40',303,60),(559,9,'2024-09-17 17:26:40',666,16),(560,3,'2024-09-17 17:26:40',444,12),(561,9,'2024-09-17 17:26:40',663,62),(562,10,'2024-09-17 17:26:40',200,73),(563,10,'2024-09-17 17:26:40',498,48),(564,8,'2024-09-17 17:26:40',20,16),(565,6,'2024-09-17 17:26:40',271,10),(566,6,'2024-09-17 17:26:40',272,9),(567,4,'2024-09-17 17:26:40',482,56),(568,7,'2024-09-17 17:26:40',29,62),(569,5,'2024-09-17 17:26:40',118,47),(570,4,'2024-09-17 17:26:40',702,59),(571,1,'2024-09-17 17:26:40',91,27),(572,4,'2024-09-17 17:26:40',113,67),(573,6,'2024-09-17 17:26:40',153,68),(574,3,'2024-09-17 17:26:40',315,18),(575,10,'2024-09-17 17:26:40',563,69),(576,6,'2024-09-17 17:26:40',313,4),(577,7,'2024-09-17 17:26:40',529,8),(578,5,'2024-09-17 17:26:40',278,49),(579,6,'2024-09-17 17:26:40',436,50),(580,5,'2024-09-17 17:26:40',446,15),(581,3,'2024-09-17 17:26:40',135,16),(582,9,'2024-09-17 17:26:40',296,7),(583,2,'2024-09-17 17:26:40',410,55),(584,3,'2024-09-17 17:26:40',101,73),(585,2,'2024-09-17 17:26:40',669,13),(586,4,'2024-09-17 17:26:40',164,2),(587,8,'2024-09-17 17:26:40',216,11),(588,2,'2024-09-17 17:26:40',310,20),(589,7,'2024-09-17 17:26:40',613,18),(590,2,'2024-09-17 17:26:40',117,59),(591,10,'2024-09-17 17:26:40',122,71),(592,2,'2024-09-17 17:26:40',555,24),(593,8,'2024-09-17 17:26:40',409,58),(594,3,'2024-09-17 17:26:40',550,59),(595,2,'2024-09-17 17:26:40',314,77),(596,7,'2024-09-17 17:26:40',168,9),(597,4,'2024-09-17 17:26:40',3,47),(598,8,'2024-09-17 17:26:40',95,9),(599,3,'2024-09-17 17:26:40',587,17),(600,5,'2024-09-17 17:26:40',252,35),(601,6,'2024-09-17 17:26:40',375,32),(602,2,'2024-09-17 17:26:40',617,72),(603,9,'2024-09-17 17:26:40',295,10),(604,7,'2024-09-17 17:26:40',257,44),(605,6,'2024-09-17 17:26:40',675,74),(606,1,'2024-09-17 17:26:40',281,77),(607,10,'2024-09-17 17:26:40',749,23),(608,1,'2024-09-17 17:26:40',210,40),(609,9,'2024-09-17 17:26:40',737,20),(610,5,'2024-09-17 17:26:40',635,1),(611,6,'2024-09-17 17:26:40',144,10),(612,9,'2024-09-17 17:26:40',306,19),(613,10,'2024-09-17 17:26:40',340,34),(614,5,'2024-09-17 17:26:40',475,73),(615,7,'2024-09-17 17:26:40',192,17),(616,3,'2024-09-17 17:26:40',215,51),(617,3,'2024-09-17 17:26:40',30,3),(618,2,'2024-09-17 17:26:40',484,1),(619,4,'2024-09-17 17:26:40',678,30),(620,4,'2024-09-17 17:26:40',698,1),(621,4,'2024-09-17 17:26:40',275,23),(622,10,'2024-09-17 17:26:40',601,34),(623,4,'2024-09-17 17:26:40',176,28),(624,7,'2024-09-17 17:26:40',535,38),(625,2,'2024-09-17 17:26:40',364,53),(626,4,'2024-09-17 17:26:40',271,29),(627,9,'2024-09-17 17:26:40',377,10),(628,2,'2024-09-17 17:26:40',639,36),(629,7,'2024-09-17 17:26:40',594,33),(630,5,'2024-09-17 17:26:40',517,29),(631,4,'2024-09-17 17:26:40',608,18),(632,9,'2024-09-17 17:26:40',444,16),(633,7,'2024-09-17 17:26:40',425,48),(634,1,'2024-09-17 17:26:40',431,29),(635,10,'2024-09-17 17:26:40',445,28),(636,9,'2024-09-17 17:26:40',482,60),(637,5,'2024-09-17 17:26:40',154,54),(638,8,'2024-09-17 17:26:40',712,67),(639,5,'2024-09-17 17:26:40',504,60),(640,8,'2024-09-17 17:26:40',708,56),(641,9,'2024-09-17 17:26:40',318,29),(642,6,'2024-09-17 17:26:40',541,27),(643,9,'2024-09-17 17:26:40',685,9),(644,8,'2024-09-17 17:26:40',592,74),(645,6,'2024-09-17 17:26:40',265,66),(646,7,'2024-09-17 17:26:40',296,71),(647,4,'2024-09-17 17:26:40',519,19),(648,4,'2024-09-17 17:26:40',377,50),(649,9,'2024-09-17 17:26:40',477,4),(650,3,'2024-09-17 17:26:40',641,2),(651,9,'2024-09-17 17:26:40',75,70),(652,9,'2024-09-17 17:26:40',520,53),(653,1,'2024-09-17 17:26:40',365,23),(654,9,'2024-09-17 17:26:40',239,6),(655,3,'2024-09-17 17:26:40',395,54),(656,2,'2024-09-17 17:26:40',628,42),(657,5,'2024-09-17 17:26:40',228,25),(658,10,'2024-09-17 17:26:40',736,14),(659,5,'2024-09-17 17:26:40',457,12),(660,5,'2024-09-17 17:26:40',330,49),(661,1,'2024-09-17 17:26:40',345,53),(662,4,'2024-09-17 17:26:40',211,68),(663,6,'2024-09-17 17:26:40',458,32),(664,4,'2024-09-17 17:26:40',543,53),(665,6,'2024-09-17 17:26:40',749,8),(666,1,'2024-09-17 17:26:40',329,49),(667,2,'2024-09-17 17:26:40',383,69),(668,5,'2024-09-17 17:26:40',129,5),(669,4,'2024-09-17 17:26:40',213,13),(670,9,'2024-09-17 17:26:40',639,8),(671,8,'2024-09-17 17:26:40',278,32),(672,4,'2024-09-17 17:26:40',221,4),(673,5,'2024-09-17 17:26:40',603,38),(674,4,'2024-09-17 17:26:40',187,77),(675,7,'2024-09-17 17:26:40',575,54),(676,4,'2024-09-17 17:26:40',292,3),(677,9,'2024-09-17 17:26:40',642,20),(678,1,'2024-09-17 17:26:40',107,32),(679,3,'2024-09-17 17:26:40',181,15),(680,1,'2024-09-17 17:26:40',56,67),(681,6,'2024-09-17 17:26:40',17,60),(682,8,'2024-09-17 17:26:40',726,46),(683,8,'2024-09-17 17:26:40',515,38),(684,4,'2024-09-17 17:26:40',473,15),(685,5,'2024-09-17 17:26:40',205,61),(686,6,'2024-09-17 17:26:40',631,46),(687,3,'2024-09-17 17:26:40',155,38),(688,1,'2024-09-17 17:26:40',334,39),(689,4,'2024-09-17 17:26:40',510,63),(690,7,'2024-09-17 17:26:40',199,43),(691,4,'2024-09-17 17:26:40',750,2),(692,4,'2024-09-17 17:26:40',598,64),(693,3,'2024-09-17 17:26:40',84,23),(694,7,'2024-09-17 17:26:40',524,16),(695,3,'2024-09-17 17:26:40',60,76),(696,3,'2024-09-17 17:26:40',314,23),(697,9,'2024-09-17 17:26:40',149,28),(698,5,'2024-09-17 17:26:40',335,59),(699,1,'2024-09-17 17:26:40',720,75),(700,4,'2024-09-17 17:26:40',296,48),(701,6,'2024-09-17 17:26:40',126,5),(702,10,'2024-09-17 17:26:40',88,37),(703,7,'2024-09-17 17:26:40',385,64),(704,8,'2024-09-17 17:26:40',599,68),(705,10,'2024-09-17 17:26:40',219,47),(706,3,'2024-09-17 17:26:40',41,24),(707,5,'2024-09-17 17:26:40',264,9),(708,1,'2024-09-17 17:26:40',24,73),(709,9,'2024-09-17 17:26:40',47,3),(710,3,'2024-09-17 17:26:40',48,52),(711,3,'2024-09-17 17:26:40',552,43),(712,2,'2024-09-17 17:26:40',396,17),(713,3,'2024-09-17 17:26:40',647,61),(714,7,'2024-09-17 17:26:40',222,75),(715,9,'2024-09-17 17:26:40',61,54),(716,9,'2024-09-17 17:26:40',49,10),(717,9,'2024-09-17 17:26:40',572,7),(718,5,'2024-09-17 17:26:40',553,77),(719,3,'2024-09-17 17:26:40',45,10),(720,1,'2024-09-17 17:26:40',9,20),(721,5,'2024-09-17 17:26:40',460,35),(722,6,'2024-09-17 17:26:40',690,67),(723,9,'2024-09-17 17:26:40',698,3),(724,8,'2024-09-17 17:26:40',133,6),(725,5,'2024-09-17 17:26:40',466,64),(726,10,'2024-09-17 17:26:40',4,58),(727,1,'2024-09-17 17:26:40',107,19),(728,8,'2024-09-17 17:26:40',504,63),(729,1,'2024-09-17 17:26:40',655,10),(730,6,'2024-09-17 17:26:40',442,58),(731,7,'2024-09-17 17:26:40',241,69),(732,8,'2024-09-17 17:26:40',715,56),(733,5,'2024-09-17 17:26:40',518,15),(734,8,'2024-09-17 17:26:40',423,74),(735,6,'2024-09-17 17:26:40',15,2),(736,5,'2024-09-17 17:26:40',38,67),(737,1,'2024-09-17 17:26:40',35,49),(738,1,'2024-09-17 17:26:40',496,36),(739,9,'2024-09-17 17:26:40',526,27),(740,1,'2024-09-17 17:26:40',165,34),(741,8,'2024-09-17 17:26:40',352,28),(742,10,'2024-09-17 17:26:40',131,43),(743,10,'2024-09-17 17:26:40',505,71),(744,10,'2024-09-17 17:26:40',316,39),(745,4,'2024-09-17 17:26:40',111,16),(746,4,'2024-09-17 17:26:40',314,45),(747,10,'2024-09-17 17:26:40',207,25),(748,2,'2024-09-17 17:26:40',174,7),(749,3,'2024-09-17 17:26:40',143,45),(750,8,'2024-09-17 17:26:40',515,20),(751,8,'2024-09-17 17:26:40',401,35),(752,1,'2024-09-17 17:26:40',634,4),(753,6,'2024-09-17 17:26:40',20,5),(754,2,'2024-09-17 17:26:40',709,43),(755,9,'2024-09-17 17:26:40',169,20),(756,8,'2024-09-17 17:26:40',485,28),(757,2,'2024-09-17 17:26:40',502,73),(758,2,'2024-09-17 17:26:40',38,63),(759,1,'2024-09-17 17:26:40',286,36),(760,1,'2024-09-17 17:26:40',463,15),(761,10,'2024-09-17 17:26:40',464,48),(762,10,'2024-09-17 17:26:40',671,41),(763,10,'2024-09-17 17:26:40',225,7),(764,8,'2024-09-17 17:26:40',194,24),(765,3,'2024-09-17 17:26:40',548,35),(766,5,'2024-09-17 17:26:40',111,64),(767,8,'2024-09-17 17:26:40',134,39),(768,1,'2024-09-17 17:26:40',556,62),(769,3,'2024-09-17 17:26:40',244,41),(770,7,'2024-09-17 17:26:40',390,47),(771,3,'2024-09-17 17:26:40',406,60),(772,1,'2024-09-17 17:26:40',75,10),(773,8,'2024-09-17 17:26:40',325,44),(774,8,'2024-09-17 17:26:40',168,64),(775,4,'2024-09-17 17:26:40',487,16),(776,5,'2024-09-17 17:26:40',261,44),(777,8,'2024-09-17 17:26:40',293,42),(778,4,'2024-09-17 17:26:40',507,64),(779,1,'2024-09-17 17:26:40',324,24),(780,5,'2024-09-17 17:26:40',686,47),(781,6,'2024-09-17 17:26:40',160,43),(782,2,'2024-09-17 17:26:40',79,47),(783,6,'2024-09-17 17:26:40',137,8),(784,8,'2024-09-17 17:26:40',645,8),(785,8,'2024-09-17 17:26:40',349,35),(786,3,'2024-09-17 17:26:40',57,32),(787,4,'2024-09-17 17:26:40',595,47),(788,8,'2024-09-17 17:26:40',273,71),(789,8,'2024-09-17 17:26:40',312,28),(790,4,'2024-09-17 17:26:40',210,23),(791,3,'2024-09-17 17:26:40',730,57),(792,7,'2024-09-17 17:26:40',476,47),(793,2,'2024-09-17 17:26:40',611,38),(794,6,'2024-09-17 17:26:40',445,59),(795,4,'2024-09-17 17:26:40',376,1),(796,5,'2024-09-17 17:26:40',756,57),(797,8,'2024-09-17 17:26:40',24,72),(798,5,'2024-09-17 17:26:40',174,45),(799,8,'2024-09-17 17:26:40',649,2),(800,10,'2024-09-17 17:26:40',194,53),(801,1,'2024-09-17 17:26:40',645,57),(802,8,'2024-09-17 17:26:40',29,41),(803,4,'2024-09-17 17:26:40',7,26),(804,4,'2024-09-17 17:26:40',341,58),(805,7,'2024-09-17 17:26:40',136,24),(806,5,'2024-09-17 17:26:40',223,69),(807,10,'2024-09-17 17:26:40',267,41),(808,8,'2024-09-17 17:26:40',740,23),(809,5,'2024-09-17 17:26:40',536,41),(810,7,'2024-09-17 17:26:40',16,77),(811,1,'2024-09-17 17:26:40',363,25),(812,6,'2024-09-17 17:26:40',637,62),(813,9,'2024-09-17 17:26:40',492,41),(814,9,'2024-09-17 17:26:40',184,45),(815,6,'2024-09-17 17:26:40',271,32),(816,3,'2024-09-17 17:26:40',685,60),(817,1,'2024-09-17 17:26:40',593,57),(818,6,'2024-09-17 17:26:40',92,63),(819,7,'2024-09-17 17:26:40',206,57),(820,6,'2024-09-17 17:26:40',96,72),(821,5,'2024-09-17 17:26:40',375,35),(822,3,'2024-09-17 17:26:40',336,42),(823,4,'2024-09-17 17:26:40',607,13),(824,5,'2024-09-17 17:26:40',281,35),(825,9,'2024-09-17 17:26:40',246,4),(826,7,'2024-09-17 17:26:40',495,73),(827,3,'2024-09-17 17:26:40',521,43),(828,8,'2024-09-17 17:26:40',464,27),(829,3,'2024-09-17 17:26:40',152,27),(830,1,'2024-09-17 17:26:40',16,70),(831,7,'2024-09-17 17:26:40',617,74),(832,2,'2024-09-17 17:26:40',400,41),(833,1,'2024-09-17 17:26:40',215,18),(834,7,'2024-09-17 17:26:40',394,7),(835,6,'2024-09-17 17:26:40',524,40),(836,9,'2024-09-17 17:26:40',70,2),(837,4,'2024-09-17 17:26:40',81,37),(838,5,'2024-09-17 17:26:40',249,62),(839,5,'2024-09-17 17:26:40',212,35),(840,7,'2024-09-17 17:26:40',655,38),(841,7,'2024-09-17 17:26:40',220,27),(842,1,'2024-09-17 17:26:40',42,37),(843,5,'2024-09-17 17:26:40',660,1),(844,2,'2024-09-17 17:26:40',61,6),(845,5,'2024-09-17 17:26:40',165,45),(846,5,'2024-09-17 17:26:40',21,28),(847,4,'2024-09-17 17:26:40',640,46),(848,1,'2024-09-17 17:26:40',372,23),(849,5,'2024-09-17 17:26:40',508,38),(850,9,'2024-09-17 17:26:40',453,37),(851,3,'2024-09-17 17:26:40',586,69),(852,9,'2024-09-17 17:26:40',721,3),(853,7,'2024-09-17 17:26:40',231,55),(854,5,'2024-09-17 17:26:40',17,70),(855,3,'2024-09-17 17:26:40',610,38),(856,6,'2024-09-17 17:26:40',478,36),(857,1,'2024-09-17 17:26:40',201,11),(858,7,'2024-09-17 17:26:40',140,44),(859,5,'2024-09-17 17:26:40',166,57),(860,6,'2024-09-17 17:26:40',116,3),(861,10,'2024-09-17 17:26:40',344,55),(862,5,'2024-09-17 17:26:40',492,7),(863,7,'2024-09-17 17:26:40',429,65),(864,3,'2024-09-17 17:26:40',440,54),(865,5,'2024-09-17 17:26:40',399,74),(866,6,'2024-09-17 17:26:40',101,64),(867,10,'2024-09-17 17:26:40',267,52),(868,6,'2024-09-17 17:26:40',759,2),(869,9,'2024-09-17 17:26:40',180,37),(870,6,'2024-09-17 17:26:40',77,41),(871,9,'2024-09-17 17:26:40',656,59),(872,8,'2024-09-17 17:26:40',634,16),(873,10,'2024-09-17 17:26:40',714,11),(874,8,'2024-09-17 17:26:40',649,20),(875,9,'2024-09-17 17:26:40',530,68),(876,5,'2024-09-17 17:26:40',437,48),(877,5,'2024-09-17 17:26:40',627,65),(878,3,'2024-09-17 17:26:40',481,73),(879,10,'2024-09-17 17:26:40',134,38),(880,7,'2024-09-17 17:26:40',31,5),(881,10,'2024-09-17 17:26:40',257,2),(882,3,'2024-09-17 17:26:40',150,8),(883,3,'2024-09-17 17:26:40',551,45),(884,2,'2024-09-17 17:26:40',667,31),(885,3,'2024-09-17 17:26:40',141,12),(886,6,'2024-09-17 17:26:40',241,71),(887,8,'2024-09-17 17:26:40',395,73),(888,2,'2024-09-17 17:26:40',436,37),(889,5,'2024-09-17 17:26:40',693,8),(890,7,'2024-09-17 17:26:40',86,67),(891,5,'2024-09-17 17:26:40',169,3),(892,6,'2024-09-17 17:26:40',751,40),(893,4,'2024-09-17 17:26:40',731,48),(894,10,'2024-09-17 17:26:40',157,61),(895,5,'2024-09-17 17:26:40',136,53),(896,5,'2024-09-17 17:26:40',760,7),(897,6,'2024-09-17 17:26:40',502,55),(898,8,'2024-09-17 17:26:40',235,50),(899,4,'2024-09-17 17:26:40',55,31),(900,10,'2024-09-17 17:26:40',165,16),(901,7,'2024-09-17 17:26:40',39,16),(902,2,'2024-09-17 17:26:40',346,65),(903,8,'2024-09-17 17:26:40',465,40),(904,7,'2024-09-17 17:26:40',615,11),(905,5,'2024-09-17 17:26:40',124,17),(906,9,'2024-09-17 17:26:40',206,68),(907,8,'2024-09-17 17:26:40',320,39),(908,3,'2024-09-17 17:26:40',601,47),(909,10,'2024-09-17 17:26:40',487,74),(910,2,'2024-09-17 17:26:40',374,49),(911,7,'2024-09-17 17:26:40',762,72),(912,4,'2024-09-17 17:26:40',487,1),(913,1,'2024-09-17 17:26:40',445,10),(914,5,'2024-09-17 17:26:40',718,44),(915,2,'2024-09-17 17:26:40',34,67),(916,8,'2024-09-17 17:26:40',678,25),(917,5,'2024-09-17 17:26:40',557,18),(918,7,'2024-09-17 17:26:40',739,60),(919,4,'2024-09-17 17:26:40',410,29),(920,1,'2024-09-17 17:26:40',374,56),(921,3,'2024-09-17 17:26:40',500,5),(922,2,'2024-09-17 17:26:40',685,31),(923,8,'2024-09-17 17:26:40',157,42),(924,3,'2024-09-17 17:26:40',189,42),(925,8,'2024-09-17 17:26:40',708,14),(926,4,'2024-09-17 17:26:40',325,76),(927,1,'2024-09-17 17:26:40',412,54),(928,3,'2024-09-17 17:26:40',502,32),(929,10,'2024-09-17 17:26:40',485,47),(930,4,'2024-09-17 17:26:40',395,14),(931,4,'2024-09-17 17:26:40',531,30),(932,1,'2024-09-17 17:26:41',616,10),(933,9,'2024-09-17 17:26:41',188,4),(934,3,'2024-09-17 17:26:41',389,76),(935,2,'2024-09-17 17:26:41',112,63),(936,1,'2024-09-17 17:26:41',439,61),(937,7,'2024-09-17 17:26:41',99,62),(938,5,'2024-09-17 17:26:41',171,28),(939,3,'2024-09-17 17:26:41',437,34),(940,5,'2024-09-17 17:26:41',50,55),(941,8,'2024-09-17 17:26:41',502,55),(942,4,'2024-09-17 17:26:41',45,32),(943,5,'2024-09-17 17:26:41',308,7),(944,6,'2024-09-17 17:26:41',361,29),(945,5,'2024-09-17 17:26:41',358,1),(946,8,'2024-09-17 17:26:41',440,3),(947,1,'2024-09-17 17:26:41',244,49),(948,6,'2024-09-17 17:26:41',205,77),(949,6,'2024-09-17 17:26:41',712,8),(950,1,'2024-09-17 17:26:41',566,10),(951,10,'2024-09-17 17:26:41',385,22),(952,5,'2024-09-17 17:26:41',389,40),(953,8,'2024-09-17 17:26:41',600,37),(954,8,'2024-09-17 17:26:41',663,42),(955,9,'2024-09-17 17:26:41',526,37),(956,7,'2024-09-17 17:26:41',499,18),(957,6,'2024-09-17 17:26:41',550,30),(958,1,'2024-09-17 17:26:41',282,11),(959,5,'2024-09-17 17:26:41',2,38),(960,1,'2024-09-17 17:26:41',763,7),(961,2,'2024-09-17 17:26:41',285,36),(962,2,'2024-09-17 17:26:41',85,73),(963,1,'2024-09-17 17:26:41',453,66),(964,7,'2024-09-17 17:26:41',103,64),(965,6,'2024-09-17 17:26:41',572,6),(966,5,'2024-09-17 17:26:41',337,26),(967,3,'2024-09-17 17:26:41',43,3),(968,9,'2024-09-17 17:26:41',564,15),(969,7,'2024-09-17 17:26:41',360,21),(970,5,'2024-09-17 17:26:41',559,44),(971,9,'2024-09-17 17:26:41',750,51),(972,3,'2024-09-17 17:26:41',433,54),(973,1,'2024-09-17 17:26:41',171,58),(974,3,'2024-09-17 17:26:41',119,36),(975,6,'2024-09-17 17:26:41',151,3),(976,8,'2024-09-17 17:26:41',29,39),(977,10,'2024-09-17 17:26:41',141,47),(978,4,'2024-09-17 17:26:41',53,8),(979,8,'2024-09-17 17:26:41',186,55),(980,6,'2024-09-17 17:26:41',151,64),(981,5,'2024-09-17 17:26:41',415,52),(982,3,'2024-09-17 17:26:41',521,67),(983,4,'2024-09-17 17:26:41',692,6),(984,8,'2024-09-17 17:26:41',360,1),(985,6,'2024-09-17 17:26:41',486,34),(986,1,'2024-09-17 17:26:41',584,68),(987,5,'2024-09-17 17:26:41',280,56),(988,8,'2024-09-17 17:26:41',91,33),(989,10,'2024-09-17 17:26:41',573,3),(990,8,'2024-09-17 17:26:41',350,6),(991,4,'2024-09-17 17:26:41',597,24),(992,2,'2024-09-17 17:26:41',753,41),(993,2,'2024-09-17 17:26:41',760,19),(994,9,'2024-09-17 17:26:41',601,55),(995,10,'2024-09-17 17:26:41',386,32),(996,6,'2024-09-17 17:26:41',451,35),(997,9,'2024-09-17 17:26:41',166,44),(998,9,'2024-09-17 17:26:41',212,75),(999,3,'2024-09-17 17:26:41',542,16),(1000,6,'2024-09-17 17:26:41',252,34);
/*!40000 ALTER TABLE `produtos_compras` ENABLE KEYS */;
UNLOCK TABLES;

--
-- Table structure for table `receita_medica`
--

DROP TABLE IF EXISTS `receita_medica`;
/*!40101 SET @saved_cs_client     = @@character_set_client */;
/*!50503 SET character_set_client = utf8mb4 */;
CREATE TABLE `receita_medica` (
  `id` int NOT NULL AUTO_INCREMENT,
  `receita` varchar(100) NOT NULL,
  `data_criacao` datetime NOT NULL DEFAULT CURRENT_TIMESTAMP,
  `medicos_id` int NOT NULL,
  `compras_id` int NOT NULL,
  PRIMARY KEY (`id`),
  KEY `fk_receita_medica_medicos1_idx` (`medicos_id`),
  KEY `fk_receita_medica_compras1_idx` (`compras_id`),
  CONSTRAINT `fk_receita_medica_compras1` FOREIGN KEY (`compras_id`) REFERENCES `compras` (`id`),
  CONSTRAINT `fk_receita_medica_medicos1` FOREIGN KEY (`medicos_id`) REFERENCES `medicos` (`id`)
) ENGINE=InnoDB AUTO_INCREMENT=102 DEFAULT CHARSET=utf8mb3;
/*!40101 SET character_set_client = @saved_cs_client */;

--
-- Dumping data for table `receita_medica`
--

LOCK TABLES `receita_medica` WRITE;
/*!40000 ALTER TABLE `receita_medica` DISABLE KEYS */;
/*!40000 ALTER TABLE `receita_medica` ENABLE KEYS */;
UNLOCK TABLES;

--
-- Table structure for table `tipos_produtos`
--

DROP TABLE IF EXISTS `tipos_produtos`;
/*!40101 SET @saved_cs_client     = @@character_set_client */;
/*!50503 SET character_set_client = utf8mb4 */;
CREATE TABLE `tipos_produtos` (
  `id` int NOT NULL AUTO_INCREMENT,
  `nome` varchar(45) NOT NULL,
  `data_criacao` datetime NOT NULL DEFAULT CURRENT_TIMESTAMP,
  PRIMARY KEY (`id`)
) ENGINE=InnoDB AUTO_INCREMENT=32 DEFAULT CHARSET=utf8mb3;
/*!40101 SET character_set_client = @saved_cs_client */;

--
-- Dumping data for table `tipos_produtos`
--

LOCK TABLES `tipos_produtos` WRITE;
/*!40000 ALTER TABLE `tipos_produtos` DISABLE KEYS */;
INSERT INTO `tipos_produtos` VALUES (1,'Medicamento','2024-09-17 17:26:39'),(2,'Cosmtico','2024-09-17 17:26:39'),(3,'Suplemento Vitamnico','2024-09-17 17:26:39'),(4,'Higiene Pessoal','2024-09-17 17:26:39'),(5,'Produtos Naturais','2024-09-17 17:26:39'),(6,'Equipamento Hospitalar','2024-09-17 17:26:39'),(7,'Antissptico','2024-09-17 17:26:39'),(8,'Analgsico','2024-09-17 17:26:39'),(9,'Anti-inflamatrio','2024-09-17 17:26:39'),(10,'Antibitico','2024-09-17 17:26:39'),(11,'Antipirtico','2024-09-17 17:26:39'),(12,'Desinfetante','2024-09-17 17:26:39'),(13,'Aditivo Farmacutico','2024-09-17 17:26:39'),(14,'Creme Dermatolgico','2024-09-17 17:26:39'),(15,'Pomada','2024-09-17 17:26:39'),(16,'Loo','2024-09-17 17:26:39'),(17,'Vitaminas','2024-09-17 17:26:39'),(18,'Minerais','2024-09-17 17:26:39'),(19,'Produtos para Cuidados com os Cabelos','2024-09-17 17:26:39'),(20,'Produtos para Cuidados com a Pele','2024-09-17 17:26:39'),(21,'Protetor Solar','2024-09-17 17:26:39'),(22,'Antissptico Bucal','2024-09-17 17:26:39'),(23,'Clareador Dental','2024-09-17 17:26:39'),(24,'Hidratante','2024-09-17 17:26:39'),(25,'Emulso','2024-09-17 17:26:39'),(26,'Xarope','2024-09-17 17:26:39'),(27,'Gel','2024-09-17 17:26:39'),(28,'Lentes de Contato','2024-09-17 17:26:39'),(29,'Curativos','2024-09-17 17:26:39'),(30,'Equipamentos de Monitoramento','2024-09-17 17:26:39'),(31,'Produtos de Primeiros Socorros','2024-09-17 17:26:39');
/*!40000 ALTER TABLE `tipos_produtos` ENABLE KEYS */;
UNLOCK TABLES;
/*!40103 SET TIME_ZONE=@OLD_TIME_ZONE */;

/*!40101 SET SQL_MODE=@OLD_SQL_MODE */;
/*!40014 SET FOREIGN_KEY_CHECKS=@OLD_FOREIGN_KEY_CHECKS */;
/*!40014 SET UNIQUE_CHECKS=@OLD_UNIQUE_CHECKS */;
/*!40101 SET CHARACTER_SET_CLIENT=@OLD_CHARACTER_SET_CLIENT */;
/*!40101 SET CHARACTER_SET_RESULTS=@OLD_CHARACTER_SET_RESULTS */;
/*!40101 SET COLLATION_CONNECTION=@OLD_COLLATION_CONNECTION */;
/*!40111 SET SQL_NOTES=@OLD_SQL_NOTES */;

-- Dump completed on 2024-09-17 17:40:57
